curpencargado,telefono
ZXHN802581GPWCUO47,1256677278
EUDT946887PVIAJX60,1372145846
RGSP543984VDATIS69,6239651953
DGHX757957HBJOOU02,4999463214
KUAS824540CQMZDS56,1824569273
EUTZ659040BZRQUA18,8369888605
LDPH691847YHTMTO83,8712839993
QRYB205359MJKBQR11,3154044444
RUZD165383YJEYZG09,1719620140
DJJU800349RBJHIU70,0532299387
GIVH472668XFWTVJ53,6304399900
QWTZ346485PDDCXE35,2070363946
OVZI303536PGNRPF36,6795321767
DLSV402078LYFPOJ26,4739140333
PKWC560367KFZBWV16,5157138401
WNKB226745COPHLY85,6844898604
THFU698056OXTXAL92,1488153394
EFNP277075ELTUVH79,4847802319
SNUK565169RXMBWI76,7623242904
WVER712534FQMPJY66,9846327504
YQTG399673QVREMZ14,5117368797
KKMS459347XBZTBO80,2312485831
YYLN314412YNHIDR68,7047102638
AJQV742704NAUHLE99,3449991912
CCYA387770PUTVEE93,4078061636
KYYM066420FIKBAX46,2481643057
PYRE173349BSOFPF42,8972224420
QKKZ105270DCRBCX47,2585733382
EIVF064233LZPTPV31,5821604033
HFME777840LNCTSM11,3007324936
KKUI551618RRIYEJ52,3375080210
ENWH828981ZMHZRP83,9425244980
GSQH324934YVCBSJ78,5217864611
QHKE412479TTSXXO61,9105155734
MSRC748108EDQAOS24,6150508950
THFU698056OXTXAL92,5519981360
LBUS613736OWQHCG34,4623485605
ISED010702DNADUR97,1482937541
TDSF196974LTCSKQ48,0888159572
KUAS824540CQMZDS56,5140564465
IFQG054989OYZPFB83,0009628944
IYOO020673MTGYDX84,5548421228
NBSQ630676BHOTPF02,8767534370
HUBC390234GKOBXI85,8295720952
FVUB764651FURFGD03,0100981349
FQCJ122373FJRKDJ64,7296396666
AMNB391104XVMVRW26,4958277202
AVLQ079467GNVRYD03,2234943952
CEKR497495AWJDRT17,7146089573
GKNZ652308FQPLZH81,5350944978
WVIB735990JTAMBH72,6199176886
KIXG848669BFGREU22,2216324665
HMKS207814OAACUD57,1658128322
WTQR279807CKPFKH01,5005629685
QBDM033626VLPPER06,0052632279
DUOG516570ILGULI75,7433097042
FQCJ122373FJRKDJ64,5511675966
HQAA987303BVXRHD97,9333371113
EPEN969818FNTLII70,1905147746
VKSL830620SLCQPA30,9113040759
DILQ907825SSLGHU42,3665020790
MWLZ018207YKRRXH17,7761177376
HQCK308659EDQCWJ49,5288996572
NNVU470773CLBHJX28,9585662496
BZAP403210NREJDF73,8538509229
IJPS481353XZTSOE12,1788845612
XNHT686005GVLGMK92,3140128825
BTEL325589NVBOQK27,2860792912
COQT421156TKOXEL75,1621958313
ONSW632848ZOXTOZ18,7744323045
EZIT489387VQOLCO55,9253056746
GUWW596960SXUGPK87,0683148571
JLDS139239QGCJBV98,3928844708
TSBA386299JVZMEP37,0896690493
UIWI252397LCQTHY56,4466313534
QOPO447366WPTKWP88,8584106099
FUAZ823200TUGIWG24,4874351891
XGYX436609YNBTQR18,0510842678
SLYY008361RETOOI04,9148875575
YHYT559036YHLCBE35,8065657857
EQTF156383RSCGOF05,8965559392
IMRU266263AHPYYP35,4677269242
VGTV669177XROSCA49,9150017148
IDKT476339XEQNXK23,0818846032
FKCO343780FFLDKA76,8008541850
TISM464062SLCNPH33,6000260603
TNBC559741RATMQY72,9831938999
WQRU659502TWTZCA72,7418900481
TECV979106LBWYDG83,4539915137
ZVMP332873XIQLUH07,5545068657
CPCZ443365CTDUOB79,8686439691
JUYW852562DQVFWR23,9622007324
ALKJ527689KPUWPE87,8670752446
CDAU093092FFLNLO65,3651331139
XHTI401376KZGZIK16,8970382050
DELE298022PVBBDZ16,7158787896
STBA000512HVNJGA20,1008450809
LZBG947480AKJREX24,0559488565
RZRN634828BREQGC82,7418633631
BMYF018554YYFWLF02,7179448246
TBWB996041PBVSEB71,7457330493
MSRC748108EDQAOS24,2738054491
ZDAY593488RDXIDN56,4605712346
FCNV177024LUPBWP92,9933610610
MFIJ971157YDOUHN33,3876564703
LILJ359951FWNQLH68,2122853095
VIRM014879ISMHXR97,9262287665
QKEI478813XODVJU45,0884400697
BSYO775886LOJMZQ83,3165147280
VWUA023332KOLWSY18,7935462880
UIWI252397LCQTHY56,5717898928
DIAW330842EQAKJL19,8888427336
CWCT250140BUHXDW32,0641767435
KPJD428590OEXGFJ42,0500508655
TRFX978459REHJIQ58,0067490902
EDFT912770MEZDKS39,2353236957
CZJN033912TZEBPN19,5210466913
VUCA648399KPKWZO68,8061751112
VKHM446936FIULTX89,3403994003
VGJC095350MXTMLV64,8930962606
WHZN876157XSHRZY06,4437147354
ULME018963OJYATN49,4057968472
XBZR581486UGFFTS48,1047414163
QGRD914783AIWWZY09,4656247823
AOSC937605NDHVAQ59,2653510274
BHKN442027MBDPYX64,4222171419
JIGU849776NMAZZB46,7603973490
UBLD748635KVOSNZ18,5570202483
UKJD162903BZMJHG07,6338575102
KOER075040LCCMLX91,3591729081
PKWF001334KWAYVB69,6784072495
XFDH581455ROPBEF38,1121683549
OHSC244866UYHXJV99,1111512586
FVUB764651FURFGD03,0031146170
EYTK392373BZUFSC22,7468274814
QJEP890118ZNRUTC94,5738572051
KESO851650ZMLYSK44,4487512681
IYEJ355650EDNZWR45,2584389942
VWQM254637LOSAWD68,7862059049
VVPH300093JQEZBK18,3249878205
BUOS602585IHNUUB04,2882392889
JCDV585901EGXTIM72,6563602668
OJGQ441042LPMEEJ74,0879619278
NCBQ117509BJULLO45,1729356267
RIFO741859RYLPLY15,8608816125
ZNIP891104KINVFA08,8379918673
WHFI521434QKHHQL32,5815357707
ALKJ527689KPUWPE87,7169674255
GOOM965590BCEGWU83,6486595886
VSDU461917OSTRXX41,8290456168
OVHQ844153ROKQYC64,3908825022
KRVV325566DOBDZE93,1971375225
ZALY804687HKQPQG31,2375123160
EIHJ176167HNCKMU33,1245408669
RYDT164258OOJZTN62,4606962662
RQWH454940ZRYPWX72,8149659760
HFME777840LNCTSM11,4047954662
OMTE998570VPDQNN43,0551376728
ALOB609661HKEROZ24,0016868239
BZCY706442WJNVPD55,5633426091
ZJTM753317BAZINA13,5721229264
OOUQ335666CNYNAN11,3136785036
UKCM811431HLHKYP83,2891979084
VGIB021479YJJFAA92,3880449986
TJOM813122TSSCVK14,2469470848
OJEP222422MTUEFO92,8997649629
AIQF179886YIRQSM22,3905703222
WVIB735990JTAMBH72,6489616321
MQXG396205FLSDUJ42,0510748763
CFAK957739ILTTLK29,7464644810
AMNB391104XVMVRW26,3859141088
OVHQ844153ROKQYC64,7588258384
FLBI313363DRORLB29,5941320150
YMJI126897JECEAU63,5556981658
NQCO204916EEHWWN88,9056705255
QHNI776126LVJENE01,0319928102
VXOU892048OAVPXI41,9700000919
QHKE412479TTSXXO61,1988501465
QIIP036422NJAVIC05,4872955589
CSYM303115BIEBLE58,4128921184
VAKQ767474EUDRAP27,3672135052
IUVK859252NYGLNA38,1109549560
DTEK610254THEJAD92,8435053240
CPFS171323CZOMGE71,6737879288
WGUW817188CENJVT71,5243121458
PISF589818ALEYKY96,1319918230
TSBA386299JVZMEP37,6957559484
AASV450655ENZWLZ54,1933834226
BEDR929584XBNDRL89,3877228189
CEKR497495AWJDRT17,1676737393
YOWI168091UYKYXY74,4765298616
GAGD569296FLRLPO40,7481296304
WIMR545741IIXNDO48,1427718651
XPXV257560GNHTNK20,2374566733
PIXF628121RFVEMU17,1037086983
WGPI538460XKZEVP42,2796637991
WDTE695425AJRTTV89,6032444690
KTWJ068696ZRSMQV72,2517777488
ICAO973414DEDQES48,7784344134
TFTA746622IQZAYX41,8762546182
PPUZ842268VMFKXD73,0558476297
CRKV518316VSEIWJ09,3930070118
ENXK158392HLNRZS73,7768034469
ERFS560693JAKJCY72,4955311220
UTJR584500HSNNED19,0796559060
HHEA108148HJRTOV01,3076333718
PCLX187997WOVJEY49,3787656215
SYYX827376QBZDWK36,7327978844
KRXD347498LUZDGB56,4826099377
ADQG717460TZDAKP48,1262278887
LVBF060993RZVWKE06,4706382995
KFPW407972OPTUGB30,8533078459
XXPN263841WTPDAD75,9356971064
GOOM965590BCEGWU83,2514273139
VYIW240310VBHWVR95,5351006236
FAZU272695ODVNSQ94,7232964332
IEPX024038WGBUMX60,6897840976
RUPO920423CVYLDW61,7713304213
HAXE238093SOKCYD71,6053836473
DLXS157620AWVDWA44,3983626037
TAXJ256013XCQQRO47,1808094435
HKWJ070198CNNHKL61,6199627038
OFST179437EBNFWM45,8759286656
YIXB270340OWOKMK00,6057201586
VDPR294377RRJHGW73,0343776134
BDHE106557ZBCYJD69,4114604701
RQHE550883VJXLFR51,4447315105
ICAO973414DEDQES48,7130790631
KESO851650ZMLYSK44,7312450625
CONL953519NUEGEB12,8488581651
HSJW506011DFKZPV28,0655132066
SVAX274334ZKGQQQ86,0486443851
CTCH293877YKIZWQ50,7946390532
TLIK549397CDNREO23,4410678488
HMYM714368YAOORH48,0888273160
GURI407272WBREOG39,3314395529
UMKA156609XNJVKF49,5217905157
QNYG642219DPLZFW57,9709320391
JUYW852562DQVFWR23,0743040302
ZKIG822293PETIPR67,4790695583
FBQN862556JKLKWL66,2736303414
XZEV918788CCARQA06,8876682744
CCPE401429UUYTVP41,6228438965
MSRC748108EDQAOS24,4645231801
GEEE918280HTAQFM60,0589007859
IWVF575907VBSNPN78,9257260220
CEZW644058JQZSIV11,6879235001
VXOU892048OAVPXI41,2210320502
HPPT074368ZSVLMW57,2706151188
WFDC642102JHDBZD87,5057768368
AICN759872XKWDOU55,0023981813
GUWW596960SXUGPK87,0745503785
BMYF018554YYFWLF02,0886192409
CPYY788345GRZUJM19,1277097892
QAAE887724TGZHHA20,6171756195
OCUH799788TTDDVF31,4204718437
YBPN040796YCILMG54,1337542453
TRFX978459REHJIQ58,1868359318
HAXE238093SOKCYD71,6187823706
CLYR806728LIFJXK33,5346292658
CWCT250140BUHXDW32,5379128949
ENXK158392HLNRZS73,4386552748
XXYK375705WKFEFO57,5029941872
NINK470419WIVPDF74,6855127599
EFNP277075ELTUVH79,2181728534
PEWP432532YUNEAL94,8299257366
TXCR193911QCSSWP88,2881216521
TFTA746622IQZAYX41,7425632874
TZTK575141FWTIHM59,0378962971
VYFJ772203GBRFEC94,7333445547
ZALM711896QLSGKT87,6503429650
GIVH472668XFWTVJ53,1546090641
FZET480296LZBBDP77,1855079557
VSDU461917OSTRXX41,8142174799
OVZI303536PGNRPF36,6540577873
MWQI873323UVASSN85,9056005092
HFRZ317173HRNBRG16,8465686887
EWWX965591XZDIMD81,5547883237
MJNK198174MUOOFY72,3616365738
VKSL830620SLCQPA30,5270932102
SWGE311550KUOPYF82,5845239440
VLVH922772QTYZYG68,3091255357
XGDJ547596YKPCVN21,4910941401
RUZD165383YJEYZG09,8593511923
WVFW271005KOVVKT36,5314763186
INHD474385QAMKBZ52,1020881100
YCVO208947KEHBYN93,8299907915
ECMA013087JLBWQM49,7359272344
WUEU231697TVSSAZ18,2951120673
VVPH300093JQEZBK18,1273441266
LANV107985XUSWUN28,3914103810
KUQN504726AYRFCB98,3209926563
QGNM630359JVSDUP00,2706871394
OTNQ555950MLYWXB46,0982975174
QOPO447366WPTKWP88,0261106034
ZLXA910380KUABJI28,4949754680
DTEK610254THEJAD92,6667966429
WTQR279807CKPFKH01,9116398809
IYPK104614KWLHIV92,8782419921
KHBD108006VHWWRV16,8591552927
CWDD704118ZMLSHK17,3259961465
CTDT420986XDMAFE64,7494138185
EDSP040628FLHKXZ89,3920329840
FEES341699NPHMHB33,3106856449
BSYO775886LOJMZQ83,6751953015
COQT421156TKOXEL75,1533375298
EZIT489387VQOLCO55,2166047810
ORXC069216ONWUEZ87,0822910172
GRMD742464AHFFWD50,2042479714
XXLK683758OJEHAZ58,2524640427
TTDV976694UUXRLL22,3284603397
UPXN613590MWQFTL94,8177491971
SZTK393564MDTIEI96,3540287784
WCRU708448ASPQOW07,6611313612
LBUS613736OWQHCG34,6577433922
SBBI623408WKUVXM20,2775196949
LGKK515939UAEUZM82,9436419702
OFRQ914529IMSPSF21,6164747325
EUTZ659040BZRQUA18,0530851124
IUMS360384QYTDVG20,5580706136
WPGW974885FVOOJH15,3853217745
JUAL262375SAWPXL75,6201613568
FCNV177024LUPBWP92,5625743317
IITO347921BLVLEB32,6618394454
BSYO775886LOJMZQ83,4122095585
XSLE540391FLVIYM93,1832827158
KPJD428590OEXGFJ42,1684184924
XFDT367163GREVZB83,7047009419
IYPK104614KWLHIV92,2334939618
WUMC926096DQRVJU12,9179549119
IUVK859252NYGLNA38,8611491085
NNZT394315LLOAMA01,2076903055
MYUV747572ITEPEZ44,3210796852
NMHQ597587FELGJG73,4731789572
TASJ348389BCBMOG55,0316811646
ASXP627796WBQHXF70,9026542297
ZLHQ696098BFGAQV96,8768026817
CMIY978158IUJFEM33,4773241653
BMYF018554YYFWLF02,6513610558
NNYP461706GPTQDE60,2666145984
PGWA603871AOIUDY55,4069112872
JXZJ103346EQWBYM08,2319522945
UXOW696205ODYSFW10,5555412464
QFPR216792VIGVEW73,7281127077
TFTA746622IQZAYX41,9411278601
TBIX628628LCUNAY64,8436305363
FDEL409041GGTBPF63,3368900426
SHTM033553KQHRUR24,3288373375
MZJX778962BMAYMU79,2097092281
YOQX628718SNWSDE68,9466844294
BHKL587967EUFBKT47,6066961998
CKMH817390CQAREA15,3535781504
OTNQ555950MLYWXB46,2831658898
JTSA646201PNJUJC06,8266589907
XZXL988390YSSTJB44,1002271969
ZPSQ313834XZDYUU94,1430969814
RXLX501466FRPHFQ71,0428332683
OJGQ441042LPMEEJ74,7706625276
ICAO973414DEDQES48,9997413067
HKWJ070198CNNHKL61,4097017800
GALP567628BQXHUF66,2117018945
FCNV177024LUPBWP92,1943771365
DGHX757957HBJOOU02,2099539107
LMRN358602RNCFGO30,4033389056
NYHB569776LEGKTL54,6955631279
OSWP380840EZGLBR25,9521869488
ECMA013087JLBWQM49,8993012329
EFCT475597AYRTXS14,8394353321
SSBF051457HPVVPZ17,5853376622
MVOB572264KXVRVG15,8617630282
KRVV325566DOBDZE93,3131041482
ZTKS793771OROMUR05,5226613596
RVEC712055VJXURK04,7576545542
QPUG906372SQZRHV23,6826116483
DTEK610254THEJAD92,4527320767
DGAL396380NRVOTW38,9167516538
NPJM082632CUKONI04,9873541640
KMRX228267DDSYMR54,9335933281
NQJW601278PSLRCJ41,2994089862
UPTJ872171RNFXTZ00,7189385774
LSLV874269ZJIJIA74,9487311209
EYTK392373BZUFSC22,6049190047
TXDV723831ZJBLIJ79,8933325637
KRDG207668TBMSLK78,1581254220
NNYP461706GPTQDE60,5309133832
RQDH511969GBSUWY03,1986406091
XAFG374687AXSTPB65,3121385475
HONX388607HSNDPA36,9763451024
CLLE309258LPSKTK67,7067634779
TIDN704049FFMGAT43,3188639802
BVIB907721WTLSNI29,9468019767
NXAH735416OKKRID76,0247137117
JUYW852562DQVFWR23,9203840379
PDCJ473198ECZOJE31,1808202330
NVQB104804TXPEKO47,3276252644
VGFF690766SMBQRQ40,2832972126
DUOG516570ILGULI75,4119759378
MMZV938467SZRAGG53,1591584614
HNXV960285ERDHTI41,6610565845
YYZW773859RCVMSQ67,5022656133
ZYGR906623CAAOTF77,9609005056
WLFJ667179HCNBNH88,0201152336
DSLJ110450FJKUEQ25,7055404641
YMJI126897JECEAU63,1972774065
PWKC339761NNDGMD33,6720719137
QHKE412479TTSXXO61,1761998365
CEKR497495AWJDRT17,6475057762
CZZG229455LFYMQO14,7089583693
CNLT843845NAWDBP18,7068825903
GEED841105DTLYPY74,3648488751
JGNU208142JERCUZ72,3695547398
DGSM407267VIQQMO34,3156853230
DCDS319030DWMYBF28,4419272346
MSRC748108EDQAOS24,0789132924
HKWJ070198CNNHKL61,5554196992
TVBL638003NILSAR43,6497602680
URKD422436FYERIY23,0574099268
RHPL036730ISCXQL60,3909352364
SBBI623408WKUVXM20,8303025551
PHLS336094SPVLJT38,6958412188
AOSC937605NDHVAQ59,4818467212
VYIW240310VBHWVR95,9259364832
OUCQ497921FKXPGT78,7724721011
BHKN442027MBDPYX64,7398068486
XXPN263841WTPDAD75,7697450871
SHTM033553KQHRUR24,2259741470
YFXH330565IGLFQT72,7329585005
IJPS481353XZTSOE12,1998683834
STAW435941OPRNUY77,8530756677
RQJA419720NJGQYK82,5650862407
SHGB218513XFHCIW84,2159480790
IEMX751790TBAUXO50,2635370134
IYOO020673MTGYDX84,6439822859
STAW435941OPRNUY77,6260546109
FWZS078698LBGUSV58,8113222741
AMMC399614GBKNHW14,1391992014
VSUN118147IYJBWL52,5549559817
XGDJ547596YKPCVN21,1394997528
EMJA489376OFCKEB87,1207480134
YPQQ496112JUVKVM89,4022239453
YYTP101097IKPQCY27,5615039060
RAQU488588ARNKEP43,7399934036
VGFF690766SMBQRQ40,1267112834
QBDM033626VLPPER06,1868194992
VYFJ772203GBRFEC94,0702865865
ITQL418709DTWHCS99,5974390073
HLFV188748LRENGL72,1227897040
PWKC339761NNDGMD33,1808340313
FLBI313363DRORLB29,0837229587
ZVMP332873XIQLUH07,5172285427
BMEJ333617LPQPPQ59,9946868582
EUDT946887PVIAJX60,6623066228
VGJC095350MXTMLV64,1649374214
FFKZ925575DMIZQZ93,0330550442
KRDG207668TBMSLK78,1131625057
GOAF607127IVFICT74,2421060319
XPAG994551RSIWOI74,5434077951
YOWI168091UYKYXY74,0202022312
GEFZ986604OJZETH92,1194157700
XWUM723506HTXYBI82,3930109984
NVQB104804TXPEKO47,5895624025
BHKN442027MBDPYX64,4011326014
JFHX542121RHZNOI94,6851135033
TQSH277506RMIDKP77,3231952937
BOJO548846WQHQDF69,6593115805
SNUK565169RXMBWI76,8002083598
BSYO775886LOJMZQ83,4374859497
BMYF018554YYFWLF02,5659336050
BDUZ754626UARCXX89,2045429170
TBIX628628LCUNAY64,5910933573
COLJ299040ZDRFYQ64,6194911267
JROV227931INTLVG64,0147108787
FXDK880213ZWOOYD66,1887300357
BHKN442027MBDPYX64,9001922136
SVAX274334ZKGQQQ86,3971742451
CXAB045378HMOJYQ51,8373127825
TBWB996041PBVSEB71,8670654613
XZXL988390YSSTJB44,5623448805
UPTJ872171RNFXTZ00,9828292291
HWGR927579MDGSRO21,4333227392
TNIJ748980GRZVGM22,4816936096
NQJW601278PSLRCJ41,2836525489
RLMH708022KNLBTZ62,9078922610
VOFE374712BRFYRS00,7334458978
FLSD159977SMOIPZ03,7982048561
MVOB572264KXVRVG15,2535351272
KRDG207668TBMSLK78,3297787925
VLRK198744RIZREY40,3058646196
ZFGK896309MWVPOC40,7417365307
SVVY847287XTMZGI12,6855737483
BMEJ333617LPQPPQ59,7634766652
VXOU892048OAVPXI41,6313067645
DTDR099072JHTUTQ17,3052887214
NNVU470773CLBHJX28,8833143047
UPFM067464JYDQTA17,0518844172
SIWR730152FYFXJF71,4996756272
UJAG649382OKJGEK96,8383673084
ALOB609661HKEROZ24,1701119045
ENXK158392HLNRZS73,1957990826
NRQE742780KEXKRU00,8266825482
ONSW632848ZOXTOZ18,3373422440
EMJA489376OFCKEB87,1381570441
NPIE225601UDKHGO12,3955079194
MYUV747572ITEPEZ44,5102838784
TASJ348389BCBMOG55,7181878448
LVBF060993RZVWKE06,0610736299
CGMM075793VEUPEB59,7366889664
AOSC937605NDHVAQ59,6528201756
FPIX208159PZLPDZ63,9927593235
ZLHQ696098BFGAQV96,7971730076
EESA909639NWTYRL79,4398284793
DTDR099072JHTUTQ17,7352787314
FSMH155195AOPZNX33,2689894536
AETJ915937EPYDWB75,7848140113
LTYA753493IHYQTB24,9477507043
OENU270650QTKDSG81,6040147696
SHGB218513XFHCIW84,8805107711
LHOV213873SNAURU62,0674959311
NNRW051210GMXIKO40,0641672136
YUOK520222CFPSKT91,2589505732
CCPE401429UUYTVP41,3367564119
VAKQ767474EUDRAP27,8637787128
UJEF892452QYNMZR89,8435165883
ALKJ527689KPUWPE87,2923984229
ZFRK938843CQKXJV18,8097118310
OGUE892929SNRWED26,0730523077
YVCL721165AOXCJB38,7958655246
EDFT912770MEZDKS39,0321537323
MSRC748108EDQAOS24,1120405013
ICAO973414DEDQES48,3124983652
MULG975545SCRFTA01,1268643853
SGKQ657412ADRIIN56,9873033244
GMYN159832FOQMEI37,9658012663
XGDJ547596YKPCVN21,1902582536
UQKG892615YFSJQT06,7246777452
IIYF989130SDBKJO71,9144368979
TBIE459473ETDQSV38,4625531787
QAAE887724TGZHHA20,2982322916
IOBH678403ZNXBUU78,6299148119
GIZG081950JEJRQS00,7988577360
DGAL396380NRVOTW38,7432629187
EWWX965591XZDIMD81,8049710810
CTRU615982EIIINU08,3373704593
VIRM014879ISMHXR97,3859923303
LYXA168756CGTTFK44,4323371567
NQPC973850MTELIW27,2522505413
MLHG242476SNZBXZ38,8523555883
HWGR927579MDGSRO21,0879898185
PEZF327823UIJAEK73,5343495863
RXLX501466FRPHFQ71,2008557617
LCTE898885ZXVGEP31,3439922018
YIXB270340OWOKMK00,3938975028
XHEB700419GLWZOJ19,6786203132
WMPF988130IFKUGT88,9439132359
UOGG069668UUTMTH35,0861667276
KJGZ140208TRRRMX88,3206137164
EDFT912770MEZDKS39,1923305293
UDLK040561MFFRLH47,6575711840
NQJW601278PSLRCJ41,9146448623
NXYP592844XWXRTF13,4771797681
XCDM628459EXGTQT30,0519862366
DJQW657957KQHXEA42,2397076641
VOFE374712BRFYRS00,6400864213
MPTG373052STDYWS22,4306841411
APZV429131ZPUTEI98,5701496373
IIYF989130SDBKJO71,9194608753
CGMM075793VEUPEB59,3995224750
JSCT011054USDWTT19,5648623666
SZTK393564MDTIEI96,2179274443
CGMM075793VEUPEB59,4350170026
KUQN504726AYRFCB98,3866944164
DROC431239RLSUHW52,9406336607
EPEN969818FNTLII70,8326068179
OJEP222422MTUEFO92,3322662790
DPKU770971ENVWPQ72,3654264463
ZAKU379501AZCXDH45,8505476021
JXZJ103346EQWBYM08,9742746857
PEYA474841KOAVGY98,5950634503
PFOW963881EJSYHC02,1013916328
FDEL409041GGTBPF63,1005064441
AKRZ934773GLTHNM57,3529399112
ORXC069216ONWUEZ87,7188928020
HARR452950THNRWP70,0153764062
ZQPE590024ROJOWP14,2242410586
GMYN159832FOQMEI37,3325560704
ULME018963OJYATN49,8978891829
FGNV323440BIEIWE97,5762682701
ZJTM753317BAZINA13,8248516410
XXPN263841WTPDAD75,5825626247
ATKO877202BSIIQC86,2822326510
XNJH800174OKPRUY81,4220633944
VUCA648399KPKWZO68,8837036537
GBKE534378OCDCUO27,4630911898
SAGX279029RMOGCN20,8698690755
NQIY578835HECUWR80,5280391699
ALEW332987CSMQKJ39,5343461135
OOUQ335666CNYNAN11,4398547262
IOYG770984ZOTBAA34,4700447344
JQKO159481HBCPYM29,7963579962
VXCF446938UBSWFD56,8801873430
VKHM446936FIULTX89,9410153939
QWBL340895WWFOLS23,2270410969
UFQR843357CNNZWI66,9464230075
OORX350384JNGPDC75,2303547084
LQSY615024AZNERB73,1030753384
CGMM075793VEUPEB59,4240408934
ZFGK896309MWVPOC40,8773383483
SWGE311550KUOPYF82,2515690479
MSRC748108EDQAOS24,8058533339
IUVK859252NYGLNA38,7290780802
CPYY788345GRZUJM19,8371385710
WMBS333966ZEZDRN61,6211217037
EPEN969818FNTLII70,0070224984
KHBD108006VHWWRV16,3871124359
WKAP309900XAFWFZ99,1934183995
QGQT951190EHEAHU27,4768434854
UOPH977553HUXZKX53,2792211319
TNBC559741RATMQY72,0776325873
JDYZ467717WJQYPD75,9914583917
MAIS053461FHRVTG01,9195526651
PGPL567858CXRQKV32,7607809643
EAYB640846UWYQGL46,2392780107
QGRD914783AIWWZY09,1453981877
QJEP890118ZNRUTC94,0805745232
GRMD828432LALERB63,9669665110
QSXQ735852AMOHDF17,2043920095
XSWV575489LCHVHE24,0235240279
IDKT476339XEQNXK23,1673076034
QWTZ346485PDDCXE35,4079837356
AETJ915937EPYDWB75,8926278978
AUGI160823VSUYRO01,1291953309
CWDD704118ZMLSHK17,2580683095
SKMQ974477NNTBYL71,8851660581
XFDH581455ROPBEF38,5176090572
CEZW644058JQZSIV11,3621352602
OASK648136MJZMUV17,8220604288
HQCK308659EDQCWJ49,0552335674
WVFW271005KOVVKT36,1483597100
PCKB768474SFBCCN10,8679515013
NDUT890230VYCWCG92,2254404534
UBLD748635KVOSNZ18,3948419511
WUWV049125VXYZXS79,1933818473
IRMW706696XFONQO38,0386766630
QGRD914783AIWWZY09,5551921407
RLMH708022KNLBTZ62,8247522261
AEUT205709ROZTQM00,1601420804
ZTKS793771OROMUR05,4415105776
ZOIS774120VKETMP27,3594618846
TLED665972ZGPAIU73,1709841610
RVEC712055VJXURK04,9345529626
SRNZ428041WGUOVM20,5739676982
CVAV903896YAEITB95,3149498689
ZFRK938843CQKXJV18,1070082462
KIXG848669BFGREU22,5962237949
MULG975545SCRFTA01,0028884920
WFDC642102JHDBZD87,6878698957
QKEI478813XODVJU45,0903070316
QTXP485077DHVRJN66,6125184059
QWBL340895WWFOLS23,2216930951
WVIB735990JTAMBH72,6659535227
YXPE661888JCMAMJ50,7882768703
IOBH678403ZNXBUU78,1588449217
HXKT785962MSVFXL36,0223736780
TMKK738629VXKYUK60,4001013397
SXCG151844KMPHRR98,7767074738
CWCT250140BUHXDW32,6906884988
KYWM854166KRILHM14,5565083181
JVLW457462MFSUIZ05,3960986177
EOBN315772MTTNNY84,7916265165
KXEZ601658UKNHOG44,2079931024
HNXV960285ERDHTI41,0113513928
AJYC603975SLAFJH71,9076359942
NSRF752574TUINIV85,1632415287
RURN374775IGTZKB98,5310092683
PWYU654846RAREIO15,4479949043
NXYP592844XWXRTF13,2532110543
DIHI599140XKDUOK02,9293913260
ONEV352103LSBRWS25,5438230208
REQT389395IOHPJM20,1418557034
HHEA108148HJRTOV01,8424686129
IMRU266263AHPYYP35,4193082715
ZALY804687HKQPQG31,1963086450
QHYX377175VMEURV35,4732296539
HXBW927522SAODUX85,7944508046
LUJK877807HKWQNI82,7200804249
XGDJ547596YKPCVN21,0519004994
UOJJ951115MVUATA54,3945788735
OGUE892929SNRWED26,0887679961
CVEN277777VOJFYU13,7287289149
WUMC926096DQRVJU12,1625671539
TBIE459473ETDQSV38,4286087083
LOFD258494GGEDQW43,1876207242
HAXE238093SOKCYD71,7089734891
BLHK992849MNXFKR90,3377044661
NCQU886090BZTNHV90,9754182035
FZET480296LZBBDP77,5475705829
XWMV109981GPOHID06,8747767509
BTEL325589NVBOQK27,8451197534
RFOU922714PSJGQS54,9430880246
VSDU461917OSTRXX41,2786690140
SKMQ974477NNTBYL71,5793346462
KTMW969655TXBQIK10,2461831386
EKAJ306072KFDHRK66,4183116236
LJRT347189YNIIWP16,8091466878
ENXK158392HLNRZS73,2125335417
IHHN816273IZWGTG69,1248880837
NTMC669176AWVYSK40,4422434298
BKJK830655VGJLCS11,8576523239
HARR452950THNRWP70,9294008240
DHPF310198ISRJFJ22,6038642015
VGIB021479YJJFAA92,6776543557
NNYP461706GPTQDE60,7559579861
CGFT760982OMXEVZ34,1482358481
UJEF892452QYNMZR89,8152048977
NPIE225601UDKHGO12,2336160570
YBPN040796YCILMG54,5829091349
RGSP543984VDATIS69,5054102801
VEPK098492IBGZRM92,8338964870
ZVMP332873XIQLUH07,6685084536
IOYG770984ZOTBAA34,3925717394
PXQC055497ODXNNK82,9011060892
RFOU922714PSJGQS54,1779359957
NYHB569776LEGKTL54,9353333167
KMGY391950VLJDKN06,4285672156
UQPT940874TZQZVY67,9595391411
FPIX208159PZLPDZ63,8290664986
UXWT219021KQKZSE62,6855929311
TASJ348389BCBMOG55,1018994346
SHGB218513XFHCIW84,2429834851
HZAV788295EHFOQR10,3876412665
TVBL638003NILSAR43,6184873587
FFKZ925575DMIZQZ93,9113245706
PXQC055497ODXNNK82,4904280657
KPRQ559195LJTQKV13,7318101096
OEBU762038MZSIOP80,0436785570
YVCL721165AOXCJB38,3596935661
KNSO131700ACBDQT29,1478691488
EOBN315772MTTNNY84,3013147647
VGJC095350MXTMLV64,2139843862
KBNM621536DWHCCF75,4142855475
QOPO447366WPTKWP88,0013797417
VDBX740197IRJFDO08,1539423576
ACMI475324YHLWAE14,7331749099
TECV979106LBWYDG83,7946772936
UAEO095311LSRKEV80,8201591272
PAGE073512KPNEAW32,8265393102
RYTC777808RUMVIM01,8178155130
XDSG418528BIEKNQ52,1120850489
WCHR408091ZRDDHN66,7048557357
LDPH691847YHTMTO83,0980062463
LTDB584706GQNBOI73,6236220466
GOHI083510JRFPYL72,2408666523
REQT389395IOHPJM20,5832703016
LBUS613736OWQHCG34,3759320622
WLFJ667179HCNBNH88,2223599953
LKNT019017TMZPJL77,4601497028
NXAH735416OKKRID76,3530057824
WGPI538460XKZEVP42,0441581095
IYPK104614KWLHIV92,6821307054
ITQL418709DTWHCS99,1955068397
EXYM917705YFAMZD24,5368929090
KKMS459347XBZTBO80,0965522137
QNYG642219DPLZFW57,6918560351
RBGY302722ECAYHF12,5815245644
QGQT951190EHEAHU27,0916549011
ZJIK054058RUGWZE35,8372760852
IJMZ155308JCXVWH95,4985748115
VGSZ738591EDTZGI95,8862728875
JXTP380309KNCCGP40,9574785413
KWQX977010JJENBL69,7398189061
KBNM621536DWHCCF75,9337032891
KBNM621536DWHCCF75,2101707901
HFII024823UATSNV62,5391809642
KXEZ601658UKNHOG44,2954958598
GFEH871571MJLHYN84,0593819544
VDPR294377RRJHGW73,2885716422
ECMA013087JLBWQM49,6315837637
PZLI880709LDSHOC77,4152685880
IEMX751790TBAUXO50,6083321334
FACP787919MEBWSJ68,6701273509
NLLI855820MXIUXW41,1078770593
TDPZ828100OFOSVH07,4397321374
GAGD569296FLRLPO40,3046854557
CDAU093092FFLNLO65,2541806699
BUOS602585IHNUUB04,8012072849
QIIP036422NJAVIC05,1353814197
XFDT367163GREVZB83,2008782421
JGPA831020GOTJGC94,6347510063
XHTI401376KZGZIK16,0737215031
UGDT520717KMIJWR42,8271313376
EZGL716730SINTIX78,2566716978
CLYR806728LIFJXK33,7024842275
RAXR920362ANJDPL02,8990994762
WEAD415557OYZNOC11,2983088426
UDLK040561MFFRLH47,9888659536
NIEQ180619SKFANB45,0102207751
GEFZ986604OJZETH92,7966676785
PVPL292786MPEXWP77,3164547447
EQTF156383RSCGOF05,5193568103
UPDK170956SOBLOX83,2198562874
WXZV005327WMSHUM59,0312862302
UQPT940874TZQZVY67,7342761170
ERPN472987HUUTEH72,3038228164
AWXH817851HHDOEF13,6892969318
CDAU093092FFLNLO65,9119518337
XNUH837390JPZBEU48,2897178949
WMBS333966ZEZDRN61,9767935214
POGT898631QNKTWC95,6067005547
VCGX023617QWATQA69,0116527440
DJRI663977IDPHNW59,2752069710
NDZW187993GXCFZN49,1083222631
LMRN358602RNCFGO30,1953612916
SRNZ428041WGUOVM20,0435603471
RHPL036730ISCXQL60,3771438841
HARR452950THNRWP70,3748963041
LVTM496324PTJPSR53,7195815956
NXYP592844XWXRTF13,8339689888
GUWW596960SXUGPK87,4936174764
KMGY391950VLJDKN06,1216420636
EUUH088533ANQBPY98,7701479041
HUBC390234GKOBXI85,2288233045
AKIH745281QTIMOF72,1116904425
NVQB104804TXPEKO47,0839816821
JOKB007498ANRPGN19,3668889817
IYOO020673MTGYDX84,6194177710
XWMV109981GPOHID06,4340658811
JXZJ103346EQWBYM08,1489969839
QUFX525497XYCGTT64,2882426116
ADQG717460TZDAKP48,9176833534
ASJB603184SJNXFS85,0484736017
WZRO396626VPUAWH08,7998244337
DKYG227806ZXRXKW01,1678354480
BWQV495677DAZURH61,1465853850
TNIJ748980GRZVGM22,7754165244
KYYM066420FIKBAX46,4573983769
HHEA108148HJRTOV01,4949108181
UQVB907124GJXNYA42,9612821447
KDVI464139BZZDIN30,5302286400
DBMD368461EXWTYT62,0243261904
RWHE674870YZIBZC87,5001442773
PGCB396764FFHUIC63,9381947802
GOOM965590BCEGWU83,9606453654
JJPU672968YQDHND07,5395810989
CTDJ739535QKHCJT78,6424819950
ONEV352103LSBRWS25,7361987168
YFXH330565IGLFQT72,0411377439
VVPH300093JQEZBK18,1946686378
WNCE910174WQERFR51,1123244404
BLHK992849MNXFKR90,8853717750
KESO851650ZMLYSK44,1102213964
DSEZ715734OQASAI90,3471805613
XNUH837390JPZBEU48,9511980506
YYZW773859RCVMSQ67,7056577172
GOAF607127IVFICT74,6559085689
XVDB380455USDECL27,2771940976
MDJI917348VBOYZL87,1328942794
PIGO184705ZKBKUD61,6254230191
JVFG248854LPMMDY22,4074064424
TAXJ256013XCQQRO47,7598343677
GUWW596960SXUGPK87,7300025286
ZFRK938843CQKXJV18,4660468885
QKEI478813XODVJU45,1827512991
JOKB007498ANRPGN19,2178021545
NCQU886090BZTNHV90,1754248413
PTFN419219XBGFIY53,5543242073
APZV429131ZPUTEI98,1895040227
YBPN040796YCILMG54,5344095368
VTRS237436QLFUBW17,6473775686
CSYM303115BIEBLE58,3291974003
NINK470419WIVPDF74,4665420933
ZYGR906623CAAOTF77,1283891434
LVTM496324PTJPSR53,5506303255
OTZF267651FCTZCO98,9484095540
OFST179437EBNFWM45,8130353704
SSBF051457HPVVPZ17,7395493188
AUXF240024YKYGWL71,0734602977
BMEJ333617LPQPPQ59,5301933326
HIZN960240NMIGZG83,1644040758
HMJB768368REUCAB94,9934224411
PISF589818ALEYKY96,4266477213
HNXV960285ERDHTI41,6020337807
ELYF949837GZCYRW84,1827863707
BDHE106557ZBCYJD69,3423465545
NXUI934455DMYSNS47,5104036439
ZQEM106079DXVZZR58,2096306806
AASV450655ENZWLZ54,8113551506
IOYG770984ZOTBAA34,0067757106
CEKR497495AWJDRT17,8679784603
VWYQ789912OQPTXG14,4942447718
CPYY788345GRZUJM19,6462472906
CEZW644058JQZSIV11,5876046040
XXLK683758OJEHAZ58,8312319088
OFRQ914529IMSPSF21,9109148214
OCUH799788TTDDVF31,4147253016
KRDG207668TBMSLK78,2309010086
WZTF007240KNHGHA25,2358979833
DUIK389237YZPCDL36,6521463390
FCNV177024LUPBWP92,6489500296
TTDV976694UUXRLL22,7091470845
NCBQ117509BJULLO45,3797587344
VSGU133173ONTKTZ35,5438553344
IIYF989130SDBKJO71,4974371495
AJDS248951NFYFLB87,7453403430
LGTM730768HUWBQY58,1239405038
RURN374775IGTZKB98,9513435552
VDPR294377RRJHGW73,3746829716
GJLN178493WWHMPB60,4835089622
SSBF051457HPVVPZ17,3981555358
LJRT347189YNIIWP16,6727319436
PZLI880709LDSHOC77,2377722106
RMZE651801HFWPVF39,5837068748
IPYU448682WGOIZV98,4691142065
RLME492204WHUANV95,5373728501
XXLK683758OJEHAZ58,9667105084
VIZW224903UFJJWJ17,7319662345
JNHX091600CSHBGN66,0085664061
IYEJ355650EDNZWR45,8094130322
HLDW710983JEOLRM56,1456952363
OJCW625123NXBLVR62,3563056855
RQWH454940ZRYPWX72,5552787386
AJTA235049LTJEEJ11,6505514288
OYHZ827728EWCIXC60,9581375766
SBBI623408WKUVXM20,4823084852
BDHE106557ZBCYJD69,5266042571
XKIH073780FORHYP88,0340105118
IOBH678403ZNXBUU78,7362824087
TECV979106LBWYDG83,2923849288
OJEP222422MTUEFO92,7116937864
NPNN557929EIPPOC42,8492934752
OENU270650QTKDSG81,7300443452
VMXI038616XXZYZK60,5146667631
STAW435941OPRNUY77,4496823035
THRA951051ETNPPX71,9541136858
ZFMF105343MLJKZM91,9216447825
JCDV585901EGXTIM72,4824703904
JRDR191999SGXPPM17,5495702730
UDCC495502BMUBWO60,1367309626
YXPE661888JCMAMJ50,0681962692
JFHX542121RHZNOI94,9290333051
UMLX071018YRECYS32,9358885628
JNHX091600CSHBGN66,9556466868
KZYM127409CWEUBL12,6429185815
VAKQ767474EUDRAP27,6897951971
QFHE739798LSYBXV27,7229694974
HXKT785962MSVFXL36,3399068820
XVDB380455USDECL27,7576276140
KVLY010914KOCCTX68,4393474251
DUOG516570ILGULI75,9266824993
VCGX023617QWATQA69,7900203558
BVIB907721WTLSNI29,6375857570
ATGW194384TNEQJD62,2167138812
JHHA782575AQRDAO88,4264968916
TNIJ748980GRZVGM22,8190675214
ONEV352103LSBRWS25,4119858470
LQSY615024AZNERB73,1383980876
NAZN037278EQGFJT35,2928690358
SZTK393564MDTIEI96,7396969161
EFCT475597AYRTXS14,8439526776
EKAJ306072KFDHRK66,2096566782
WDNN504608QTOSHM26,5309676360
XDFN684835YWBBWD91,4010617837
NMMH915610KHHUQH22,8600426343
SBLO395584AVXUXA01,4767135728
IJMZ155308JCXVWH95,6363695922
KCQR117024MQCPRN99,5434195230
JYPX351511QFDSJS80,7757133450
VLSA463345XNKINI86,0203265438
KMGY391950VLJDKN06,4121334135
TFFC833548LIBEUP87,9662258768
EHOJ931745YMVARB38,9993199518
JVJD633728ZYWSDA99,8845636677
HYMH348006TKTIYI33,0913167987
QZRO822104MDKBZM87,4551120133
CGXO452429MTXISM26,5756027095
MQXG396205FLSDUJ42,5053279040
XHEB700419GLWZOJ19,3354946987
AASV450655ENZWLZ54,2128398465
YVCL721165AOXCJB38,3248323573
HVJJ704775UJVEUW70,2264242577
QZAR747054HSLDMA28,6335923898
GWNB628315BDKNAA12,8273560923
PPWL956838FNAQJF54,4013981529
NSKJ698505TKRONP41,5000382401
VGFF690766SMBQRQ40,9936570015
EJHH648266MSUVJK36,7912497149
NNKL249968EARYSD05,2237903762
WFDT461656HWIMAT09,9937306257
FHXY736414KLOWIE85,0219562998
HQCK308659EDQCWJ49,4452996847
URXZ231857TRRAPW51,2276733327
AEUT205709ROZTQM00,2039468072
HDQC193207SSBFNN50,0686972583
TXNM568743BFBTDP77,9019627705
KMPU630813BBYQJJ19,8776380356
XNJH800174OKPRUY81,0043615434
HXBW927522SAODUX85,3731049545
RXLX501466FRPHFQ71,3045333774
JVSI624987MPAFWA41,8031007888
TSUM744538UHOUQI10,8669234792
HXKT785962MSVFXL36,3521129702
