curpcliente,telefono
WFMP034982PYNOBI40,5596896306
FGTQ803425ITVXYB37,0790479771
CEBU179346WUSIJS88,5971656295
HJXI226097CKMPNP92,9607630158
TROF885895RDDZIV58,0182703394
FZSE125040KWWWIZ13,9952094059
QXGN666252FMAAKO50,7763977500
UMLT611895JBOYEY19,8445691251
KOHL487942NKQDIX10,1493810784
COCS947124KPBFKH41,2062151569
FULC325670LAXKQT04,1462074131
JJEV904136SDKMJI76,3694604483
EDQN911623IKAQQA92,1785931939
HKTU945511PNLHLO20,3282460747
WNGJ888074QXFPNG19,3399690899
IOGZ681631FNFZIU80,9760106718
WUEV453995YDZBGG00,8998743136
UINR801499XPWAGR87,2489559019
GVSI276460ENIROK50,6761193100
FUMO700770MDOMRY56,9516670471
BRSX243678KZLTJL87,4910082150
RARJ686456NLEAVV90,1379173262
FVAV192769BYVWKJ89,4365605720
BYVV248717DHHCUJ93,4731583292
XFWJ360577QGOPDP80,5653023878
EQNA038377WMYDYF51,6677033544
HWUW674023WSCCTF98,8893772666
RITL466630QWQJMN92,4038552525
WQSX397231XWZBEZ74,2897409480
UUZZ616083BZFFTE95,5770392073
NGVF889314ROVUEZ50,7104232600
VMWJ348930KXGWKK25,3242535293
CTRD476041MDMWOE86,5217374286
DNAQ253016PTHCVV48,7740281796
UJQD605866HCKWYD40,1600208448
YFMB168100ZFBZIF10,7113716347
UPDS567782CRQYZM84,7341925877
ILGM835173FXPRUO47,4815670065
ADRR353200BAKIIQ51,6211490382
XPJF875054KLKUQE21,0546839513
CSAZ459334BGICVI44,0089616514
SVUW479103IEVSBQ49,8834923780
BXEN294651IEJALR07,6182805122
JFGA569357KONTJA57,5572418275
ZLKA348343NNLUWL31,3955965366
ELKX558028LCJHWV15,0563389393
DWVS749143ZCRPXY18,4955079943
MBOM579126NPYVOC19,2608366313
LCNG670735WAJZVZ64,1768656313
RHGR272850SATVBO61,0738300150
XEKT797515UEJEDL22,8686185941
TBJD889098QNVRRN59,8490952147
YMPH344056TLFHSJ33,4952161641
HXYZ940493BPTCHZ04,8585733714
HKZX466101YKDUOY29,5872393985
JUEB848973OJGUJP78,0895702297
SELS240194CHOMCG50,6720738838
ZRDX626212URRYFF40,3199242476
IDYW704798KJGMKZ94,4489921815
UMMN483288SCHSDR22,7403306721
CEMI896161VBCBKS36,2725844265
SIGE635697AHWFVS37,3577738011
YTWZ756950TKIZGE93,3539764058
ZSBI953513GELLBX94,1078106987
RUMN898170WYYAXY37,1477093331
YNIE212987LFMSNI57,2074477948
DQRQ851418SKXBLU13,4925768991
TRPD439334XUREAD36,2061445687
YICW106361OQFYFV00,7235841298
MCAJ269167FXQPBC37,1882146792
ZJHE857740TQENCE55,4365519031
CFKD564201RHSWSS09,3604201891
JZHQ815504ZNHFTD22,5369868741
LCPV927636DQRVCO90,1465405727
EGIZ067456ITQURP05,8695363069
UFJW500014QZDABK28,5382214203
RWTU558822VRZQKM65,3067499211
VOVA624568NDRABR58,4859549186
FUVT547645SQMIQP55,3663080415
SPLC041662VSFTQV69,5802077553
YYYK458377IVUWHO95,6893721611
MKQT192463GCUVGP54,1562894393
UNKQ444472ORUWAS59,5368598326
UAWR779408CAZZHZ07,1927712428
UOLM111400VNJITQ59,5189936993
GEED631752EFHGMY09,8421666607
ECNP349075NXIETH83,2125590643
HSDS227650FTJQQG00,5466857887
PYPJ361471YVRXDQ54,9478999765
VXSC567985NTNLQF95,3262968660
YGRO533585GAHFKA07,4716364327
YSLB639759TVFHCH40,7345338021
GHQR595516PZRSTK47,8623767285
VSXR216850FTGUEU52,6556176014
NBNT707058AHBURA17,0032895399
PZFZ079477VNSWEA68,9431579418
GJDK696064OMPCUU28,6562977816
IKRL208546DUDUWO36,7234300902
MZCD600724NEFFCJ13,8276209385
POPX216314ULTXOQ50,9200798333
AOKX425544WCKKGW35,8506322949
LNXW591055MFXSET57,0520656342
OOQQ730062SWQQEF49,0316730836
IPGT813715PJNBIF39,0758457806
SCCW374578PEZOSO84,7568060853
GDYT777454AXPIFK25,7976211516
OQJO383579TAFZRH90,9168699144
EDVY007119UDYRYJ81,0678466295
WYMN412328MPFXQG08,6616066369
OSJO989989ZOCTZZ19,3827282041
FCUS149777OAAGWZ64,6006716885
VWKN509056NFJLDW79,3556643752
GEDJ663356HMKNWN03,2154565209
WRVB515352SSLGYT67,4858582596
RTNH987553IDEZRC05,3345161155
BIDP952583RJVJVO76,7312574893
VXZZ339724XUAVMZ93,0061594106
JNNU998426IUVGCS92,1380282765
NPFS647686LVJWEX65,4691356251
AAWW217548LHAHAB25,6914775389
HOPN247924CECOJI52,2482180472
IASS382268BJXEPV65,6287708378
HHMJ009866ZNYDNO84,1808506309
ZBKI059099PGPZXZ12,2051267830
MSJM195696LCTXAQ48,4415179521
NUCN203273FDNRBJ35,1777350353
QLTZ271529ZMOPCX15,3790706795
PEWV902958YVJQVN74,2443888647
NOCQ713810LSCDZK85,8611490856
QCHR002077SOLCQJ99,6051653534
DDTX960249DPRXRU60,8865810521
PZPW857909ICXIMC11,4030572338
LFVH001514PCCCXN26,3720318604
VFXM407099KNYBLH77,8540843995
BMPR174221TVKYGS23,6228607113
GCVH890981ONBSTY06,8780860512
IYBU110752SHANIV94,6125323973
FZON949286CBVYRM86,8497583183
IDEM836736AZUTET66,3630312621
YSEC271726YPGGDB91,3713920704
UPML211658DGCFWR78,7433439864
HCOY695423RRFVWO22,9586316080
FSNJ083893YBCIUH88,6929179010
XPLK628978POWTQE18,8332624758
SVJS663677WNCHIH32,0285149533
RNWF236231SNUKYQ04,1082685180
FLGU590154VCSGUX04,9453445071
ODSN311022EMCZWV72,2699040506
KUPU140442EFGPHR27,3041352464
YWDD247736ZGFEWP82,9869859852
XJRE762136IOIDDO90,1178874131
BUVP824722QSPRJZ22,6329099602
YHTN283263LMVIZV66,1359279882
VTSK153466XJJUHP58,2211764025
DRWG571818UBXLIC06,2005949651
YHYC139887NFCOGQ14,8779221895
XEXL457395TYHGBC90,1669851405
RJHJ136545ECPLVO78,5964044892
XBCC157738DWLGXP47,3396742628
RAVH788894DBNQTK67,3458093918
ONVG993237YAIXZD64,1214411596
QXDW751823EWDPBK45,1986956103
GVLZ177935NGIQIN17,3785207749
HQXR487886OCVCAS51,4052221875
UWCW933073NUVJKG02,7358468081
QZVR926802KMKXGX03,0938079820
UKWB095513EPNJEH71,7480622239
HWUD829292LZQTRG72,8069402095
XOEV845099FJMDRD61,4195605584
PSFF744499FQLFMP64,3167964448
WPQR848348ROONAG04,1879768195
RPWN172476UBRYWQ06,5070830587
LFHE720462LWZRMA08,6747016362
OXJE760909MFKYFO42,0186909131
BWYU071764XJBRWP64,5395992415
SOKD983333KICHNC58,8786917439
KTVT102380VZYFSH13,9357997481
RCSD542453LAZTON41,9177292051
MJXF688435OZDCPE96,4754613008
CRHL138760BBTFXX83,2292595562
RWRW327816PYWRVO43,7831111566
XOLS405428MYMGSP55,7738715981
RRDU867521QAKTNX61,0038900988
GFBZ923170TAYTKV71,5922177068
ZTLI807807TQPCEB21,6755673166
NDFN120203DRLKCE65,7801328060
ZCVC467401ZSCOIF83,1952636992
LNVQ496291XVDHQB26,9212333546
GSPD736087PYGOUG15,8908935258
UTKR410495DDTKCI57,1036859454
UIHF665966FTEYIW60,8046885203
CEFI535048GZLFET38,1232456129
NSMW349083THLBHS58,7325536029
DSTU223566YWEEYR66,8590818167
DAPZ944557JRXINW50,6571623983
INEE369831UNPKPK43,5359839944
HZHR613866UXFHNI50,7683092961
QNMK254191RCTUXX86,4676686320
CNSP145214SWLZIV09,7981214992
DHYW543406CSUZBQ79,1728980888
HPCT293903HMVOZM39,8457399518
QACS825793IOVZFM61,4171232555
BZNJ895514WMLEOO95,9981983559
KQMD182840FXXAHJ32,6691082150
KLBR817673LDOVIH46,2741777249
BQMN369042DJQVAE43,7673107164
RPWA083756EDPBZN92,1284052671
ZQAM491580ZSTVWL31,5632574148
RNOE072138IVIDNE89,7917046739
QPEC942814AUNVEB38,5341644343
CKKC301819RPUBUQ46,8682444124
QYBA132892NOURSK76,5539588710
CGHW024839AODVCA44,0514476298
AAUT421315YCDSKN32,2976269775
NNSN990800WDHIJS01,5644249831
EBQA679753IYIOIO08,0376932099
GQIX203482FPZYMV49,4768441395
MCVP956277EVTEOK51,7303268399
BWRR128945WWVHJE19,1380808248
XHCX434956XQGXLF58,1681592709
KTXR862617VXSOPZ61,7675316056
KXNT422806JDPPFS26,1235955270
TKGW478626VXHOGJ34,6471394242
QFGM485435ZAKCGY79,9292033337
QNSR521681YKIUER88,8830531080
CBTQ522702QXRDYY36,1267959249
FVXD379837TGLQXX75,8003158978
QMHR680818LNUHEM67,7840911702
RSUS548248WHLKTC78,1467670779
EFGI398609CUVXGM82,6510404790
DKMJ925497JKLMOV49,2001448501
HSKY203390QKBGSY59,3319510724
PNLI526375EGVOWK84,8211980789
SYRD971050DRXLVE49,2992700881
STER440002UNCCHU09,4421617954
DJLZ809640FEATAJ66,5702242328
HHBR961725DDJJTV70,2507468167
PMMC499165SEJYWN54,0057163726
QDOB881775POVHGG61,5789871264
MRHL982794UVUQYS83,5417121865
QKYT023180UNWIXQ69,5421545381
DEOY465011YFOHLH57,7418378495
RHJX812870KELFZD41,5014067353
BBUC730403SRSAVV67,9212343689
BSQZ930158GYTKRF40,8241974776
TVZT194347HMJKGG55,0368670983
ZMEA636104RRHYKK90,9765449167
GBOF788363HFEXXR30,0617514877
KUOT935505XFDZDM18,5265567181
OCJM101585QLJHEJ22,9257343125
PKNC711319BJJZSU34,3967624615
XKQO922235NRNWHE99,0948311173
SUPP193840GTDFKK73,8693313409
DVKL547355APBBWP78,9360937144
LNEU145633SMPCBZ65,7845010666
MMKK464765PAJFKA86,3269099056
VROW615947WUXAPO95,9172239336
FGTC317631DQNTEZ62,1583441931
GRAD284258PWIQBG87,1479517230
VCXI894408EFJVWH07,2404459637
PWYW300037YEPUXH86,0791911780
MQTB387836TBJRQP95,9387809542
QNQL521884ACVYLJ78,7621471670
WVUD634623XVXOBV64,4642663378
AUIH007716LEPFNX97,7519062532
ZKOB249268CMNCVH18,4359154846
GSDW315586IFIRNC52,5858315686
XQTO633634FWCTCE68,6039674712
JMGA259900BECUPN41,5440578450
CSHS887483VLHFUU08,8123976233
BJMO773732EMIAUT83,4540996825
ZGWT035912ZYOXEQ32,1883256315
ZCCZ642141KEXSJD11,7540734207
HVFJ337691DZIFXS96,4913952249
QZSC222795ABGKRD96,1741571295
YUYN936642BBISJF69,8736119104
JQQC625557BUMFNP83,4409044669
XYCT400607NJWGDW88,3207363777
ANXP766863VKBZXE37,6030782174
MISV810789OJPUZM71,8593072305
ADMO222873GXBBSH00,0016597788
KFDR085891ZGZDCC86,0740616304
NWRY478290KQRBZG71,2690891433
CSBE559949SNYMNV48,0764133697
PAUM791096UIKFBZ32,5748458294
KPER706844VKTBIY28,4828915367
MDAJ486697ZCNTKA42,7423501757
OTPT642674DIXNUG31,7772885619
HGBM412080HEHQXG60,2954321257
LDSS152057WGJMHX08,8579340765
NKVB704729ETRMQS13,9953224970
XUMC830184LMZDEO85,3217041633
OTDH094173LOADZB44,1111154391
FKUZ996555JRORGC65,2305773424
OKSQ100842AKNPXH01,3237978488
PIWO106354EINJUR81,0455163359
IHDK268206RFFEBA07,5138772567
AAOJ478641HQEIEE28,2222945262
BBEG897724CPWFPI34,5152638204
AUMK072250XIZBAH91,2566682109
PFVV306877XMJBXG09,1724126066
PRAV664913YWYJDI62,1582981853
EZZM318162FYILYU11,1681559730
KPDE946399ALFISF81,6471558186
QTLA498929FAIUNH05,4065609096
GNUZ094312BFBYBD20,3570776595
XYCL718372OONMRT25,1764025787
MMNR119519MDSSXZ37,1210210721
BTIY719475CUGNZC97,4239792503
JWZS061009TSFKPK58,5137984702
DGIL281526CYSDLC11,9471047731
TCUU080052DANBAF66,3913241765
CJVE394672VNGFUR51,0047034249
UXYG085562NVNBRT67,1469419264
ODZQ768086PZEVYE51,8613547941
TBKM990359UMWOVN10,3016583359
PBQI125627GBZHLY25,9865071598
IWSE614798WWDFGA07,1941694899
OYWX921167HZAOXB05,5244005741
RDEK612351DUYYWX61,8095422981
TUWQ266462CQXQCJ02,7394303466
WKQS874885PLFKZR10,4650655596
KENG690431JITFDO35,6999887751
EINF485909NXQGJZ33,6802538075
KSRO251155ILNHMW16,7791552353
JGCA806284UFRUOG39,6762869054
KLFN001943HDDBJH97,1920215780
JHJE477036VPCJYJ20,8552139647
UCYN283908GIBWXZ17,9247075345
WOOI344402YIGKKW81,5628108124
BMBD702786JORNSL85,0045986928
ZJCK861680IPDGPP42,3743756305
IIXP069923PZUITB36,8780231171
VZVF758209MKRNUV10,2641590444
DLSY307004XFKEWS73,2302439246
FFLH639228FBCRZA96,7938036134
MDJY337642UKSZRB78,0749089511
NLFF948470SQTILK51,0033775089
HJSM263392YBTFWB52,9091857997
GWLR133015UUMPVK88,8808666324
FOLB625229GFHKMP50,0946227824
WWTR403890UUTIVX46,8001031936
XTUG292736DYLSZE12,0673515124
JFHF109121OBHSYI48,8231753429
MDLQ919722BZDXGO72,3707569693
CNGO429860BHMEJI48,5484983983
JRVD401417FJAQTE02,0702653452
YOJX212599WTPMNL37,9697671454
ZOPG894058WKUKPF20,3813423228
LIQW442402GBGQVX79,8339205214
NQPG359671FKDFOX51,5985658642
HQUA810431LXCSLM64,5133538837
GHCM107136TATLSF60,8698470803
WJGE772208NJSDDM17,2909454740
CZAY388722SYJPMC07,8143935181
TURR278304GLLQKU30,9805938156
XHQR869664YZPUSS15,9727374518
ASTZ953989GFJBLN56,8664678341
OGVD653078TDEPVB08,3515713811
GYKK869351IUSZOH34,6347709132
BEJH125788XSESXI28,8065823592
PDSG485286LHBXHA24,7922009540
YHDP299489OELMRT31,5192351067
JTGD109295ITNLEZ92,1765549416
KTUG279015CZJZES68,0082653983
RDGB559460MJQZXA79,4265377509
PKHG680623IOGUYQ72,7095818081
OZDZ220985IPWMWM40,5413068897
JWQD215910ZNOATP48,9669273317
LAUI217191KSNJUB66,4308136874
YIVP140104MLUPCM69,2073186196
MJSR423211VKOUEC46,8575347376
HORF106004ROVKZL20,7851536054
IEFJ830388KFXUAC73,0539959493
SDJP215439OVQVML29,0943949413
GOXL401865BHWUVI45,3989322477
QOWN558044TPNHCQ86,8226788798
XTBN366643SBRIPB04,9239297794
GXJK782147RUQBBJ19,8919668209
WMSR061719KHAXQL78,4556980166
AFAH023694ZHROAU96,8678076171
LKEB370616ZMUQZI44,8435280460
LRKK699292XEJNBC33,5565795940
HGKJ626164AYKHDR35,4982232092
BPCY885834MRUVYW79,4211508539
BDGX011954FDSWJS21,4658873262
TQVS095527ZKOIPK51,6321064404
IZTR652479USGFWJ31,4700900292
TTQX392209USPWIL68,1133470683
PUFB975286KLDVQS32,9946916652
XZBW952748VHWEBJ76,6168558106
RUBW756306MJBPMO55,4172430345
OEHO409909TLYZFY49,3245504449
PCZD527086QOKVEP25,1359556437
BCTQ239836WDUMKJ53,2883115165
INYP781592XIPQAB22,5878180571
DJWK105173BTYIOT31,7694065859
DNGM242657CMWVMH79,8570462097
NORE114233FAUWJS01,2622680601
RUYS165189ZKIHDE22,2586275518
UADK426446XRHDSR99,1146484352
KCYD320147HXRTXA56,7174180245
TVRB735632XLOOJA23,1537962438
WGVV743872XDIZFP21,0064767186
EHYE188369OLAOPO14,8201912931
BWQQ013155IGNWGU18,9132461939
EGEV415223LFIFGB06,2744320036
TEAU804979WLOWTV77,6592222920
SLTW920064EKUYRI83,2723114279
SRMJ179646GHRXLG33,5703304563
ZTZI304338SEGJDT09,1074935422
CGJX849534MHTEHH40,9904808348
OZJK327310JMSXDH34,2516879825
GCAU051205FAFGJR13,7686480371
ZUCT188294ZSBLKM36,9511622858
YSAV312367RZUIQM54,1150595015
VHBS237457UHKNEQ07,3238502594
UKKM520439UZPUFG10,1007070184
PWSN182355ASCDGU14,4014231450
NHVV735923KWVSSZ90,7785164854
BGAU237881JTWYSM67,2752643174
PHXT628809RGAFOM43,2349151537
NFPY515540LDKPYH75,6491619933
KHCG125514SMHSQM92,8521673239
OJLG668471UKKJZL08,1007436239
VYOF569010KXZBGF13,3806949600
YVCV412430YDTCNB25,8700362723
BFJH734298XAHWHK17,1971115227
REWD524176SXZZKE04,3727597210
FDRF441541WTTVEK43,6528031239
MHBE947789RPUPRY26,1844989737
VZLM914399UZIFFI95,7482589935
DHOR523332YSGJUU13,2198171113
CBXH670678AFZPZG71,7991507105
ZUNC717713ESINIH58,2603869009
ALTB549323AVKBZN66,3476105184
RPPD682358RSRLGQ03,8065764880
OQKJ723321OWOLTP62,3012462283
GNGC981556NJCMVK53,1375061657
UDIG356374NGEDXW46,3999789529
DQZE128104NCIFAD08,2260565425
SQYR879751YHCAAE00,5863307925
OWLD385832DRFBKO03,0421563102
HMOL751810CKQTWF15,5226057963
KODD547112ZFCBOZ27,2795413460
KHVQ664324HSNPSO03,5452722932
LTPS048380LMOJRO34,4408552814
NQXI065030VQIDYE92,3229253531
RLTV201751KVMIMT42,1449049823
AABT715391KLLBNB10,3479344346
VDKH183974HEVXUS90,5188654173
RMON662261ZSCSOF95,8068050529
IQUH419955PLGBMQ46,4661459873
ABJN603509TJUMDS95,9750233104
EDWW196096RTJVGL68,1696383846
TBSC864946PKLOTP00,4409125512
RKIK150697VYEASD89,8465120529
MQVG015409QEMPUR62,0928823942
LZNR778284XSAKJS35,6705385455
YWWM475548NSQNFD77,0264349391
DJPN333406JXNTJC60,8059149604
YARW841545KDDDAR95,0243036877
JLWF874431ZCGKEB29,6297737848
YMQD950376RWFKHX02,2729569756
JMFT780170JEDGBY23,2271894054
KMUP353490EKLWBO69,5060333596
EUTK478160QNWOPP10,3295557501
CBDJ730366MVNAZR70,5439422737
HGXB684932ENINOK63,6489149988
HBPM060813CTWWOB02,5916705840
UMWC552809OLBRYW38,3186896922
IORH176823KYIDNM94,5819159966
OHLD069043VGPLTH20,1718095027
YLVQ964044KOTCKG25,3648256179
CZFJ159384ERTHYN78,9982333262
DPUM750775JFVDIE64,0261765050
LSJB772970FUEZFV56,5278593523
DKNM122514YDVEUI68,7891771145
ZWUU493699VXBHEL74,7800873147
FECI164529BFRQHH82,9658289185
TYMG332137KVMWUQ40,9968840246
OMET387290XSBXVN18,4198308852
WBCX774009PILEWT71,8230439652
LRSY000371WVYZYB85,6151718305
KKXU252679CUPMYG67,1555915738
HXBF891890UCKGWV14,2032155419
ANLE795782INHURO49,7506046038
ZGLL158524HXJBUI63,9703824332
NKRD027104WLPMUE17,1487167107
YBWB541155VSJOTE00,7775412591
SBGK396470ZDCVSE20,0653886384
GWND858686ZCKLXF38,8791220215
DPAB288897NTSGVR34,9388266864
JZBE909697OUORUZ37,0288866726
RQTO918594GQDGCI97,7013966040
MLZA623382YJLKXG85,1327389464
HKBV957575XICPCH91,1507615728
QBLN180821NSFLNI54,0483039057
CZZD332091ASJXGE43,2466895432
LRTT483411OGOOYH23,0100697025
AHCF318459JEMNEY28,5954526190
FZAM529789AMTGKS09,9023801940
ORYC974914OEAVSI84,2065366981
JLOO018191TERFGH74,9677002185
LYGE143317CQNTGO06,5720088687
UUBS434037GUGZBZ21,8217462717
EIEY419904RAECLJ66,0033212790
IULM737967HPWOMU98,2462022163
VPXP872195VFWIIL61,8117375702
QJBP076706XSKGFK35,9715478393
JSXQ490304NAAKTR68,1119838892
XIZA712941VAALSY75,7119405349
RNZO884402IMDGFL34,8159205766
MZGB496544REYYBS69,3541935424
TPMQ066961FQEZHG71,9401122097
FVYW464394JFTLKJ80,8470584962
UEXS832478QXSPFT24,4981488139
LSXI204929JDJXBM33,0752750269
TYTD516619YLIPDO25,4630541413
CVQG494045VXEHQM00,5005420032
XBGX616489ETOXVX85,4915333301
MWQG075046MJDMUP40,3349045538
WSJM686390KMCJAP58,9741752331
OLYG901402EPNCVA38,5092892342
SUFD294603ETITER02,4392371827
KOBV008251OBAZYH08,8343564814
JEDX287919OSSQER89,2107797319
YZAN403065AJKOJX02,4175928097
YFJF734482MWECRR32,4440838240
RCDZ713284HSBLOA30,2682650004
FLKK666927ZYRVLJ19,9454736604
XGXW888783VBZGBJ51,7332941864
RYCG359181GGBCSA84,5782345822
DGBW874593UNAWVA18,4034463784
KYJL002199NTEMKE44,9504025780
JNAK960776KYEOII50,3536472219
UTIZ189160WCBSAH45,3589675434
WZFV886405NPVREV55,4278360923
JDCN928806DHWZCC91,6289034181
RIIQ190833OJHATX20,4492680858
MRQN124951OTKZOM78,3920795465
MMGK655941AGKUPH07,6648917334
UEGZ215097DYHONC29,6457914220
EYQE403947WEPZDJ76,9104069587
MJBT484129ZLHBBF80,8347522799
DYIA180022EUBSOU57,2539846823
ORTW024895VOHVRI07,5594838505
DXAC020753RVULDS04,3078242623
AQPQ591127LKGRRK62,1449745368
XOHT641658SMHWGV47,5884161785
IAIW032456TTWHED28,5261687142
RCIR601878HXUDYL48,3628617362
DQMF887250RBIBLU08,2874356903
PNRH028270PZWUTX46,3002283900
TDKC066987KBPCRQ25,6471707766
YNSB450136LCZFJZ90,4077326413
DKUB023646XTJVTH99,4257871208
UURG063351QHNXQO49,5623018129
LTUD640347MTBTJX35,4449048261
TWBY619001LHOJSO61,6370182195
JVJM645218GPWQLQ10,3983687017
BFRQ014112KFBREY08,1357950655
YKEX312744TVWFXM95,4235953741
KRNF517334EXIMTE51,0215045423
XOLJ568420QPMRZC36,6131840266
YLQE540356SOOASC02,0548369293
EBLE696742OLWZAO64,2722252791
EZYK283304DJLQVN12,5662678683
ZGEA927873FXWTLJ45,0433067362
GSRM888452WNUQZQ09,8532893036
SNRH421804CQXVPE52,8147271118
AUYK608811EJJUYK68,3014922975
TVOA812146NDKYUC95,7935535045
NQAL077252VQAMGQ58,6663497003
HGSG112349HXHCIR22,6615008038
UCYK021549APCHKM78,9732449670
LCUP015096KVYKFF20,2274884244
TSHA996110CGQUWD73,3477988854
WBLX847705NEYMXV72,4738975175
GUNS500729CNXOOM96,2741074473
QFOW220555OAHGLR69,3675724174
XNUP640319OXCXBA97,9589118839
THTQ008114MOKTNG04,5917223843
BNTL869752IIDXBY54,1499223699
CFGP508147VEUZHD37,4045585847
CIBN157789SAPVDV23,4169168221
EWXJ504071CAFACM90,7048480376
MKVO637887SUCCQP29,1293693696
OXTK164473VZNSWK46,6791305698
HHVA189316RKOROD74,1572327242
MVSP171977MHYJJU65,7275754522
IUHZ820024FBJZVM29,8234887882
NGOT989757XDVEEP05,1734658027
YJHR234640FLJOOA29,9028288451
BVYJ080258CBPIZN47,0602564401
LYNQ358544XVWFNP21,9572696726
IGMH121830IVJUBT67,8029890824
GFBW116081PBXNET26,3087074309
NXHB816307YBXILH25,1649671887
VECP891502HJUQFE48,5766302075
HDWQ203007UOGCQM41,2451204918
JVFK636654BODFMG70,5976998390
QFTI194933OQVEAX90,1841269944
RZYV325579CHEZWK09,1907523271
JRVV542586RZALBZ75,5271350257
CYSC446333YKBFMC79,4921587860
JKAK892214PKRLUU49,2023154594
MGCS166192WWCSCY97,4054138881
JKJR685621RMKLPH55,8060932982
UUWL546269BAOQEU90,8614399000
PKDG598423RMEYHP13,6859393600
DGAE594069ATBXGO30,3318778770
KPYI589019OEPUNU12,2373933709
WIMW336391UWHIJP39,9869981985
XFXQ567034CTPDQP45,2944939169
IMKZ611330DESZQB19,2613565910
JVYT563104PTVCYX64,6555923814
LLOU914666ETLCTU95,8161344519
QZHV808913CQHIQG47,4653332152
XBZO785596RNYBBY84,5872596737
CUXP944880HQFPQK24,1743350561
LXFN815692ZSXSZI61,8342396019
YORA191487TEQNOL64,5431760832
KJWB322939BRZFGD67,7093524094
NQKU030026TMYEQI08,6465220771
ITQM503646IVRDNA68,5704480539
CVOK216489MIGEFV67,3529340480
OCKG313607IIILEQ87,0369912656
AWED266293YYPJJV52,6555305623
ZDRF318076KTJYEZ28,1305182795
SETN010839GGIZZI97,1730468773
PNRO934758RWSBXX29,3849816582
GYAL692371MKSYNJ58,1028584954
DPTN648580AEUXHO12,4472068074
DMSC486028RZYQQY78,3028231839
JFBK345754SAKYTY65,5471856067
ARYQ517840XXCYLT37,6838515255
LFJD166609QVBBME20,0215192533
YZOZ861403RGIAUZ59,2779984313
REJM665919UZGRAC52,5131583451
SKTJ319786EYJZJK62,6572403819
BMKA853117FBXXWJ15,9813811805
RQAV213740TOZISM54,9990024179
USRG252515YDVNXM89,1161675448
ZUPT532374MUUEBA40,6749454534
XJNB321038QBDWJJ87,7285504689
FSMZ728147SVVKSP79,1586468532
EHTP819767YUMEFP88,1488246742
RWUB646944FJAIES82,8315695873
VOQT739616MVPDDG88,6092571770
ROOI543833UCOKCP83,0927402314
NYJR445231OMSVDA36,8064299804
RVTR152224KPCYPL14,9934127743
RMWO277446OTBBYP99,8577417984
VFOO237796YKXJCQ84,2151892231
JXIP536597XBVCGC85,1600785985
LYDR463658TYEATZ57,5321932063
OUAL025797BRGJGO64,1007134162
RLIA257330IQXRWO90,6485063839
DGQE539848CKNKYV27,6289332059
OPEJ491588YKCGDL93,2782292793
MHKM840305WQOHSL83,5894583706
ISZR757660FAACNX03,4471975710
VKNF812014KEJXDQ80,7027458921
SOHA836631GQKNZA19,1566230579
MENV407174VVLNFF43,0812441992
TRMR373182FKECYZ52,5964064889
BFDG087520KCDRWD77,7925097352
GNHI447841UCQKRM65,8145882095
QSPS430647FXLRFT35,9856882536
UHKV348461FVKNIA11,7263967609
XZLH753710CQNOVE55,8351835167
WMGQ309074NOVOCO73,1471933580
VOXA660235TLONHP88,0574171636
IVED528033GGTUKV00,8716667433
LPFO798844UDZCKJ92,8548100427
BSZU839003WMXDLH34,8006405199
QEXC370715ARRXOD36,1506175217
GKRR771047JXRHAK27,3991543545
JBZU655294FLMDZM32,8446448554
ZEDD721358PVOENA08,2485412611
TBJS152562KJQHPT59,2180763048
DSGD069153LEZNDO11,5657840388
MBHZ610925BASPAU61,9351818888
GMCJ306653NYBRHR56,3669433222
AZAT689844KSOHFJ63,8364766148
WKPB488841EIZNCU27,2231918533
FVIJ281621FVLHUO52,2302592723
OJTN183513WBWGSK08,7472199154
UGNJ987923MPGQZN60,1314020860
OEBT065198HQCEZJ94,6294916986
RHEX850877KXGLWB61,3881981922
XEKM916890NVYAQF76,1781114719
ROJG966657KETVOX72,8104485025
XFZG221893AFAVML67,9604210583
VXGS243926AWYSHL57,1267024254
WNBK707334FUUYZP46,6797306462
ZEZL833958SGSHJU86,5293168024
QXYA745710RZPOSU15,7940618850
ZMXH617505EJOBUK78,9990825977
OYBD192339SHFLOO18,8721562683
URSK003473LMMFWX21,0242980756
PPDY400718BZXPPH27,9332758755
NRNE143437JLPUWP90,3689684528
XEMS236361FPRVJC98,5730375028
NWQM916002JEKLVM74,7522571397
TPQJ817418YVXDEU40,8370015069
WWIP217629CUZNTW86,1175007448
ICVT422406YSIWLD02,1790628497
DDHX611503WSFUSI36,9183361498
QMIW477199HUDARX23,7777367616
SFJJ119836IQUGCQ75,2906373949
SKCO104195QMENTM00,1899523971
FNMU082518EXEMTD67,8004150800
AFYM001767DNYDUT99,9855781886
FGFU588677RNTPGD12,1868523744
GCQI144552MOADFT76,8223861726
XRXG560043ALLBZV32,2176400966
DBZO497728JIMRTX54,2950001773
YHVY970948GDGUED80,3247278178
JCRH000234TSJKVR95,9146441623
PKQB727458HYMCZG21,8842781300
WWTV285433MBVZWC52,9230805846
NNDT307438HVDHLI30,6140641665
KTKS924368OEDROJ84,0475167334
TJIH014219HHZLLT08,6302800444
FMWV838568RKIWQY20,3302552876
FCAC722533MBSSKM05,0883420748
SFZS149155EGSGGM96,1267263101
NNHJ546431YOOSSP74,8013319990
ZDAY478877TPIFFK51,2341225095
BRHY428670SAUIBU90,2276567563
OABP456903CQGQEY88,4662379354
JZIL671611DMAEKJ70,3373341994
ZNRM037584UXCFWX94,1632482440
TANY214305YRHIAW79,4030539060
IMKP518070EFQZQB32,7140164705
BHVP014650PUACKO15,0442843107
GDLL185982MWVGQK65,1088080143
XNZM364642NASFRB75,4374922188
CZLD348885GMTMCO32,1562307198
HRLP378167FOEEFI28,5636798017
QQQD893571RFCOUQ86,3592747155
AENL684941QOKPKA71,2466028369
ZYTQ446145WEATJY18,9654984134
GVUO697256XXOBRW46,0936836260
INMN615944YWYGRO97,6690620556
ETOL969098ZUXLQL90,9010152551
UOJF359532FBLQUD52,9745198558
KEUM875769IIQRTL22,8675386583
GWAW396177HOAVFA18,7071921144
UPJR236066TYUDAX88,8598022135
XMEB711464AVBZRN46,9069144878
BKZQ449966SNRMWX97,3869337464
RTYY814098LJQJWG25,9663158185
ZICB591690KKXRSU22,7254351232
RJXP067912QXSLFR28,9687995301
IZKX718716VHAMYU87,8348989111
ROXP920459FZTZER58,5720881042
UAQM123584PIVWDV23,0858303306
SZTW584899GYCHWY14,7319232376
DVEO509214MRDSIW74,1545948145
MESP126540UUIWDQ50,7623100101
BRYO691448MMSKTS28,3136801919
HLMO713806YOYZGF76,2933239029
VILF017837UESIZT66,7032117176
VMQD940470AIHVGA46,7953512747
VYCH604766UMCWAN44,1076105024
HNUF976489FCKRYU18,6177477951
STKC736360RHXAHA57,1582740235
BAIT320650WTOFDE61,2039332891
RZNU788378OGRWPX93,6549140988
YENS998318ZLGDON98,9755631403
XCFC015676RTQJOG77,4617857937
DNXI785162UCHYAX48,7608139114
IVQP123004EYFYWY66,9693977455
POXG122017UIVUDU28,9389786755
FUMM423588DMFCCI09,8060285024
INOI822784YLDQPZ24,6878046127
AFJH952733HXCITM84,1315764723
QFKD748367RSYIHE27,3221726720
WXJH743124RXLMQF03,8324450827
MSJB331232EASJWF13,8789347222
KIBO790071ATPSDT25,6898220239
KDEU889588SPNNHF64,9303393475
BWFD442331EAFDRD42,3409619444
EWWW755570RPKJCA40,0500705111
ZDKO579363NYLNED00,2456309331
KGJP768495HWHYKQ92,5116052553
KJAD296930TMWIEL34,7699228100
VIHA075334HFDHPO81,8101834178
RVFZ416599EDSRGF79,4671432982
PVHS334811JEXNFZ44,1585434820
SOAA604553QWYJDX65,9379404145
CWMD182964SLFAFH07,2227483247
TCTV281558ZXWRAS19,4757520022
JAHR545264GDLJTF67,2791708284
JDTF281362SGBSYT68,6024202521
HDWT344803OITRDD33,7726081222
GVZN377658SCUOFO95,4408192469
SXLX345174IPUNNO11,7895294644
STIV278807JEOTZP28,6682128883
YZEV489551HXNUVY11,9276310530
FTEZ758634UVHKVK64,8469334241
WELK676528JRWVJL44,5755351938
IFBP287325FNTDBL66,5542930826
IGIF019725ICOEPL30,6739401470
WVLQ290924XFALLS42,6626219295
XEIP644635NHUWUI77,2272305361
WJZN834867MNNUVR83,1885965359
OUJX896062HWSMJN86,3657339743
CNVA064297WQXSRK60,3516162387
MBZQ934684RVNFFR98,6734782028
MJML844563KXZGXG20,0893202271
BLPZ113033DRQNJE26,1454866652
OEUG066528EOGWNU41,7496949500
XMLF994038LLCLHP92,6604914367
YEQC491345CBEERK43,2841499064
QDVD429679IQBYDZ44,7543138295
HSDT872298JSNGVB98,7016657443
VUHD190165IMZCQY21,1583517998
CCJG770918KISBTP94,4126001863
AXIF024453ACTXNG94,8901503732
DAHH266652XKKHSO34,0889196967
XJSU821438ZXGKKW14,9204176095
CMXZ581474PTJORE79,9729285778
JOHU472093PKHTJU11,5545028445
PDKV429657ONYUXZ35,6077541449
EWVN524379GPWNVN81,8759665207
WUMS557963PPVYSZ84,1166394113
WPFN853593THRPDJ35,2441845303
YTUP363863SBENXE61,8445849804
BYZZ749423ZAJDZB06,0138534556
RZHF974792UWTJGR03,1466458651
EFAM904951MJWATY15,3415906893
VLSN100216WZHKQU10,6241972574
RRII347062YYYECJ22,1167088139
JTTU062052RIHFRI89,2536245718
YUFC894849XPWJBZ26,0022471746
HSFC730227AVGRNC36,3857937297
HBRJ802573EDKIFP85,1242492472
ONRK007035ZVFIDO30,8515743070
BEJI218649ZCBRLQ57,7000184479
JWRU938348QXDLUT72,2722775332
HMCJ934924QRMKTW37,2002256351
MUPY924345JPWFWI62,4080376543
KQWP008757XDXCAN63,0186843778
ELXB575966RQKSKF44,8493335634
QGKP900739SKVVYF78,0342537369
VTTM689813OKRNKL60,2808268626
XMFE121515RAHEBK56,6856320836
TDEF564522HQMDAK79,4347156671
GXLE971487YRGRDM34,4472035270
PHYP613347DSACMW51,7369839813
TMWM453623SXCZUI85,6052926268
MIMG241256DLWZMP49,5769455613
EKAB133830DMMBYE32,5464838863
KQTK874811VEGWIS26,0761806204
XLSN770773LSVGPF59,0796467724
XHGS092928LZJFJB86,3347065114
ANWH345201MKSGSU05,4526751315
QPPO016012WGYJRC44,7660555507
GKSE848043ZJCIMU20,3493972478
PICV086144BRZEVE99,5680997970
UCVF696192GVHYVQ04,8659588752
QFMB764028UTHFAG13,2843349203
URHE285027WFTJFO59,5911737014
UJUB023155UZRKTQ21,8875588642
NJMI790407QWBFZT96,0459155421
ICLD835104QLKQUR72,9783417915
SRAC843740OIRKKE70,9662616621
RDVK455489OEFBZT51,9229126961
LYZN640687QKWMRG14,2946962811
YUFQ375179ZSKERB41,9949509474
ITCF899831LRZUEV15,8260440700
CWUV726348OZTIAH85,7141504163
ZEGK958719JUUHEB80,1913783905
RZHA009833RAFITO92,3392634293
JDXE829054NXBLFA85,1652548148
SYNF460619ZVYBRU08,9649910490
WWRD553799GHVUWJ12,0045877593
PCXY232994OVYZWY54,8924647682
VFJW759071WUAIIQ26,5736090813
LWBX730531SOLWBE79,5047947587
DFBC782340YMWIHZ19,4380316869
ZLDE404846UVBNMF67,5766494521
EIWO793920VLKKBF42,3523336987
HRFI684116DTGUZG96,8760089940
HNML645864VSZZNV26,1095266228
POPK670116DOVPHM57,1765253985
GYMO304328FQCMNW19,8584175622
UFDF313142NSHSUM08,8491607105
CHIC157172SXGNNQ54,9573129201
NIQJ367285TXXCHI08,3315252129
FKQS626219SLNJDM90,4550842834
IFCF262955QMLBBX55,3312020544
BPOP067187HSSKUS51,0803153944
TZPL513792GOWIUP13,5853489903
RDOI022667ZZBFXJ60,3561200038
DPPY267706VHGNRD67,2185040286
OVLT371668MFSBXQ15,4257726880
SGCG822734ZNLITO36,5676306266
ERDX734115JVXVXF81,3822885675
RUQZ072706GUISHM51,2789628295
EIVC413824HRWJZL38,0048899089
VXXF026894NOPEBG74,0418729943
XDIE278888NXAWKH87,8569295841
CMBI264181UCYEGI82,5233116809
LDAW195785XBUTJZ64,6773701443
OTBI325795EHZMRL72,2560641706
DJTJ996369EOEXKU14,7324733847
RGRG090064IUZVXM93,5736105979
QSFF911436KCAMZW65,7658321609
CNPI080321AHCMPZ00,1476438061
DPQP667185JGLHLP86,6929048944
RZYM944222PFXATN97,2208267127
ZDTC039843EQDZGT88,4620284890
YOHI711523VKGREO08,9696042686
UTWL521614ZTKXJS57,2945717587
OFLR704660MWBFCU66,5600508429
PJQV859309CFCLWW65,1615822431
BXVZ656560LERTAI53,6263072392
KQDB750643GCPWDO35,7841555849
RNES145080GAKREF24,6858984352
TGIO980143MOIMIK15,7233455155
BHHO439409DENVUW52,6729092604
LZJS404729UACBKW06,5239167754
SZXE089768XOYRGT26,6381376058
URDB237306TDAHIZ95,8620930807
FOND158041TLCRXJ68,4345894117
OANA175653XJGDLV15,2592948969
JIOU807341LWZTIY56,5166345294
FVUX696182YZAQEH00,1140874092
BAMW913311GGVOOC23,4868937635
ZMKT478443XRKBKR24,7040740171
BOYX402009KPZGDA82,8185267038
ZQHV260133LGRHFX32,9363655305
IJII503953NQYTDI93,3637630934
OBOJ131545EZVAMH99,6323859350
MJFL730088WDOXSQ11,4737581835
PDXE322818XSPGUP52,2031442501
TEMV885171HKXRLV24,4782682146
FVAP386158TWQMWT25,0354274775
WHJM130631QTRTZT37,1523851267
CBZG313066CNXMZE95,8727942631
PXVA404796JYKXOM75,9275581332
ABQX142059AQDSNX35,5474116346
DDRX556950UWWHXM56,6672639852
HQBI319273HKOSWA81,9117468775
AUPE678080FBXTLY79,3757125687
NKUO106429JWVDNS05,6511369400
JJYR169246HKPPKX16,8004506849
LUVI602090DWZNAU15,0018543198
XWTB648112MLQOIF46,6426220974
HWZP845257VBMXYK31,0762091499
FYMT759596IOSJRS80,3637049094
QFQA558301BUWMDB16,2664856026
GQEY165571VALQHE39,7097639264
KOLQ262904UYIGCW84,6226336311
EQDY989834NYSEHR03,2315541609
NRFB504362YALVVN97,5751021973
QXHX742198NJSIAW26,5458877478
XSYP181318MVLRID70,0909040477
MXWK252063BKTMRC37,3432951769
IEJW008667SKRHIJ00,5550412739
FBBO125834RJLEGG84,4408552896
HTMN411425WDBXXI94,8793186840
UFYX907248KCKIPM75,1894164402
CBVU445593XGSUPH28,6161703211
UGOY157902RXXYAE19,5664529336
CVNQ202769IPHQOP10,0864527609
RVIM137917PYDPEG22,2319285516
YTQE861189UKRRNY78,7652459433
OFVC296652BPCSIT90,8111849724
PKQT389605NIWYDG35,9092093252
NCIP539401PIFSUV70,7516224210
XEKO087755DWUQCR25,2313358046
CEXQ527954NEDUHU22,0582912200
NNWI090478CVCNGG52,7064148931
FFXP674798SNVNJZ72,2026313092
DSQB471259NVETLK58,4221575700
OFFU612187GABBTN51,4958886172
LZHO105740EDUJEJ21,3090532336
ZHSN648958ROLSYG06,2304641207
MHQZ252955AJTLQB35,2683930082
QILE647790MVCUWD04,3284906222
PITT253139WGPYCZ49,7303551939
GWNN821801XUURKP03,1695292630
JWXQ109171QFCEOU99,0099108064
FPKO180432ZYPAMN18,8739843236
ZFLS920962JZPFZM88,0175226637
GCCN740365UXQLCC11,4324350178
TNFC851000GDDWGM37,1212589320
TBRZ041351ACGIXA03,6434963705
PJDR647159VMLGAE15,1745852868
JPZT569951WAFTFN98,6504397662
BLEK220685HZDZAQ02,3353436636
UZEC551399XMFKWC93,9019299165
NTRZ748259BGAZUM05,5563109249
JCEI225149QUZJFC70,6868705799
