curpcajero,telefono
OMNP627008LRTQUG16,4947974427
RDJQ961279OKCOFR60,3021398294
VNOS661906QJVRYT35,2285846533
BBQN024306JKAGOX13,0660713489
WZCN322106UWEKIS48,1276341210
RSDJ027672CTAYYU93,5923105020
XKWU660209FSTULP92,5333081662
DIOD237594CTJPCA93,1976533473
LQTE348433OSAWYI57,7378300462
OATI160060STATGY51,4651526357
PVWK664902IMHZUG02,4857177145
DDUH823928HHHSBN62,3645197893
EIKI961663SXYPKD96,4092676697
CJWQ106181JLVAHJ91,7965261766
ZXVI071991ICJTZC91,6817507464
LYMF543347HRCMJC16,4904995880
VJFZ294515GYARXP65,8609491838
HUMO639648JRFOLN73,0384087493
YGJT455399CIHHCS96,5699289631
VKMR698507YMGHYP10,6840615707
ASJB310328ABSDVS82,6082920309
JMVJ032507NEXZYC31,3129675140
DITK800449BIESEZ45,2527054102
KMEZ304806XFCQRL12,6627925621
GXCE069314AQNXNU18,0807808342
HIHO803296WHNSZZ78,7957521371
NWEI881913TPMDST64,1391496914
LCKQ621165GXZIBT89,6755967734
PVTS584647ODNAZF38,4126068821
NHMJ202468UIQKTU63,4003505271
TFFM456588FZUJHG99,4871025772
XFFK251027ZFJZTG44,6281013085
RPHQ595795IKXHNC24,3984702876
VCFB313093ZHFWAM10,3318215953
WJVL819663WJCGUF65,7934553730
YYIA752301GFEHNX21,5979775129
XBEE038039CEPEMA17,4480360670
OKXI981404YDEHZW60,8355662482
LMEC809072DCUACV04,4908934320
FYMG395268GAMQCD09,7741874853
YWPV219015UHCNXA89,0176415777
IAVP287795VHXXDO21,4410031708
KOEK802073ODDXOF40,7703317985
DDIL379719WQWVBN65,8148406693
XBRY085445YSQKLY38,1535796812
ARLT693026ZBIWNT94,8477744904
VVIJ870123JOXXOZ97,6794413647
EVTM079960EBBABV15,7237398725
FSIE459985FBXPKO50,0970611722
OPJV127207QQCIYF39,3963037407
MFNR634709TODWEC74,3928413104
EXLF662077GJZODX04,0625925076
DTTB279535CWFDHC36,1633373606
SCUI173392KHABUP09,1612317200
BMFK584985RDUXON42,3120789496
JUOH138023YSEHZL13,1531710387
LNWE402548BUVACM67,3559877946
MOBQ406774GYUNRG21,5147159398
WVHB805529ULPYCE05,6598717817
NSFY929043USEPEJ60,2002692408
XEQW559874VGYMYV87,5110272522
SGMD727203PNHWIZ27,4784015167
FZMA031131GFSKVG29,8464799411
SCED084724LXGKPW76,0972126031
FEOM200936UUVCOS47,9853807211
SOCO635942EGICXQ96,7688592062
NYWE133138PJSSLD33,8507441564
IBTH491819UOERGO76,3191959211
PSLJ893228FPTSMZ94,8009853844
WXAR294688GHONON30,8987721396
NOMB068163OKHMIX31,8545967403
ZYTR041778LNAKVU12,9625626719
AUPQ351692YXKGCX54,6541557047
FNBD104348SYLLRF33,0743753070
KCMN880358NLKTNR75,5373108650
MABZ529419VILXLM68,8933845739
DNIL974716RFUYQC47,8095084867
VDWY755266JKWVVO31,6824765791
YFVK661983QEFFSU71,7909509936
RRWT776126KFCYHW35,4568021138
DECL135831TNVTKT87,1612765440
WWYZ920316USULSO46,7579788659
EAIT862394RYFPLJ06,5785969173
LZFV087848MBWIFF13,4365778927
ZZWG481847NGMFCB35,0676208258
RBFS502130YYHIVU93,9071117626
VBTS131239LBRRZO36,2486513450
GWEW042128BVJYLF72,6691149858
DVOC266508VOZGJE35,1310892741
EZMN458374ZPKULM61,6351761026
BPWR812509QCWTNM83,0319620492
KEUT233395HOZTGN85,3870695951
HKML005081JFBMFU18,7985178872
JWEB460207ZBHLXH32,2594713058
QZAL320645WMJVGP22,6930358320
JMCS069600OYWQCA04,3853567142
JYNF267253XWKBLB60,4635887707
CODA467980EHXYNF57,0766789764
DFQN005409QZCMPZ89,9297190499
LCRX956190CMUIKV20,5872081359
IDUR948099ASHQSG59,1712576569
SPOQ071080SFYWYD70,5864706981
EKHK668174XKWIGQ92,6828256557
UPEN842794VZIKRQ08,2305082215
HILV102616OBARUB37,8521570104
WYZQ897925UTSAWM24,9747451964
VGVC597783GZBAXM66,6066394584
DOQY674783RWDMRA98,4237812537
PVYW516318NDUNGK70,4392444910
DEJT194043GEEBZV91,3611655635
BTOX750859KKSAUY40,3667396058
QCYZ405685WYDSTI16,8533743750
KEMW351514MFDXNH24,6639176351
PAPL012695IHTWAJ31,6687386166
WNTH606878OVPIMY82,7698277968
SWQL005635IZXKIC16,5962683501
YHOC393908ZHODGH16,6024729804
DGWA422014IJLIJF35,6403078631
CFGB092673SYTTPV75,6253231596
ZPDO478408RHCIUD65,1572989947
OYMA593083JKICJH82,5868543564
HLYG920462LBCJBG10,2603567772
SOJR628519IYEQIF00,1735634603
APJT236596RSUDCK90,2943102415
FYFK513376UVOKUD83,7703971529
GTTR925760QFWGHW37,5456493063
POZV991076MSVFOB18,6377599722
MKMQ972555KGJZTD76,1582475865
QUAD715854CLBMYX48,2704351406
CJMY825032WKPROL12,8704468643
SVNF666373UWOFYC75,1057063630
UBPJ920826MKGWEA28,1573528846
HYBY521194ASVIUF14,5859080220
IGCP971850SVZWPI56,8632159941
YWTV256648GIVOVU25,5506233086
GEME756892QMCGNP44,9124582980
IXEB970537RZVNHM95,0411275887
EIAH480357WPIZKW34,3053143747
VBRU716590KKBTCJ44,1354249305
ZWBS856626HJDKKY65,9659233817
DHSZ714610HRJECA37,9343568746
AKPS096087BSYYUL67,2153731941
GEXP258493RDMUCR62,4376313564
QXCR613996VHDMJV16,6292684911
YYTN231277RUGCBN71,9442549006
SXYL170974DRINHC57,8897472605
XIZA247776GYHYBS15,7405040411
TSWY364721PVJYHA88,1763024725
WJHU617721WTUFUN12,7531563630
ZSJN565359XLPTCX78,0067749364
WDMZ118026SFZGGH97,6258081827
KKHG958210LYXYAN65,7797554587
HXGW034714JFYHQT00,0372259928
RBCB361757XPHCCA19,9702805325
PPIT450475ERAXDH40,3440472604
XXBP852159GVXAOH69,1951125320
POBU636159SZAOIN33,0107999382
FGFG673875OGGFJU29,4183178673
MMST386953PVUPSE94,5747470906
RLHC611645MLMORL50,2485298823
BEXO680211VKEAOJ23,4602752071
MPBL342637XEYEXE87,0090244532
XQTW766480SGWAHF82,6316576730
JHYT417050RIXBON18,8264861032
GUOW277502FTPWNX66,1643945491
SVNP794360OTNGKO96,5685980434
JAUA895732VQDCUU21,9224794521
IQIR301388CWIROL62,5784529412
JKPH089865WNKXIP76,1824497660
GIPW347465CHNWIR80,5069940945
PEII523372ECFNIP13,8007726098
ILYZ641199YMLXDC02,3745172744
OTHH484189ZBATMN81,1909795585
ASVG936753JYQOFA13,7948055851
EMRC998871COMQQB84,1106720334
QXHW318727CZKUGG15,1380204003
EGZP449453XDIPRY87,0950843806
ORMV909981WXTKOM19,2343861404
VVDG928430TBMBIS71,4295523429
IYFH255570CXXLHH54,6753570535
JHLA916495HTVBZG87,3337971555
OTNS500696YJNQPS54,5968858842
XDHK892113CWSPTU95,6884500573
AURD579866DTUYLM37,6865809254
IEHH454516SPKBDC36,8957608052
LQZP312708JTPKPT25,5463885710
NRXJ189009SOZDBC80,7724719071
KECD590600ZDUIEW34,5001763096
FUPY116908QOHFGV06,6520979589
LBST974926XSJBQE74,7349148100
QMPL042537HBUOTH36,8688173338
IDPG110720LJVDDT93,8983723440
RENJ149573ARJQLC53,0216696658
GGPZ131190UEAEOG27,3901896716
YSAE745178SNRHXC25,1125562994
BXIA323029ACRLDR91,0237852985
PZXZ238739RIBIPZ15,4998339389
HXBC893267MSQIEY06,1595256601
GUVY416925KSKPAW47,2847765727
WAGK502461JHUXDL88,7582950909
UEXK767930GOXLPG71,3117264035
ZWQS883576YHKMEQ73,0759481660
FRNL014210FDSNEH08,5688514523
GGXL992079CUZBSD81,9773502813
UOXN396728RUSFTN38,3588427821
NMLE204510MLHBWF25,4859976622
BOTW273210SYJIOS44,7340869654
HGRA092886LCFXYO09,6610936102
SXVX749852IUSMVX22,9380086695
RPUX728209AWUZGJ61,9921011952
IJFC062141ONAGGI85,6543110163
ZICH983116FLLAUG54,6514264190
IHHM762321NKEKOR03,3093503426
VCWN197579LMQCKJ11,3086253177
HLVN978714UKOEGI64,1393576532
JOLD839753NOTPIZ85,1389607178
OCFW373131TJLMHZ28,6908058921
ENQG155920EZICRE79,6718933317
AWNL703702BTMCKB54,1188337726
DXWX210232JZUYIH44,7248475998
OKKB286073UZAMFK74,7861292320
GZKE720283QDGDXV23,8575686216
VVBG007983TOGTXA77,0733397042
ERQU292174CRWAOY87,2955695807
PUHV070576APWCQI96,6098047022
QFBT577658JXNDJP60,5961924254
BGVU099479SIPMJA68,7787267143
DDAF635025BZUBLP48,4106866358
QLAW206275YJDAXO29,5965700504
ODHF755175PHMWMH67,5766708351
UXUL907812BUMBUQ82,7351156336
NDVT746725GSQIJI03,8808918777
LMMX506474LNLUGC09,0191806056
ZPZK502947LUIZCL61,3462888161
KCYT661952ZUNFZP93,5739840821
YKKQ597185HKGGSS58,1742158536
WAJB083601PCIMWP23,2011790115
NLCK829431HAWXET73,0197401996
TBRK471248RRAUHR37,3253911640
SLIB807117NOFZFH58,8314834025
WJEW800640ACHDKU73,7327111689
ULTP190454BCTXAZ88,2075842280
ZWAJ727881STVUMJ37,0022318119
IVWW286891IVXWDL21,0806642831
CHPM353682UEFXQF47,1977860230
KTWJ846977NWREYG68,1380405785
KBUC670308FHNIHK02,2581990341
PKYO182384GUJYTW88,3541129468
QVWX865434GNDHGH72,9551328523
LLIC314473BWGJDI73,6982451399
BCAT916022MPPZWI33,6968214164
ZXAB908153ENUFHX54,6028534951
DAYN653887EBWXWB71,4962847546
BTAX697061WJUXYQ80,9957870912
PLKE164495RBXJPK28,1439875839
ZKVS632830FNRKSW93,6856334567
ZBAK632311YTWPRC29,9984332063
QPMB607171AYYMCD78,9391587577
MFMP016947YTPGGZ53,3590175583
IUPV818826WSBUAL92,3184430103
IMRR186061MXIZFQ66,2507601590
NFSQ130386LBRZBG93,3159448231
VQCL910176NSAEND19,4635865800
BOPM921912VUUWYP47,2634841647
OOSC374006TVCAUK58,6271294898
PZBH617571HJCAKB34,6940690549
OGMK334897MOXLQM13,7928150514
GQAI760456ESRNED01,9596113585
LMPI308006FRINJV60,9977731101
WEER824413SZISBZ99,4671488396
ZPVS473451MBTVZU77,6505070818
ORWM297228IROKLL95,3324310261
LYMW190541NOCQMR49,1449284442
NIWB656413YIVIMM84,7603210925
OCEF188421WNTHDI50,7959737851
VFPX009657VOXMYD48,9554698305
NMBE993686RVRFHW55,3198587999
TDME013667VHINFQ29,1207036536
LSDA820091HJJEZT76,9034958760
YQAS442545AATNKM10,7676495733
BIXL622851THYPEM02,1383942412
XZAW001874JNUHUK10,2693573149
YNVB873465QPUNOO09,2584014610
SKPS886755JINTBU89,1263048072
DTHE685631OZAYEG23,4981800363
BWYR311731VQEAJU91,9607282965
UZEK070775DTKZSB56,9125554611
QMSV888549QAVCUJ01,1102817708
EKNT936692AHLRMA99,1963697200
PCXJ189437NGSQVH32,3719046427
YUSF543691TCPLTH83,5155226880
XVGB369682IDIONC27,2688192205
BPDF746352BSYMDV07,9671907555
EQFY205446CYXJCW43,2730675566
ENMB681949IGMOES18,5611817297
CCPX773939HDSYII53,4751652273
EXFE778776SCTIRM12,4003898745
UDTR971679THEHWC23,7337888392
SYGW617063WZHSMM78,5986070909
DTUA035206RRLHRF86,5802096101
OGSP252877GBTMSW53,5851182067
DXBL727157RJAALO36,6516473250
HTIZ289437VDBOLN24,6082620232
FKOT176775GTSZHX74,3445791368
FAZD893513SNESEN41,5610266661
CRXB716672CSNKOB61,4785419067
MNUQ410660SFIVII12,5561517678
WJBI626993KCMDAB80,1209862417
XHXU010234CBFVAS99,9023130839
VIGS996667PFAUFB20,6574859697
KQEQ844500ONKXCU60,2722966204
PKVG867039ANCLQG12,6514478735
NTDF554078EVVOGE21,0503096636
VYDS648063KVZXVI67,6748570328
YRBD617465AAMGQC72,5740051983
YZRC963694ZUDYLL60,6064450630
WZKY773258HNUPOY32,8691977868
AFXP187754ACYWEZ09,4904105648
BIJU391615ZAGPPR94,1320331483
IVTN722384TZSEDG58,0983022275
WFKA282032GDGBOP93,8074873463
DNAA654048AWBOWV90,0604228074
UKRD098486TUQXIP11,6727302979
RNMV732861EXQNXN73,6544222887
ENGR227559DTZQIH64,0273949438
TWPY033839PAJQXX96,2770463527
QQHK134422KHGYMT30,5405911577
XJYB275699JBEZHO91,1319343740
WFKO186559ZFJTQI30,4498879562
KLHG480870OLKONE34,1368022286
HMFD186190XPAPNL34,0432775048
NMMG097900DHPGTS70,0718047338
HCHT314666TAJBIC69,5924734900
QQBE167542PDEXES08,2847669566
XGHQ055376ALMDVK85,6764577692
FWTA967705WBOESH07,7403411560
IGSB908638AGRCOG73,6309267515
BUFI241710NGXYKN57,3988777293
QZLG430795YHVPGO99,1779758324
EQZH763417QUMBJV73,2028773472
NYPG608446MURUOU93,5839436178
DFCO271631NOICIQ79,4628554986
SQFK134827PDKOCV37,4956554281
HKWG339504UPKBTG91,3757894065
OJQZ248131FRZMTE46,0187030227
QBIQ092464CXQRYC42,8158999239
PEQO863580TAIHJD10,2749237378
MRQI909923VOIYQG93,8053167950
YMXP173442NGLZMM38,9319668191
OMKY295443KBAHHM10,5337934163
WODR377322QTQCGH76,1443819425
LOPL313342TYSTIS12,5406784900
MZQL596527QTPXTG91,8920779287
EAFN870410DRSGRV00,2714680585
PJVW302856QECDFU70,5517012027
ZKHH192821KKBVQW51,7230493374
IRQS165279DDMELF83,3088585703
HKDE498168HWOJNI10,9375500969
WCIF039481OPXMVG41,1349434442
XTKO662023VOTELK44,0963588192
PQXU064898FQEVZQ64,6509426250
XNJI824831DVBMED33,4010152427
QLVY338032DJPTEO69,4916320220
WKJY666978IKOAMU93,9413039836
LRMU190374DLEPBU38,3015068156
TDHO675610ETLXNK07,1129485285
UIEF372425QIIFRN35,3175463878
YWHT146199NQMUOT09,4122536294
YMHY959722IZFJJP07,5519801835
MREP487160HNPXJV75,2084507979
OOLW646801XOHVDR16,4701096326
QQJP528621KEUHBT65,1695527143
YKBP114846OPECUY88,5649995761
DWWZ049862PPUJAA76,4295836265
XEYE768094VZYNTK33,4386606904
MOWI003529WFQYHM72,7770988675
MNWU607001HHETKN11,6507619647
MRBQ948931KPGGCE57,7646878715
BMIJ551838SWUYWO07,2290550477
LXYA030420NOTFHM46,7857793280
NRLM445908TEEFTJ77,2151879771
YYWH583733CMRDJW07,3582989054
TDWZ329708MWOQCW13,2554402833
RBPO076373NUPYKJ46,1248993292
RHXD742431YPMWRQ89,0316611301
BCGI074232ICBQYA49,7192959812
VTGS049006CGWMSE64,3667506864
QFFQ269270RITNFP74,7371535634
YSAV312568LANLYV52,5293556444
FKWD984669HEFBMN37,3644749442
KWAD987360BZHWNC45,1645084027
UHPS373773RKVUPS52,1051163277
JTTU155249KAQRMV98,7587312773
DMXB684887BPUBEX70,6838352818
EFPB511063AACFTI52,7378983721
TQGW464096EDDNYX99,0229012086
IDEW419654DZVKJO68,4510110715
HMHR826995PHJKOJ81,0939701219
ERWU095373HJILFH50,7549035539
YQUX051959IQEZOC09,1634084896
TZGP286758RVHBZT15,6630587065
IQZL964226DPGKAF32,9863943215
CZHI025557ZUFQIT40,9688795127
IMJY431327EMMKOT59,5677206512
LZRF696179VSJWOL15,7929098702
HERI655108MHMOEA49,3973749728
NTDU893005DESVMS46,1180265823
KTLQ674906SDIGGY44,0971764123
NLAK973358HQQCMJ20,9608777895
GVGS547410JFHDCW55,0762404647
HRBM212250JVDTVZ45,4241106862
VIVC037383BPYBJO18,6534982129
KRIO074364FPVKVB38,8624586542
AOKP165301JUSAIB85,7325721641
MYDG221962GDMKEY66,9004681647
KPFA377913UAXRCF16,8742985706
JTEK139478EODRRR53,1418665487
STIS755209MQFZJB19,5450888473
HDHQ235893PIVPVK21,1194515789
MHPE601430YBNHIS00,9376320018
SUOF329288QRGQVI75,2592344020
ISNK308821ZYWQUL35,0975014978
TDQO633890SDQYED62,6874492330
MSHM420107XSVXEI20,5214767382
PUJQ246478BDCLVC86,9299598614
PWPD950954NJBJZS53,4490239866
BMZS450902UCIFDD35,7215066851
PRAQ225439RXGIQF14,8621349868
UORU016863YKAWGK84,9466728954
FMVI933011TONVHN78,4444608579
XHDX373830JMVCNO50,8047340174
IJYD283737GUTAZO87,4413738748
BRWE081780FSRQLB08,3584595339
NXYH630110QBJGRH50,7030026101
GICV575050QFHFXB75,9454913638
EQZP903108DWZZRE10,2354000693
EHQS237169XJSKEZ91,7421786554
OZXN522453YTYKHA83,4153374709
ZDMY138525MVULKM54,1212825683
JFVS037467HNEQWX58,1757932038
FZHB299061APXBWN24,9451457151
ERCN275493HTETDD72,6244393295
HBWF962922IPKWBH43,9641059726
GTCE719899ZVTNHY28,1211321533
MWXH461094XCRYDB44,2152652274
XPAK832553FMHAVC14,5275815573
NBYK009341MWQSNA20,1209958929
MMOE924205JAMRIQ78,8089454593
AEDL371022PPCBJB37,4302259787
NSBX387274SWBXBY03,9387123588
SONL158432JCMULK27,8707977476
LEWW164119IKQSVE28,4631240016
DLEW938334EOJPOA09,1293669407
OKJT851450IZKHJQ28,3022445644
HLFZ465330STOUYR12,8853981350
KBBS799924THZMDD81,1565099877
XMTJ316718HOMGUK87,6189757847
GAQO846344RJYDBS16,9421736311
ACUK911633QIMWJM29,3728779342
IYUP479106IWQCPQ88,5095386666
GDAC368473ZRXUOV21,6315492037
FUTN058700TEKKFL18,4872778561
UCIO665543OWDLTW75,5896872380
QNXV866987VHNVXY87,9366891144
JCXK832930ZNNSXN95,0235682780
ERIS518932CTSENG83,7835721317
GSZY225736VAJWYS83,5630290126
PKOV538952TSJZLC93,8629054913
AMIT770822ZQKBPZ93,9990456917
GCKK461933KKMEVL94,9346595132
WTEI224253ZZWILK98,7107459252
TJCJ237008OLGUOB56,6853220927
OPMN582449XZCIRI32,4475720249
PLSD482129SJIKGC14,6958422708
GXHF153095DZNMKU33,1087601185
OZBC420249KRUNQN78,2576148530
AQFA825046LOETYH74,5346001727
JZTR906828XIDNJB72,4036297457
JBDI345301OHGEOF26,8342811662
YWVF218542MJZAQF63,1776414756
KELN699807QIAIFN71,1061686310
WURA154841VBTJLD95,4727552515
WROE398841EAWTQM17,0321295412
BEQC825021UGFOQF85,6810942300
XNFP697095VTFDXU04,0272660213
GSXN440312ZOPNWJ86,1996773631
XEOJ957488KXBBLM79,8876669337
UYJA397158OODOJA75,1739989805
BMXU816427TGSNLY93,4025132796
ZMIY636939JTDLVX86,0280193963
YDJV922475WRZDYN37,3327052980
HNLU411841GHEZDJ99,8208691534
WHKL572168ZWOLNR29,7831067353
MGTT247034FABLXI79,0567962865
WZCD483134TBGYKX68,9268307979
GJYS469974FISFTU65,7995518722
TVQY704141MHQXOU57,1275489672
BKKC163678DJTXBN68,1134840551
DMYZ621071ECNERS78,7488975731
LOWM204932BANZHF81,1099274141
AIBO916629DIHRVA55,0004489004
BZPD844566WWACKV97,7927454005
MIHA405191ZGUDKC35,8904995027
EXVV922866LFJUWZ24,7472051918
AKFJ534005DHZPIL06,4779296129
DPIT913082RZYUWV46,9020323369
OVLQ496451GJZHBZ39,5880393216
RFPA691048YKBZCN89,3266221052
MTHS502604CUXXMQ09,7895020579
ZZNG197412VANUSN86,1269625683
TFDD482328BKJRAU38,5388802647
ZGOR592052YOBSMQ03,4508544916
MNWO670632QKRDXW88,7540399732
ZTAI039936HHIODQ60,5066348522
GAMG555646UCGSET28,6096499902
DSBV458826PHICIR83,8914872092
MQBY720580OLMCPQ42,2704126119
ORYG525444UISOZN02,8027397642
SASR368637FYGWCM88,0416376843
VBEC895156CYBSSF54,5522399015
DZIN788550YNNFHF99,5676781955
HXCO215588AGKACD84,6819247753
QYSW896009JLODFO51,0402973437
RSVN003636GYMUKA27,3074705027
MZPK981983EYYMBI73,4162141401
AQTB547663JLWGBV40,7014413317
HAZM475163ZTAMNB54,7585351054
URBZ764182EQEFVJ30,7733587824
AKBY091184WINXJZ86,9722226320
TUOM995907XYJCOI25,7423835609
GFFK115821UFMLRD79,6801000314
WCPL758546FRSXOC68,0603750796
SDSE713801WNPBLR19,0591651920
DONH070725WSIZJQ09,5715239338
XIIY431219LGYKAC14,1124032452
MWFN395656CCOLAQ22,2592232982
MDQM653149MUENSY54,0287577244
GYCX208157BULOJB42,2247725422
PTUI775588UEAUBD81,6583671107
RTDV836169UMTLNC95,6109376701
YOSN329728ZWFXFG09,3041543362
FVQR869091WTKTED30,4786030678
VQFD333573BDJPZK65,7815606857
WXWW782405ETBPBA33,9618789438
BRIO002152XLRWUN73,9073784719
WDCV589551GCSLPG38,6803946290
CCGW986804KXSGGG01,4343022617
ESAD904713RZCLMM72,8170734878
OQGQ424780BJLENM31,8477438455
IPLR155663LOVLMN59,6633438397
CGBA180756HSOPYC57,4736408669
WXCG681129BEXWFB12,6184754041
EILS338652FQUXJB55,6758449335
IBHP642768HXAZWK20,0827027958
NFTR060993GFMCAJ57,8727107272
SFFN069981YGITAJ00,9698227857
SXMC831582IDYXKL86,6315995217
DLHB398131ILGJDJ53,0778851583
FBYO314809IRMCUF11,7096246363
ALNG417931BQOMNE98,9779104666
CJOZ610860NFAQVL71,5679769174
EXKA662640NNKSMU38,0314243593
BHSA451059QCBGDP68,9919914827
UVRU991122EDTSWL34,6764575347
RKIU785495XKNWLQ83,9334247193
MQAY960335RIPGYS89,7631362173
ACPB644268IQXXTR44,8838392234
HMFF058803OHWZNZ41,8060633821
FCOM198682GUYTKR30,1610971388
UQDP893863ADYBRI26,2754008292
ZWXG948827CEAOVB63,2848896981
NJKK625685ISAELH29,7309962850
UTTE103003DENQOL23,9204622709
FKPT834691YYFKMX42,9972871479
ODLU954281JPLCTV56,7980456319
JWNN586023XDMIBI00,9007570536
VWBA195007ORZGXY37,1694587398
BNOQ630408CYZPOV45,2263451846
DORR495240MYMIKM60,4262134342
WRZZ917445YGNKDF28,2683887159
LEMZ974975IIVKAI44,8502984713
PUXQ264472DFNXTM22,6652686732
GGQV479769WIUALN89,9858464835
LOAM253586VHMMDF02,7403933036
MIWC506717ZXORWG90,1092875808
QEYT902366PSLHIF55,0435838776
IYKV330979PEVKEW24,1622270657
ZDLU190669TZWIFX72,0299310779
MLRV448518QGRXQP36,0541576607
IYQF489382WOAHTS63,0321036425
OLSB675270TZIMUB81,2329032560
VAKJ787454AZYWON82,0617932441
TIYE573073GAICTV92,3581923475
GHFL950554PODIKA87,0513903321
NIBH434915AHNQNE30,8944627339
EGHG129520FRWSXD38,9454961748
LALH170942XFYRLJ94,0722437617
LWSJ870067EDVRYU85,8990259746
SJAI659750PAWVRN00,5724127571
AODT192129TDBHGM37,9904337268
JOXA068304SXYTYY00,3696001287
RDIU054203TUTCFI42,8946892102
MKMY632493DMDVCX78,2473758506
NNWL675983VTIGDA23,4141373486
FJZB276815KOIHVB38,9417036777
OYUY172294HHHVUZ81,0928485285
XUZP091971VJBVNQ21,7250223305
UPLO159903PVMOEC05,3363802943
AHOQ740833PSKYJE35,9845776922
DDRH778835QCPDLI13,6519860972
ANTD069867OVVRSM33,7334034953
ABER725462JABTUL11,4709604894
IWJX364045ZFCPFZ13,9030986123
JAZC449920FJRFWS57,7739958883
FJFJ819966NKLMYN42,7198636292
ZMAK651113CEBSBG02,1560153296
CPQV812097CNHXNH42,9399926923
OTMP600946BMOJRA44,5799513703
FEUX870556ZXISAV53,4571752660
WQVY766359ZUELTM66,9561119978
VGST533096IBNZLY49,4948640816
UXWW238378MZTGAI75,9791393907
TZMH743281CYIFCD82,5730833725
MRIG790606YBYHGW26,5521161384
ANEP046606CCOFTJ37,4162589690
XOSU757459FDRRMB35,0835162842
PBGN672120AELYHU46,7734925170
OSCR308538DYHNIG19,4961567701
PWAE036037BRHAPQ97,6262524746
GBCQ537993DOVLRV93,3902188111
CUDJ120999GYNYWR25,5154161378
EZQR080905OEMQRM37,3038996335
TKPP676153MSFFAN51,2026168229
ZTGY912022ZSMTGW70,8852909540
GUIV625925WPDLKH29,5424076513
JVWP754712YJXECG17,6171441252
KCCW154150EBLPUV76,3425197010
JNIT687735HJNWBX65,0773532617
PMLS997315RFFGLV72,2192949626
KWYH000347JFGPUN88,8730388732
AKJP694084VALIFI46,2016892838
TQLW538612RVZEWA35,9895081944
MHKM235472VGYRBF27,8012367556
FJCA808144MBIMDE40,9698724311
MNDK166136TPFFFW22,8832887428
PEEI366420NYAAQI32,0605815518
NBTS323493SGXZRR60,2133916253
AKNK393099QBJRKM94,6495378351
XDTY072987RSZWXI98,0335902197
VEVK468420ZKWBZL38,5165016021
CGMG204633HBHTGN93,6331451005
HJGM027972YFMJDO34,7491712444
RJYX830172GNILTW61,8279423338
AHQE434423EPRMAJ91,5263048599
STGK130667VEUAUN81,6670205201
QVOA915613IBOJFY70,0837191157
ZBGG382048VXPHWR23,5465321202
NOJR336299XKYOTB04,1990652786
LZGC974311WUNMRW62,5460889464
NRVB029334MLCJDG99,9102054124
RIFK365048MBMXMJ09,9850845155
UUOQ511104MSLDIS27,4192203502
QVZS550938GPFYOW80,2955977519
SLLZ924493YTRAHZ14,4084782637
SUZM856114LGDZTU41,0866095780
EPLI195141LNNANA02,3262901474
DWZY021622AMJMEF33,5578388515
AUPG452957AECOMG48,4496362848
OCDQ387064ZACYBE72,4423110393
AIAS208212TOIYEL60,6177496873
CGFA582298XXOADK64,8000014386
PQZW306116FWDXFE01,7389476702
VTIR660810ARIZXF40,3674939940
CRWK615876KDVPYN60,8318032713
VXLC818999DAWALC56,4477172877
MRPI778217TFKMIQ12,2172600172
GMCF074007ORXAJM38,9047209109
RUHB804590RCLNIE52,5273125987
LORA607100MNIJTM60,8546588562
HQZJ105978OSTOXB67,9809045905
MHVA497561GBZFMB92,3464493040
XQNO069457MBBGAX60,2028827440
GSKT277055OVSXRP67,7647777440
ROVI598042WPKXKQ03,0868030139
AEEU270955DGJPHA30,5491034878
ZFHF202952TZNCPJ68,8036665131
THSS853642OOONPV13,8532930174
CXLP054932ZIQVWY45,8603257752
QACS891520TSYZEX33,3489040929
ZHKN307127XJWLMS84,4803220441
QGQB486761LPCSQR11,7325504314
XURM275818RTOXXX93,9912548442
NBMY820883OERNCX06,1370716605
IRVG397206ANLSVZ20,8452293224
IGOK128854GESCDB71,2330046162
HKJH483981PIBQEN04,4752814412
EBYE839851YKCGOY28,3176231563
DOBW631752JYLSZC70,5947245639
VDMJ143346TKUVPK12,4078629148
KSUY479381MGNHSW43,7199260709
AWFI541156EWORYY81,2686810238
QQXV207204QTHVQT51,8940773713
QABS825265FTMGWA71,3956367812
OINX232459LORDZG55,0321564634
GRHF019672MWXHTA58,6592258268
WHRU279300PXEAID04,7767430456
OMDG667369YHPLGO27,2290580031
OORJ769971VYLQUN77,0806060182
PIMF571285RAFLQX11,9135326670
ONCM689417PDALBO21,8493951021
FLEX931775TVLADB02,5016101965
QFRN116927KWKIFF24,7912933263
ZYOJ131101ZYSKTW74,8435227189
CDAC560396LMABKC70,4795340811
CWAO396315HNCTIG66,3701539170
KJIH377696KCAHBO86,6367322736
RZJG605179UWIUXM12,2814078399
OICH535507EDKWKF64,1777882184
YNSA304895RHNBHA57,6731965154
RPOE758923FKSILG34,2550765613
LNMY830376STJIEG40,0872723593
DUWD634414THHSOI70,3224092920
ONTJ455413COOMBT96,9202245649
INAH612630JGNAPE27,7767561070
CRGZ280892QCHPNV79,2886867640
EXFM421310CSSESQ42,0006174922
JJCN087724AONREN38,1294854720
VEYO499991JIEZBW57,2759962679
FJPI362417BAGWTM60,7250038729
FKOJ297805SJUZTD10,8162774858
JKCX468460TFWMXD62,4151340572
HJSR544563TOYCVD82,7510561876
NQVP353260MYHMGE61,7770636698
YNJM808889PCBCRX50,5216010432
URBN817090FOQUIV70,1320781071
SZPC131328WZCASX12,1676879439
GCMR036955UGMKJS25,2567817735
DZPP656056OVRCOF53,2784581934
GFUF539074VDCGVY30,4272747827
ZWCL582007JLYRVB64,0503459119
GHKR027784TWWZFO00,4342587971
IFZY063441JPXSZM44,5711424580
UQUW075019XLVANB53,8584825878
XDCP854216EJMGCG36,7158048853
GKLI547284AMOYNR04,8299198097
BUPR292009QNRGIO90,8235291673
JWZA303187WNGQAR52,8519787088
CCIJ552774TFWWTX87,1898143676
IFWJ632306FTOWFG22,1924513021
RZVP642003PPKTWI67,9254432474
LVTN193009KQUMFI33,6683097240
BKDW999904RUOXAE93,6575089380
OAMG406444JEGRKR44,4785990600
EMSG786618BOKJTC36,4792441846
XDTS350627JQJVAT40,6096230970
CFGS399390QAWSLF49,4701422282
QDUK856480OETXGU76,2721641050
CLBN115649ZXXTVT09,6898930540
AOXF576633KOPDRF18,1545174571
OLNF099253WRBGMB37,7688919460
XQOC765992WBHIDT93,0166466050
TQDH047757GAGOLF88,6651322141
EPAS635534JOTCDT97,8766091292
WBCW282357JNYDJV79,5346762957
QFOV548556BFKAJA16,6768721720
AKTN809223EXOJNE76,0418269017
MDOW585315TTBTLH82,4874634761
VWCG305650AYOMIU75,2409629997
XLOW555750ORZQJG76,9590785115
PCRA997177SHURMO81,6071754135
UWTL528270ZFUAYP86,5848601437
JEDM879272XOUMVY71,3762896380
QRQB265878OSIJKL22,8957163360
IJKI182539TRRAWZ40,9458394317
PZNF212127WZWZOH46,2622269862
PGIM263106KGMKXV52,6354277672
JZOF822038OTVZLG64,1435493176
VEOS376759CRAQCP64,3546163079
IBJQ237251OAGJAK25,2149186438
YIDZ492041DRWUWX08,5976207936
CYHE940508UQOYMN04,0848077199
STSP621330WHLDIR82,2703526997
PZAT269981QEYRBG83,0568123794
MXTQ294547URBHXI05,3332517554
HMHO254913ODKAMB20,1183780605
MWGN508240HUJALP65,1201602785
YIZA112296AOMMEI60,3633120858
XPFM488498QXMHWJ87,7677702058
BDOO027611VFWWSF60,7496019119
GEUX362200KATPCS44,5448599346
OWTM940077NLYKEF56,6242052865
DKUR948579ZUCMTJ35,2515435416
RGWK064334GFREPZ16,2284500188
HIJR233106BGFEET56,0336504438
STTT026242FAXTHF42,2460005644
PLVH365776YEMSVB90,6199817893
MPJQ303423UZMFMJ13,7536896670
KEKN941370MLOXUI51,7339963847
PFTK628672KDALMU51,3412834408
YDAJ394864GXPRHW45,4189852996
RYMS836729TCBFSB43,8111915020
EOFR933832WSBFLI43,5085757106
GKXU643840LNLFZY63,9177701526
NMKF365411ANHRZZ88,1985434482
AJPA419954NVVRGJ58,8175029129
OOBK764515UREWAS51,2262875243
FNTC670924YUXMRM85,6786763715
EISZ490323IIZWIE44,0253440912
TTRN611379OFNUPG99,9853204657
PFWD354332KDLUZH14,1585290491
XLFV579948QSXYUX97,5159568433
HQRG314844DZFCKF08,0234490292
QAJY649300HXZONK60,8515974029
IDAE453897OLSDEA79,3824402548
ABEY928509CXQFGB85,2310315125
FLUL813542SQYPIT14,3510291921
ZZGJ943075QWQPDC24,9081100564
GMEK946068JSWQQS00,9544249028
LHHJ574837ADSUZG99,2277627690
DYCI842608CSBHZE66,5008376993
SZBX159233HIJIEC58,8942895301
NBYY664203UDPUYF15,7425360853
HNUH083537YLVCRE20,6260961383
RYIW897855VSLNJF38,9026453833
ZVVN182233RTEJTO31,6966953709
SJVY808324GWDBTH83,8984809039
JFKT305704LZMKJE72,9421040147
ZZFW013713KOPSXR48,3988785105
XSPU682226OWARJM81,0643004238
UTNQ831690ZHSDMW34,6694334044
PIAE152531VXATYU75,0467235627
DHYX309726IXMNLP77,0552773786
GVXJ549447ZZIIBW27,3410028803
ODYY533582XDENZC18,6014149996
MROE347523BBVLFB35,5345776636
CECN303373VTOUWI05,2989745041
FSOV499089BWDPOP05,0062458280
ATDQ393460UCYNDW21,4953797183
VSRG535145LLTZGD82,6158700916
EPME133695NVLRQB16,3426040514
QTGD892097YCYTWP83,7890957890
OSOS416855RFLNUJ16,7063642642
XXLS429259ANZSTV22,3231095484
MZTD010511XDMITR23,0346926041
RWNE124441TPBGDE41,9945955438
PWVQ012898LETZVD35,6404670534
NOLN749832VLSBXZ62,7789805657
BQRC489614DKYTDH39,0662075099
AVEU608836KRLRAN02,9602815949
NNRF316742MUYFXT72,7110781925
ILJE232431ZBZJNN84,4467527346
KKBM668363EPEFVV92,1287414400
LGIE646302ZDITXY23,7337948212
YLBB796697AXZNET42,0076315819
UOZR629398NRPLHE40,8109300294
BUVK741510FYYTPA91,1131757165
IBFZ691677XSFSXZ92,1733299041
BRLF354029FGUGSS48,3398530389
SABQ395219GGMJYM40,3074142979
APLZ079306UJHUNJ66,7531974061
KRSQ312647YBBAND30,7575611940
ZAGS052056GHRLNV07,9507903038
UGDP735001DUYHXH50,9281401568
VLRS819199JGZXJV59,7489019273
MXSQ132049CCNOMA06,3927259446
MEBG435056KFVVAV69,3229690729
VOLK627273OGSKJI57,7692006970
MJWN699142RZAPRD49,0709589735
XAVK172341SBABVS52,0266642772
OZHE521606TKUYKM94,0922597960
OERT537400MNXQFA91,1048351920
DNPZ383036MPQITD56,2638455466
PEKW524757QYOZAM12,6475357421
BBXV717100CEHNQI85,2322329541
RBLC053612BEPYUX55,9074205895
SFVR819581LJPLDR65,8484602834
OMLA529358XEWWTO05,1593986696
YOEI889993XKZLWJ39,0127794034
WJDM950955JPRKBX06,6667424909
VMWN692680OUKYWH79,7181409867
FBBK565665UIQIVG63,1078583552
USCG372467ESSWLZ31,6693041086
VFMK586542ZBBTIG19,7496895911
BZBD715326ZFHCWG78,7819906561
FAZF762275AOCDMG89,8130886863
RJXC526459KQAXNF53,1322001979
EBFP086397ZSKWUG86,6298996079
RJES209782BOZVWL64,1073636062
FIJG039385XNMEEN57,3164925913
BVVP743848SWCBBG81,4755419263
SIMG555577OKMALE55,5703599636
ZWOE272744MPKGCF27,5004404666
MYUV771295FEGKRE30,8534924473
IJAS229527YWVTZH97,4368818040
KCIM367900VXDMUH15,6559577929
TYRN948777GXNCJR75,2621385273
LWPN480983MGYNZZ77,0147430747
ZWFY922924GCILTG66,9252760156
DZDI697849KDVGCR92,2902228724
QWOG657764MCHXVR80,0292414900
LJOV393350SAXTIT21,0468725121
GSAM019200QVLEUP84,0268953023
ZUAP551937BKFZHP96,1156884020
NKYF406423QFZZGA30,5676197986
IWTB188993PEDYLT58,2906879428
YQHA047205KRODCO47,7947984840
ZCOQ622083QBHSPN35,8843958100
WEXJ847097OFATSD41,7363031290
RWVS324979MJEJKU07,6569985264
FXFW988199MZERAD41,0888750919
CALX507494EGJHCL40,4037190567
QWJB990225ROAXQV42,3552029273
NQJI348395SJCNVR86,8697963451
USZK908948BWODRV95,6967179640
OZIP126710WLIUPO59,6758076946
KRPH680514BFAJCL52,0474964795
OAZA901264HJFACB47,5659841686
DAMM972665UEUFYI99,0834609851
LDBO591518JUTECA61,5752125979
NTID560085WRRWMF32,0140597417
ALVU575885ANUOTR24,6106839573
FQJG299165JUFPVF50,2964155410
GNAW443910VKQVGV86,1895317282
JODT916996DSVBOR68,2983440044
BCSU549287QQXOTN69,0817470611
QQYG863709ECHNOP12,2872589384
IZOI867555XZAWKY99,9609963269
UOJH508158UKGEQE43,8489873828
OUEG644148HBKVNJ39,0617653011
TKVV908739OVLRLB03,5330564387
NONX818566LOIPKB27,4816080821
QMWY082409AEYLBF17,6051657681
SUZP248366XSHMRZ14,3073641505
BBPC462663MKTWYT84,1720442010
RSBP006956RPGOBB18,0791767167
VOAA574459UMGRJW63,3160894975
QTXJ721187AJDNJA18,9347226319
RGYC241653MCLQWO96,2385476495
DGBR251777LHOPAM31,5802764325
KLKT307823YMYHSD21,1656618508
ZLTQ482419PLJHCX06,9066545704
YBZM085469GNKTQJ32,7944946603
WMLW435271PESSJD51,6299313889
SWOI918138YDHZOQ26,4995947744
WWQR952969VUCQLX00,9939250975
DQUB002228JJMKWZ58,4120400719
HZPB605599MMIVMP98,0906433665
DGSW653736UTISSK62,6061458517
WWLB170723RGYGOU84,6721303353
CVMN957732FTYRWC89,8798489267
ITBP702501RPPWEM83,4130907395
WVGQ628856RURHID83,0941899888
PWMF517274GKCWIG24,9431154366
MOBH366409XQVDSV82,0525812415
LPHX188100YTHGQY79,6114353579
EOAJ412087LFJVWF29,2245776720
PMDH985466WSDLDQ63,8542721470
ZSCX535711ZFWVFT59,7603827205
RWER080099XOXRHZ59,0106596454
DYJF631706AOPJAS96,0093424752
SZMF592264EYUCAO64,3165391742
SEAO401676ZMTJDO38,4917615674
NILT608651MBEARF24,5597133888
SHWV778025BRERKN42,6924045782
LJMX400393RDTPVI23,5542644058
MHPT548529LCKXFI54,5841752359
IRRA843315GYCCWJ14,9012446007
JCBT653904ZBDMFI68,8638110421
GTTF078167UJWULK31,2105540899
XZTZ524697OQCBHJ38,2635248451
WNLC470914APRKRI17,0773648526
LDCA757793ZCNAFG32,5191574494
PWSE844391UGEOKF33,5428724765
ONIV022612PCYHIR40,6852827844
OGPX467933KLSOCB81,5246699099
UTGS657575NMHZOW26,7892072756
WCZM126640LRTJEG75,4081614962
CNPP983046TDMKXH97,9248397980
LXCL628287JVTKZO56,6165588271
EDTU516977RCWJFS48,2849880604
NNOY386093QAFSIP14,0058719091
IPNN860168ZTSCJS60,2721822462
SIUI663457JNPREF05,8914879143
KLXP871471MEBAOM08,2772794431
PJLV740891HEXDME56,5804277820
FIXW559082HAMCVB78,2462828702
PQTY058112HOEZEK43,9803750941
VTEY801956UKQLZM85,5664485299
MBUS199524WPEKHN54,6745967758
HZQK776294RVCNOQ73,7542538896
PFYH596139GNUCTH51,8960853178
TFRX475547MFOXGA63,2063890552
HKZE171034SLJYOF95,5940121772
DCKZ727795PTWIXE01,1404583327
ZVWH555885JTPVFD04,7006586925
YWOV499494HSWJIU20,9418669846
PIEN774010QFBMZQ21,9012021758
AMYE259447PYPXIL11,9930003045
BHOW199554PNYPAR52,5202634676
DWED591844LRIFRD48,1937061361
