INSERT INTO sucursal(idsucursal, nombre, fechaapertura, horaapertura, horacierre, estado, municipio, ciudad, colonia, calle, numero, codigopostal) VALUES ('S-00001', 'El Gran Abarrotero Coyoacán', '2002-03-27', '06:00:00', '22:00:00', 'Distrito Federal', 'Coyoacan', 'N/A', 'Churubusco', 'Rafael Oliva', '32', '04120');

INSERT INTO sucursal(idsucursal, nombre, fechaapertura, horaapertura, horacierre, estado, municipio, ciudad, colonia, calle, numero, codigopostal) VALUES ('S-00002', 'El Gran Abarrotero Aguascalientes', '2005-04-07', '06:00:00', '22:00:00', 'Aguascalientes', 'El Llano', 'Palo Alto', 'Palo Alto', 'Aguasfrias', '49', '94040');

INSERT INTO sucursal(idsucursal, nombre, fechaapertura, horaapertura, horacierre, estado, municipio, ciudad, colonia, calle, numero, codigopostal) VALUES ('S-00003', 'El Gran Abarrotero Querétaro', '2006-10-12', '06:00:00', '22:00:00', 'Queretaro', 'Peñamiller', 'Peñamiller', 'Peñamiller', 'Zapata', '10', '83963');

INSERT INTO sucursal(idsucursal, nombre, fechaapertura, horaapertura, horacierre, estado, municipio, ciudad, colonia, calle, numero, codigopostal) VALUES ('S-00004', 'El Gran Abarrotero Puebla', '2007-01-27', '06:00:00', '22:00:00', 'Puebla', 'General Felipe angeles', 'San Pablo de las Tunas', 'San Pablo de las Tunas', 'Santa Tuna', '87', '73187');

INSERT INTO sucursal(idsucursal, nombre, fechaapertura, horaapertura, horacierre, estado, municipio, ciudad, colonia, calle, numero, codigopostal) VALUES ('S-00005', 'El Gran Abarrotero Nuevo Leon', '2007-01-27', '06:00:00', '22:00:00', 'Nuevo Leon', 'Pesqueria', 'Pesqueria', 'Pesqueria', 'Trucha', '13', '02741');

INSERT INTO sucursal(idsucursal, nombre, fechaapertura, horaapertura, horacierre, estado, municipio, ciudad, colonia, calle, numero, codigopostal) VALUES ('S-00006', 'El Gran Abarrotero Baja California', '2007-02-14', '06:00:00', '22:00:00', 'Baja California', 'Tijuana', 'Tijuana', 'Tijuana', 'Ignacio', '52', '49282');

INSERT INTO sucursal(idsucursal, nombre, fechaapertura, horaapertura, horacierre, estado, municipio, ciudad, colonia, calle, numero, codigopostal) VALUES ('S-00007', 'El Gran Abarrotero Estado de Mexico', '2007-02-14', '06:00:00', '22:00:00', 'Mexico', 'Naucalpan de Juarez', 'Naucalpan de Juarez', 'Naucalpan de Juarez', 'Villa', '8', '92837');

INSERT INTO sucursal(idsucursal, nombre, fechaapertura, horaapertura, horacierre, estado, municipio, ciudad, colonia, calle, numero, codigopostal) VALUES ('S-00008', 'El Gran Abarrotero Oaxaca', '2007-04-05', '06:00:00', '22:00:00', 'Oaxaca', 'El Espinal', 'El Espinal', 'El Espinal', 'Iturbide', '48', '49617');

INSERT INTO sucursal(idsucursal, nombre, fechaapertura, horaapertura, horacierre, estado, municipio, ciudad, colonia, calle, numero, codigopostal) VALUES ('S-00009', 'El Gran Abarrotero Chihuahua', '2007-05-25', '06:00:00', '22:00:00', 'Chihuahua', 'Aldama', 'Juan Aldama', 'Juan Aldama', 'Jose Vasconcelos', '34', '48173');

INSERT INTO sucursal(idsucursal, nombre, fechaapertura, horaapertura, horacierre, estado, municipio, ciudad, colonia, calle, numero, codigopostal) VALUES ('S-00010', 'El Gran Abarrotero Guerrero', '2007-06-15', '06:00:00', '22:00:00', 'Guerrero', 'Copala', 'Copala', 'Copala', '5 de Mayo', '63', '69179');

INSERT INTO sucursal(idsucursal, nombre, fechaapertura, horaapertura, horacierre, estado, municipio, ciudad, colonia, calle, numero, codigopostal) VALUES ('S-00011', 'El Gran Abarrotero Coahuila de Zaragoza', '2007-07-18', '06:00:00', '22:00:00', 'Coahuila de Zaragoza', 'Lamadrid', 'Lamadrid', 'Lamadrid', 'Ejercito Insurgente', '93', '02717');

INSERT INTO sucursal(idsucursal, nombre, fechaapertura, horaapertura, horacierre, estado, municipio, ciudad, colonia, calle, numero, codigopostal) VALUES ('S-00012', 'El Gran Abarrotero Morelos', '2007-08-03', '06:00:00', '22:00:00', 'Morelos', 'Cuernavaca', 'Cuernavaca', 'Cuernavaca', 'Santo Domingo', '7', '07381');

INSERT INTO sucursal(idsucursal, nombre, fechaapertura, horaapertura, horacierre, estado, municipio, ciudad, colonia, calle, numero, codigopostal) VALUES ('S-00013', 'El Gran Abarrotero Campeche', '2007-09-05', '06:00:00', '22:00:00', 'Campeche', 'Champoton', 'Champoton', 'Champoton', 'Shampoo', '53', '19183');

INSERT INTO sucursal(idsucursal, nombre, fechaapertura, horaapertura, horacierre, estado, municipio, ciudad, colonia, calle, numero, codigopostal) VALUES ('S-00014', 'El Gran Abarrotero Tamaulipas', '2007-10-17', '06:00:00', '22:00:00', 'Tamaulipas', 'Rio Bravo', 'Ciudad Rio Bravo', 'Ciudad Rio Bravo', 'Xbox', '123', '59173');

INSERT INTO sucursal(idsucursal, nombre, fechaapertura, horaapertura, horacierre, estado, municipio, ciudad, colonia, calle, numero, codigopostal) VALUES ('S-00015', 'El Gran Abarrotero Hidalgo', '2007-11-27', '06:00:00', '22:00:00', 'Hidalgo', 'Pachuca de Soto', 'Pachuca de Soto', 'Pachuca de Soto', 'Queso Cubano', '19', '21912');

INSERT INTO telefonosucursal(idsucursal,telefono) VALUES ('S-00001','9861356841');
INSERT INTO telefonosucursal(idsucursal,telefono) VALUES ('S-00002','3941565949');
INSERT INTO telefonosucursal(idsucursal,telefono) VALUES ('S-00003','6674834337');
INSERT INTO telefonosucursal(idsucursal,telefono) VALUES ('S-00004','4481822491');
INSERT INTO telefonosucursal(idsucursal,telefono) VALUES ('S-00005','5354275474');
INSERT INTO telefonosucursal(idsucursal,telefono) VALUES ('S-00006','4716739208');
INSERT INTO telefonosucursal(idsucursal,telefono) VALUES ('S-00007','2892786203');
INSERT INTO telefonosucursal(idsucursal,telefono) VALUES ('S-00008','5966162425');
INSERT INTO telefonosucursal(idsucursal,telefono) VALUES ('S-00009','9751623007');
INSERT INTO telefonosucursal(idsucursal,telefono) VALUES ('S-00010','7361390931');
INSERT INTO telefonosucursal(idsucursal,telefono) VALUES ('S-00011','6107661315');
INSERT INTO telefonosucursal(idsucursal,telefono) VALUES ('S-00012','7522882831');
INSERT INTO telefonosucursal(idsucursal,telefono) VALUES ('S-00013','6392168909');
INSERT INTO telefonosucursal(idsucursal,telefono) VALUES ('S-00014','9201368052');
INSERT INTO telefonosucursal(idsucursal,telefono) VALUES ('S-00015','9759257220');
INSERT INTO telefonosucursal(idsucursal,telefono) VALUES ('S-00001','7594912071');
INSERT INTO telefonosucursal(idsucursal,telefono) VALUES ('S-00002','4437051569');
INSERT INTO telefonosucursal(idsucursal,telefono) VALUES ('S-00003','9693169102');
INSERT INTO telefonosucursal(idsucursal,telefono) VALUES ('S-00004','4621009882');
INSERT INTO telefonosucursal(idsucursal,telefono) VALUES ('S-00005','4702096754');
INSERT INTO telefonosucursal(idsucursal,telefono) VALUES ('S-00006','3483904290');
INSERT INTO telefonosucursal(idsucursal,telefono) VALUES ('S-00007','8438089555');
INSERT INTO telefonosucursal(idsucursal,telefono) VALUES ('S-00008','8043687279');
INSERT INTO telefonosucursal(idsucursal,telefono) VALUES ('S-00009','6115077815');
INSERT INTO telefonosucursal(idsucursal,telefono) VALUES ('S-00010','8306233524');
INSERT INTO telefonosucursal(idsucursal,telefono) VALUES ('S-00011','9009832730');
INSERT INTO telefonosucursal(idsucursal,telefono) VALUES ('S-00012','5851183229');
INSERT INTO telefonosucursal(idsucursal,telefono) VALUES ('S-00013','9137413541');
INSERT INTO telefonosucursal(idsucursal,telefono) VALUES ('S-00014','3115867531');
INSERT INTO telefonosucursal(idsucursal,telefono) VALUES ('S-00015','8137089714');
INSERT INTO telefonosucursal(idsucursal,telefono) VALUES ('S-00001','2438101700');
INSERT INTO telefonosucursal(idsucursal,telefono) VALUES ('S-00002','9539236710');
INSERT INTO telefonosucursal(idsucursal,telefono) VALUES ('S-00003','6145091515');
INSERT INTO telefonosucursal(idsucursal,telefono) VALUES ('S-00004','7779905358');
INSERT INTO telefonosucursal(idsucursal,telefono) VALUES ('S-00005','1877768720');
INSERT INTO telefonosucursal(idsucursal,telefono) VALUES ('S-00006','9373180792');
INSERT INTO telefonosucursal(idsucursal,telefono) VALUES ('S-00007','2187356113');
INSERT INTO telefonosucursal(idsucursal,telefono) VALUES ('S-00008','6766559322');
INSERT INTO telefonosucursal(idsucursal,telefono) VALUES ('S-00009','7157119249');
INSERT INTO telefonosucursal(idsucursal,telefono) VALUES ('S-00010','1831141076');
INSERT INTO telefonosucursal(idsucursal,telefono) VALUES ('S-00011','7477814928');
INSERT INTO telefonosucursal(idsucursal,telefono) VALUES ('S-00012','5209408524');
INSERT INTO telefonosucursal(idsucursal,telefono) VALUES ('S-00013','9644717766');
INSERT INTO telefonosucursal(idsucursal,telefono) VALUES ('S-00014','5959345269');
INSERT INTO telefonosucursal(idsucursal,telefono) VALUES ('S-00015','7988602915');
INSERT INTO telefonosucursal(idsucursal,telefono) VALUES ('S-00001','7087538595');
INSERT INTO telefonosucursal(idsucursal,telefono) VALUES ('S-00002','6134318028');
INSERT INTO telefonosucursal(idsucursal,telefono) VALUES ('S-00003','7857555592');
INSERT INTO telefonosucursal(idsucursal,telefono) VALUES ('S-00004','3636643693');
INSERT INTO telefonosucursal(idsucursal,telefono) VALUES ('S-00005','2963687863');
INSERT INTO telefonosucursal(idsucursal,telefono) VALUES ('S-00006','3469468628');
INSERT INTO telefonosucursal(idsucursal,telefono) VALUES ('S-00007','5952799372');
INSERT INTO telefonosucursal(idsucursal,telefono) VALUES ('S-00008','1845038380');
INSERT INTO telefonosucursal(idsucursal,telefono) VALUES ('S-00009','4098215832');
INSERT INTO telefonosucursal(idsucursal,telefono) VALUES ('S-00010','6612577411');
INSERT INTO telefonosucursal(idsucursal,telefono) VALUES ('S-00011','5247673137');
INSERT INTO telefonosucursal(idsucursal,telefono) VALUES ('S-00012','8085721685');
INSERT INTO telefonosucursal(idsucursal,telefono) VALUES ('S-00013','2402211015');
INSERT INTO telefonosucursal(idsucursal,telefono) VALUES ('S-00014','3122091093');
INSERT INTO telefonosucursal(idsucursal,telefono) VALUES ('S-00015','1998653054');
INSERT INTO telefonosucursal(idsucursal,telefono) VALUES ('S-00001','8363579935');
INSERT INTO telefonosucursal(idsucursal,telefono) VALUES ('S-00002','6801148326');
INSERT INTO telefonosucursal(idsucursal,telefono) VALUES ('S-00003','3686616679');
INSERT INTO telefonosucursal(idsucursal,telefono) VALUES ('S-00004','4665107750');
INSERT INTO telefonosucursal(idsucursal,telefono) VALUES ('S-00005','6957067891');
INSERT INTO telefonosucursal(idsucursal,telefono) VALUES ('S-00006','4166941334');
INSERT INTO telefonosucursal(idsucursal,telefono) VALUES ('S-00007','6385321765');
INSERT INTO telefonosucursal(idsucursal,telefono) VALUES ('S-00008','2674408534');
INSERT INTO telefonosucursal(idsucursal,telefono) VALUES ('S-00009','9451001704');
INSERT INTO telefonosucursal(idsucursal,telefono) VALUES ('S-00010','5343406255');
INSERT INTO telefonosucursal(idsucursal,telefono) VALUES ('S-00011','3019334111');
INSERT INTO telefonosucursal(idsucursal,telefono) VALUES ('S-00012','2245845706');
INSERT INTO telefonosucursal(idsucursal,telefono) VALUES ('S-00013','7246087631');
INSERT INTO telefonosucursal(idsucursal,telefono) VALUES ('S-00014','1782822814');
INSERT INTO telefonosucursal(idsucursal,telefono) VALUES ('S-00015','1233764709');
INSERT INTO telefonosucursal(idsucursal,telefono) VALUES ('S-00001','4687931319');
INSERT INTO telefonosucursal(idsucursal,telefono) VALUES ('S-00002','8645160985');
INSERT INTO telefonosucursal(idsucursal,telefono) VALUES ('S-00003','9973586135');
INSERT INTO telefonosucursal(idsucursal,telefono) VALUES ('S-00004','1286075207');
INSERT INTO telefonosucursal(idsucursal,telefono) VALUES ('S-00005','9316555128');
INSERT INTO telefonosucursal(idsucursal,telefono) VALUES ('S-00006','4296058174');
INSERT INTO telefonosucursal(idsucursal,telefono) VALUES ('S-00007','8745922801');
INSERT INTO telefonosucursal(idsucursal,telefono) VALUES ('S-00008','6435882438');
INSERT INTO telefonosucursal(idsucursal,telefono) VALUES ('S-00009','7998719647');
INSERT INTO telefonosucursal(idsucursal,telefono) VALUES ('S-00010','4543455201');
INSERT INTO telefonosucursal(idsucursal,telefono) VALUES ('S-00011','2986041325');
INSERT INTO telefonosucursal(idsucursal,telefono) VALUES ('S-00012','1633509506');
INSERT INTO telefonosucursal(idsucursal,telefono) VALUES ('S-00013','5175101297');
INSERT INTO telefonosucursal(idsucursal,telefono) VALUES ('S-00014','5619967535');
INSERT INTO telefonosucursal(idsucursal,telefono) VALUES ('S-00015','3103261000');
INSERT INTO telefonosucursal(idsucursal,telefono) VALUES ('S-00001','3531836366');
INSERT INTO telefonosucursal(idsucursal,telefono) VALUES ('S-00002','7744732900');
INSERT INTO telefonosucursal(idsucursal,telefono) VALUES ('S-00003','3371252060');
INSERT INTO telefonosucursal(idsucursal,telefono) VALUES ('S-00004','4001654605');
INSERT INTO telefonosucursal(idsucursal,telefono) VALUES ('S-00005','5204651777');
INSERT INTO telefonosucursal(idsucursal,telefono) VALUES ('S-00006','2333684198');
INSERT INTO telefonosucursal(idsucursal,telefono) VALUES ('S-00007','4219461191');
INSERT INTO telefonosucursal(idsucursal,telefono) VALUES ('S-00008','3123002284');
INSERT INTO telefonosucursal(idsucursal,telefono) VALUES ('S-00009','7759689713');
INSERT INTO telefonosucursal(idsucursal,telefono) VALUES ('S-00010','4916467462');

INSERT INTO gerente(curpgerente,idsucursal,nombregerente,paternogerente,maternogerente,fechanacimiento,estado,ciudad,colonia,calle,numero,codigopostal) VALUES ('DTXX834105NFGCQO11','S-00008','Larisa','Pactat','Sterry','1984-08-11','Oaxaca','El Espinal','El Espinal','Namekagon','85','49617');
INSERT INTO gerente(curpgerente,idsucursal,nombregerente,paternogerente,maternogerente,fechanacimiento,estado,ciudad,colonia,calle,numero,codigopostal) VALUES ('NWTD159049QULFRN79','S-00012','Allyn','Dudeney','Thulborn','1983-11-22','Morelos','Cuernavaca','Cuernavaca','Clemons','62','07381');
INSERT INTO gerente(curpgerente,idsucursal,nombregerente,paternogerente,maternogerente,fechanacimiento,estado,ciudad,colonia,calle,numero,codigopostal) VALUES ('WUZQ057052LHFXOO84','S-00010','Arielle','Mityashev','Moorfield','1975-01-30','Guerrero','Copala','Copala','Vera','99','69179');
INSERT INTO gerente(curpgerente,idsucursal,nombregerente,paternogerente,maternogerente,fechanacimiento,estado,ciudad,colonia,calle,numero,codigopostal) VALUES ('EXUH982193WTAEOA10','S-00014','Lilith','Sealeaf','Fozzard','1995-02-01','Tamaulipas','Ciudad Rio Bravo','Ciudad Rio Bravo','Karstens','73','59173');
INSERT INTO gerente(curpgerente,idsucursal,nombregerente,paternogerente,maternogerente,fechanacimiento,estado,ciudad,colonia,calle,numero,codigopostal) VALUES ('ODQD587549QOUBEH17','S-00015','Dosi','Norrington','McCroary','1995-05-26','Hidalgo','Pachuca de Soto','Pachuca de Soto','Del Mar','34','21912');
INSERT INTO gerente(curpgerente,idsucursal,nombregerente,paternogerente,maternogerente,fechanacimiento,estado,ciudad,colonia,calle,numero,codigopostal) VALUES ('CANI633262YFNDAJ70','S-00003','Rab','Thickens','Dodgshon','1992-05-27','Queretaro','Peñamiller','Peñamiller','Clemons','12','83963');
INSERT INTO gerente(curpgerente,idsucursal,nombregerente,paternogerente,maternogerente,fechanacimiento,estado,ciudad,colonia,calle,numero,codigopostal) VALUES ('FEIO015733WRQNVB68','S-00003','Celestine','de Broke','Sandeland','1974-08-01','Queretaro','Peñamiller','Peñamiller','Sloan','67','83963');
INSERT INTO gerente(curpgerente,idsucursal,nombregerente,paternogerente,maternogerente,fechanacimiento,estado,ciudad,colonia,calle,numero,codigopostal) VALUES ('FKEB921361SEIWOO63','S-00005','Concettina','Imlin','Chezelle','1994-08-17','Nuevo Leon','Pesqueria','Pesqueria','Lotheville','92','02741');
INSERT INTO gerente(curpgerente,idsucursal,nombregerente,paternogerente,maternogerente,fechanacimiento,estado,ciudad,colonia,calle,numero,codigopostal) VALUES ('PXSS262092JQPKSB74','S-00003','Dacie','Van Salzberger','Gabler','2000-01-03','Queretaro','Peñamiller','Peñamiller','Vermont','74','83963');
INSERT INTO gerente(curpgerente,idsucursal,nombregerente,paternogerente,maternogerente,fechanacimiento,estado,ciudad,colonia,calle,numero,codigopostal) VALUES ('JVET867972YVFPRO04','S-00005','Jone','MacRanald','Swalteridge','1993-07-24','Nuevo Leon','Pesqueria','Pesqueria','Shelley','48','02741');
INSERT INTO gerente(curpgerente,idsucursal,nombregerente,paternogerente,maternogerente,fechanacimiento,estado,ciudad,colonia,calle,numero,codigopostal) VALUES ('JZJM426325YLHVYW26','S-00005','Wandis','Picken','Scheffel','1984-10-06','Nuevo Leon','Pesqueria','Pesqueria','Barby','66','02741');
INSERT INTO gerente(curpgerente,idsucursal,nombregerente,paternogerente,maternogerente,fechanacimiento,estado,ciudad,colonia,calle,numero,codigopostal) VALUES ('BNKQ959108PFNENY92','S-00010','Packston','Breadmore','Voysey','1996-05-10','Guerrero','Copala','Copala','Mcguire','63','69179');
INSERT INTO gerente(curpgerente,idsucursal,nombregerente,paternogerente,maternogerente,fechanacimiento,estado,ciudad,colonia,calle,numero,codigopostal) VALUES ('RHJH966533PXHOMS06','S-00001','Hilliard','Sebright','Hanscom','1997-03-28','Distrito Federal','N/A','N/A','Buhler','31','04120');
INSERT INTO gerente(curpgerente,idsucursal,nombregerente,paternogerente,maternogerente,fechanacimiento,estado,ciudad,colonia,calle,numero,codigopostal) VALUES ('EREG340863GLFHLZ38','S-00005','Eden','Taborre','Cope','1996-12-29','Nuevo Leon','Pesqueria','Pesqueria','Menomonie','85','02741');
INSERT INTO gerente(curpgerente,idsucursal,nombregerente,paternogerente,maternogerente,fechanacimiento,estado,ciudad,colonia,calle,numero,codigopostal) VALUES ('LGVH699714MHMJFX03','S-00009','Kelcey','Arran','Slight','1995-06-17','Chihuahua','Juan Aldama','Juan Aldama','Merry','93','48173');
INSERT INTO gerente(curpgerente,idsucursal,nombregerente,paternogerente,maternogerente,fechanacimiento,estado,ciudad,colonia,calle,numero,codigopostal) VALUES ('NLIQ648283YVMQSE07','S-00011','Christie','Mapston','MacFaul','1983-01-30','Coahuila de Zaragoza','Lamadrid','Lamadrid','5th','03','02717');
INSERT INTO gerente(curpgerente,idsucursal,nombregerente,paternogerente,maternogerente,fechanacimiento,estado,ciudad,colonia,calle,numero,codigopostal) VALUES ('BWMG057851PKZEON89','S-00013','Bernadina','Bromehed','Standfield','1998-02-22','Campeche','Champoton','Champoton','Village','95','19183');
INSERT INTO gerente(curpgerente,idsucursal,nombregerente,paternogerente,maternogerente,fechanacimiento,estado,ciudad,colonia,calle,numero,codigopostal) VALUES ('ALIQ780422AYPFDR38','S-00009','Hynda','Paynter','Haxby','1970-05-19','Chihuahua','Juan Aldama','Juan Aldama','Arizona','95','48173');
INSERT INTO gerente(curpgerente,idsucursal,nombregerente,paternogerente,maternogerente,fechanacimiento,estado,ciudad,colonia,calle,numero,codigopostal) VALUES ('CCDM287288SWDANY52','S-00008','Paul','Pickless','Scowen','1988-10-01','Oaxaca','El Espinal','El Espinal','Meadow Vale','73','49617');
INSERT INTO gerente(curpgerente,idsucursal,nombregerente,paternogerente,maternogerente,fechanacimiento,estado,ciudad,colonia,calle,numero,codigopostal) VALUES ('XTJD369732FGMTEP71','S-00007','Jillane','Mucillo','Zavattiero','1998-03-26','Mexico','Naucalpan de Juarez','Naucalpan de Juarez','Lighthouse Bay','81','92837');
INSERT INTO gerente(curpgerente,idsucursal,nombregerente,paternogerente,maternogerente,fechanacimiento,estado,ciudad,colonia,calle,numero,codigopostal) VALUES ('RSUI511223LIRUAF02','S-00012','Verina','Eskrigge','Bortoloni','2000-01-11','Morelos','Cuernavaca','Cuernavaca','Transport','61','07381');
INSERT INTO gerente(curpgerente,idsucursal,nombregerente,paternogerente,maternogerente,fechanacimiento,estado,ciudad,colonia,calle,numero,codigopostal) VALUES ('VWJW367395SELIAK73','S-00002','Sigismund','de Mendoza','Raveau','1981-02-08','Aguascalientes','Palo Alto','Palo Alto','Bartillon','29','94040');
INSERT INTO gerente(curpgerente,idsucursal,nombregerente,paternogerente,maternogerente,fechanacimiento,estado,ciudad,colonia,calle,numero,codigopostal) VALUES ('BSNK196095RIUILU83','S-00014','Katherine','Shaw','Kemitt','1978-10-07','Tamaulipas','Ciudad Rio Bravo','Ciudad Rio Bravo','Maywood','54','59173');
INSERT INTO gerente(curpgerente,idsucursal,nombregerente,paternogerente,maternogerente,fechanacimiento,estado,ciudad,colonia,calle,numero,codigopostal) VALUES ('EDGW437094BDKMMQ83','S-00006','Evey','Croan','Lidgey','1997-05-21','Baja California','Tijuana','Tijuana','Westport','57','49282');
INSERT INTO gerente(curpgerente,idsucursal,nombregerente,paternogerente,maternogerente,fechanacimiento,estado,ciudad,colonia,calle,numero,codigopostal) VALUES ('CMOJ254512TFSJAU29','S-00003','Georgiana','Bompas','Hallgarth','1973-03-11','Queretaro','Peñamiller','Peñamiller','Mandrake','56','83963');
INSERT INTO gerente(curpgerente,idsucursal,nombregerente,paternogerente,maternogerente,fechanacimiento,estado,ciudad,colonia,calle,numero,codigopostal) VALUES ('ZTVU252957XWQQDE59','S-00014','Cissy','O''Connell','Domanek','1987-06-27','Tamaulipas','Ciudad Rio Bravo','Ciudad Rio Bravo','Lunder','19','59173');
INSERT INTO gerente(curpgerente,idsucursal,nombregerente,paternogerente,maternogerente,fechanacimiento,estado,ciudad,colonia,calle,numero,codigopostal) VALUES ('NDOH789153DJYOMN71','S-00008','Isidor','Poynter','Chantillon','1989-07-25','Oaxaca','El Espinal','El Espinal','Fisk','15','49617');
INSERT INTO gerente(curpgerente,idsucursal,nombregerente,paternogerente,maternogerente,fechanacimiento,estado,ciudad,colonia,calle,numero,codigopostal) VALUES ('HACG002424LSGXWG54','S-00014','Linell','Doore','Caldaro','1995-10-29','Tamaulipas','Ciudad Rio Bravo','Ciudad Rio Bravo','Onsgard','83','59173');
INSERT INTO gerente(curpgerente,idsucursal,nombregerente,paternogerente,maternogerente,fechanacimiento,estado,ciudad,colonia,calle,numero,codigopostal) VALUES ('PLGG939545YKNIKB27','S-00008','Ynes','Rubega','Crawshay','1982-07-10','Oaxaca','El Espinal','El Espinal','Memorial','79','49617');
INSERT INTO gerente(curpgerente,idsucursal,nombregerente,paternogerente,maternogerente,fechanacimiento,estado,ciudad,colonia,calle,numero,codigopostal) VALUES ('KCZL896333OMJVRQ47','S-00002','Codie','Oury','Faithfull','1993-03-28','Aguascalientes','Palo Alto','Palo Alto','Marcy','76','94040');
INSERT INTO gerente(curpgerente,idsucursal,nombregerente,paternogerente,maternogerente,fechanacimiento,estado,ciudad,colonia,calle,numero,codigopostal) VALUES ('CADP324756IEAQOO50','S-00002','Donnie','Hooks','Featenby','1999-08-11','Aguascalientes','Palo Alto','Palo Alto','Saint Paul','77','94040');
INSERT INTO gerente(curpgerente,idsucursal,nombregerente,paternogerente,maternogerente,fechanacimiento,estado,ciudad,colonia,calle,numero,codigopostal) VALUES ('KOQD154550AUIMHR02','S-00002','Harlen','MacEveley','Myers','1979-05-11','Aguascalientes','Palo Alto','Palo Alto','Acker','23','94040');
INSERT INTO gerente(curpgerente,idsucursal,nombregerente,paternogerente,maternogerente,fechanacimiento,estado,ciudad,colonia,calle,numero,codigopostal) VALUES ('WLAG464771LDAXUH03','S-00001','Hillary','Metzel','Dugdale','1981-10-10','Distrito Federal','N/A','N/A','Everett','18','04120');
INSERT INTO gerente(curpgerente,idsucursal,nombregerente,paternogerente,maternogerente,fechanacimiento,estado,ciudad,colonia,calle,numero,codigopostal) VALUES ('PKML886209MDPDMR60','S-00003','Koenraad','Tschiersch','Bengal','1971-12-26','Queretaro','Peñamiller','Peñamiller','Sullivan','98','83963');
INSERT INTO gerente(curpgerente,idsucursal,nombregerente,paternogerente,maternogerente,fechanacimiento,estado,ciudad,colonia,calle,numero,codigopostal) VALUES ('TPPR030513PBMLOJ68','S-00006','Carlynne','Greenmon','Maskrey','1984-08-24','Baja California','Tijuana','Tijuana','Hoard','94','49282');
INSERT INTO gerente(curpgerente,idsucursal,nombregerente,paternogerente,maternogerente,fechanacimiento,estado,ciudad,colonia,calle,numero,codigopostal) VALUES ('POWV463191ZMVFXW06','S-00004','Gwenore','Botha','McCheyne','1991-04-17','Puebla','San Pablo de las Tunas','San Pablo de las Tunas','Amoth','58','73187');
INSERT INTO gerente(curpgerente,idsucursal,nombregerente,paternogerente,maternogerente,fechanacimiento,estado,ciudad,colonia,calle,numero,codigopostal) VALUES ('GNUI238413YAKFUL18','S-00004','Carol-jean','Lynde','Caustick','1989-09-05','Puebla','San Pablo de las Tunas','San Pablo de las Tunas','Grasskamp','23','73187');
INSERT INTO gerente(curpgerente,idsucursal,nombregerente,paternogerente,maternogerente,fechanacimiento,estado,ciudad,colonia,calle,numero,codigopostal) VALUES ('PMCI692688UXDSYG78','S-00006','Ddene','O''Rudden','Dulson','1990-03-06','Baja California','Tijuana','Tijuana','Meadow Valley','51','49282');
INSERT INTO gerente(curpgerente,idsucursal,nombregerente,paternogerente,maternogerente,fechanacimiento,estado,ciudad,colonia,calle,numero,codigopostal) VALUES ('CNQS333492ATFNMG24','S-00003','Stevena','Jodlkowski','Clemonts','1970-09-01','Queretaro','Peñamiller','Peñamiller','Corry','20','83963');
INSERT INTO gerente(curpgerente,idsucursal,nombregerente,paternogerente,maternogerente,fechanacimiento,estado,ciudad,colonia,calle,numero,codigopostal) VALUES ('BUFI503802RWPIDU11','S-00010','Vassily','Santostefano.','Walby','1998-11-20','Guerrero','Copala','Copala','Montana','62','69179');
INSERT INTO gerente(curpgerente,idsucursal,nombregerente,paternogerente,maternogerente,fechanacimiento,estado,ciudad,colonia,calle,numero,codigopostal) VALUES ('PIQE533270NVYMVD88','S-00004','Krissy','Ruthen','Moorwood','1978-11-09','Puebla','San Pablo de las Tunas','San Pablo de las Tunas','Service','77','73187');
INSERT INTO gerente(curpgerente,idsucursal,nombregerente,paternogerente,maternogerente,fechanacimiento,estado,ciudad,colonia,calle,numero,codigopostal) VALUES ('WTTC476678RAMICI79','S-00010','Gabriell','Coots','Hounson','1972-09-26','Guerrero','Copala','Copala','Mayer','24','69179');
INSERT INTO gerente(curpgerente,idsucursal,nombregerente,paternogerente,maternogerente,fechanacimiento,estado,ciudad,colonia,calle,numero,codigopostal) VALUES ('GRIA860055LGEMTU76','S-00013','Bernarr','Shillom','Sainte Paul','1999-08-25','Campeche','Champoton','Champoton','Washington','65','19183');
INSERT INTO gerente(curpgerente,idsucursal,nombregerente,paternogerente,maternogerente,fechanacimiento,estado,ciudad,colonia,calle,numero,codigopostal) VALUES ('JEBA617153PGRLLS99','S-00008','Denney','Bru','Jowitt','1977-06-24','Oaxaca','El Espinal','El Espinal','Grim','82','49617');
INSERT INTO gerente(curpgerente,idsucursal,nombregerente,paternogerente,maternogerente,fechanacimiento,estado,ciudad,colonia,calle,numero,codigopostal) VALUES ('EWAP921588FZVQBM81','S-00010','Katharyn','Feldhammer','Desforges','1986-08-07','Guerrero','Copala','Copala','Orin','91','69179');
INSERT INTO gerente(curpgerente,idsucursal,nombregerente,paternogerente,maternogerente,fechanacimiento,estado,ciudad,colonia,calle,numero,codigopostal) VALUES ('YPTT656626QBGAJD93','S-00009','Vaclav','Petrak','Gobourn','1978-01-07','Chihuahua','Juan Aldama','Juan Aldama','North','95','48173');
INSERT INTO gerente(curpgerente,idsucursal,nombregerente,paternogerente,maternogerente,fechanacimiento,estado,ciudad,colonia,calle,numero,codigopostal) VALUES ('WIZQ533512CLPEON54','S-00011','Vivie','Crowne','Pulsford','1996-08-21','Coahuila de Zaragoza','Lamadrid','Lamadrid','Lillian','31','02717');
INSERT INTO gerente(curpgerente,idsucursal,nombregerente,paternogerente,maternogerente,fechanacimiento,estado,ciudad,colonia,calle,numero,codigopostal) VALUES ('WWYB048117XZRNNR51','S-00015','Giulia','Iddenden','Lile','1992-02-03','Hidalgo','Pachuca de Soto','Pachuca de Soto','Northridge','82','21912');
INSERT INTO gerente(curpgerente,idsucursal,nombregerente,paternogerente,maternogerente,fechanacimiento,estado,ciudad,colonia,calle,numero,codigopostal) VALUES ('CNUA439749SIAEBE99','S-00012','Elvin','Labbett','MacDonough','1999-04-21','Morelos','Cuernavaca','Cuernavaca','Nevada','67','07381');
INSERT INTO gerente(curpgerente,idsucursal,nombregerente,paternogerente,maternogerente,fechanacimiento,estado,ciudad,colonia,calle,numero,codigopostal) VALUES ('RKPK137514ZMYMSB25','S-00015','Marshall','Biasioni','Radmore','1988-01-16','Hidalgo','Pachuca de Soto','Pachuca de Soto','Dayton','04','21912');
INSERT INTO gerente(curpgerente,idsucursal,nombregerente,paternogerente,maternogerente,fechanacimiento,estado,ciudad,colonia,calle,numero,codigopostal) VALUES ('PMUZ766873OWVLAW27','S-00007','Elroy','Kydd','Hesse','1977-10-27','Mexico','Naucalpan de Juarez','Naucalpan de Juarez','Kinsman','74','92837');
INSERT INTO gerente(curpgerente,idsucursal,nombregerente,paternogerente,maternogerente,fechanacimiento,estado,ciudad,colonia,calle,numero,codigopostal) VALUES ('BCHF211225CMLTWG83','S-00004','Natalie','Heine','Baraclough','1997-12-06','Puebla','San Pablo de las Tunas','San Pablo de las Tunas','Goodland','53','73187');
INSERT INTO gerente(curpgerente,idsucursal,nombregerente,paternogerente,maternogerente,fechanacimiento,estado,ciudad,colonia,calle,numero,codigopostal) VALUES ('DPVD086044JQQNZO60','S-00011','Dwayne','Gorham','Showte','1983-12-03','Coahuila de Zaragoza','Lamadrid','Lamadrid','Pine View','24','02717');
INSERT INTO gerente(curpgerente,idsucursal,nombregerente,paternogerente,maternogerente,fechanacimiento,estado,ciudad,colonia,calle,numero,codigopostal) VALUES ('DWEP845254DKLMOQ28','S-00004','Lindon','Armin','Fidell','1982-01-04','Puebla','San Pablo de las Tunas','San Pablo de las Tunas','Glacier Hill','64','73187');
INSERT INTO gerente(curpgerente,idsucursal,nombregerente,paternogerente,maternogerente,fechanacimiento,estado,ciudad,colonia,calle,numero,codigopostal) VALUES ('SJUW875646SWAADS58','S-00007','Nathan','Fronczak','Treble','1991-05-05','Mexico','Naucalpan de Juarez','Naucalpan de Juarez','Boyd','90','92837');
INSERT INTO gerente(curpgerente,idsucursal,nombregerente,paternogerente,maternogerente,fechanacimiento,estado,ciudad,colonia,calle,numero,codigopostal) VALUES ('JBTT447098BGUZQV66','S-00007','Murial','Hebbron','Owbrick','1992-05-21','Mexico','Naucalpan de Juarez','Naucalpan de Juarez','Onsgard','44','92837');
INSERT INTO gerente(curpgerente,idsucursal,nombregerente,paternogerente,maternogerente,fechanacimiento,estado,ciudad,colonia,calle,numero,codigopostal) VALUES ('ARWG738537PZDXOY93','S-00006','Perice','Banger','Gheorghescu','1990-04-24','Baja California','Tijuana','Tijuana','Calypso','17','49282');
INSERT INTO gerente(curpgerente,idsucursal,nombregerente,paternogerente,maternogerente,fechanacimiento,estado,ciudad,colonia,calle,numero,codigopostal) VALUES ('ZAIB451082XHVKQZ35','S-00008','Tracy','Gowar','Oselton','1979-07-24','Oaxaca','El Espinal','El Espinal','Stuart','27','49617');
INSERT INTO gerente(curpgerente,idsucursal,nombregerente,paternogerente,maternogerente,fechanacimiento,estado,ciudad,colonia,calle,numero,codigopostal) VALUES ('ICLI606828KGMZSD05','S-00013','Larisa','Spatari','Norcock','1972-01-08','Campeche','Champoton','Champoton','Rigney','23','19183');
INSERT INTO gerente(curpgerente,idsucursal,nombregerente,paternogerente,maternogerente,fechanacimiento,estado,ciudad,colonia,calle,numero,codigopostal) VALUES ('UUUF226288YMREQT13','S-00005','Babb','Smidmore','Pennock','1994-04-20','Nuevo Leon','Pesqueria','Pesqueria','Gale','57','02741');
INSERT INTO gerente(curpgerente,idsucursal,nombregerente,paternogerente,maternogerente,fechanacimiento,estado,ciudad,colonia,calle,numero,codigopostal) VALUES ('EVZO733719OTQAVZ11','S-00009','Batsheva','Elmar','Sergison','1988-08-19','Chihuahua','Juan Aldama','Juan Aldama','Sauthoff','73','48173');
INSERT INTO gerente(curpgerente,idsucursal,nombregerente,paternogerente,maternogerente,fechanacimiento,estado,ciudad,colonia,calle,numero,codigopostal) VALUES ('HRYC586004ITZOSN58','S-00007','Suzanne','Addess','Wais','1981-03-28','Mexico','Naucalpan de Juarez','Naucalpan de Juarez','Southridge','87','92837');
INSERT INTO gerente(curpgerente,idsucursal,nombregerente,paternogerente,maternogerente,fechanacimiento,estado,ciudad,colonia,calle,numero,codigopostal) VALUES ('NNUE594017BIJCQG86','S-00010','Alan','Forsythe','Gerlack','1989-11-08','Guerrero','Copala','Copala','Cordelia','39','69179');
INSERT INTO gerente(curpgerente,idsucursal,nombregerente,paternogerente,maternogerente,fechanacimiento,estado,ciudad,colonia,calle,numero,codigopostal) VALUES ('EJPJ924072RWEJZK31','S-00006','Devora','Golborne','Twelftree','1993-08-16','Baja California','Tijuana','Tijuana','Old Shore','60','49282');
INSERT INTO gerente(curpgerente,idsucursal,nombregerente,paternogerente,maternogerente,fechanacimiento,estado,ciudad,colonia,calle,numero,codigopostal) VALUES ('GCJX011143VERFPA86','S-00010','Drona','Bassill','Juorio','1973-05-31','Guerrero','Copala','Copala','5th','18','69179');
INSERT INTO gerente(curpgerente,idsucursal,nombregerente,paternogerente,maternogerente,fechanacimiento,estado,ciudad,colonia,calle,numero,codigopostal) VALUES ('WTEB374786BHUPPR42','S-00009','Joaquin','Jeffryes','Loines','1985-05-31','Chihuahua','Juan Aldama','Juan Aldama','Fordem','36','48173');
INSERT INTO gerente(curpgerente,idsucursal,nombregerente,paternogerente,maternogerente,fechanacimiento,estado,ciudad,colonia,calle,numero,codigopostal) VALUES ('LDGW059551XXWTLY94','S-00012','Liana','Foat','Chismon','1981-06-04','Morelos','Cuernavaca','Cuernavaca','Manufacturers','45','07381');
INSERT INTO gerente(curpgerente,idsucursal,nombregerente,paternogerente,maternogerente,fechanacimiento,estado,ciudad,colonia,calle,numero,codigopostal) VALUES ('HAEK672544DTHXUP05','S-00006','Cecil','McKenney','Cornil','1970-08-29','Baja California','Tijuana','Tijuana','Vahlen','09','49282');
INSERT INTO gerente(curpgerente,idsucursal,nombregerente,paternogerente,maternogerente,fechanacimiento,estado,ciudad,colonia,calle,numero,codigopostal) VALUES ('AZCW625534VNJLNW02','S-00002','Koressa','Collett','Ghilardini','1992-02-04','Aguascalientes','Palo Alto','Palo Alto','Beilfuss','15','94040');
INSERT INTO gerente(curpgerente,idsucursal,nombregerente,paternogerente,maternogerente,fechanacimiento,estado,ciudad,colonia,calle,numero,codigopostal) VALUES ('HPOK023538HSWMJA49','S-00008','Martie','Filpi','Marciek','1999-12-20','Oaxaca','El Espinal','El Espinal','Commercial','78','49617');
INSERT INTO gerente(curpgerente,idsucursal,nombregerente,paternogerente,maternogerente,fechanacimiento,estado,ciudad,colonia,calle,numero,codigopostal) VALUES ('VBHW406656RSURIN04','S-00015','Kim','Clist','Porteous','1988-01-02','Hidalgo','Pachuca de Soto','Pachuca de Soto','Anhalt','54','21912');
INSERT INTO gerente(curpgerente,idsucursal,nombregerente,paternogerente,maternogerente,fechanacimiento,estado,ciudad,colonia,calle,numero,codigopostal) VALUES ('LMTO482055XDVJDF77','S-00010','Loren','Crimpe','Di Giacomettino','1991-09-25','Guerrero','Copala','Copala','Washington','80','69179');
INSERT INTO gerente(curpgerente,idsucursal,nombregerente,paternogerente,maternogerente,fechanacimiento,estado,ciudad,colonia,calle,numero,codigopostal) VALUES ('PRPP958463CANMYH05','S-00007','Willie','Wherrit','McBoyle','1972-10-13','Mexico','Naucalpan de Juarez','Naucalpan de Juarez','Warbler','26','92837');
INSERT INTO gerente(curpgerente,idsucursal,nombregerente,paternogerente,maternogerente,fechanacimiento,estado,ciudad,colonia,calle,numero,codigopostal) VALUES ('ILHE980801NLSPDB99','S-00006','Ailee','Becken','Simondson','1978-09-17','Baja California','Tijuana','Tijuana','Anhalt','87','49282');
INSERT INTO gerente(curpgerente,idsucursal,nombregerente,paternogerente,maternogerente,fechanacimiento,estado,ciudad,colonia,calle,numero,codigopostal) VALUES ('BAKQ726815DFFVAR62','S-00012','Flynn','Blockwell','Drillingcourt','1992-04-21','Morelos','Cuernavaca','Cuernavaca','Maywood','27','07381');
INSERT INTO gerente(curpgerente,idsucursal,nombregerente,paternogerente,maternogerente,fechanacimiento,estado,ciudad,colonia,calle,numero,codigopostal) VALUES ('VUDC517778CWTWUG52','S-00012','Janenna','Georgi','Bernardos','1990-10-07','Morelos','Cuernavaca','Cuernavaca','Northview','92','07381');
INSERT INTO gerente(curpgerente,idsucursal,nombregerente,paternogerente,maternogerente,fechanacimiento,estado,ciudad,colonia,calle,numero,codigopostal) VALUES ('AKUY234553RKNTDE44','S-00008','Veronika','Kisar','Kleint','1996-07-07','Oaxaca','El Espinal','El Espinal','Forest','27','49617');
INSERT INTO gerente(curpgerente,idsucursal,nombregerente,paternogerente,maternogerente,fechanacimiento,estado,ciudad,colonia,calle,numero,codigopostal) VALUES ('JFFO447316DGEWON41','S-00008','Amaleta','Dewberry','Boyce','1974-06-29','Oaxaca','El Espinal','El Espinal','Schiller','48','49617');
INSERT INTO gerente(curpgerente,idsucursal,nombregerente,paternogerente,maternogerente,fechanacimiento,estado,ciudad,colonia,calle,numero,codigopostal) VALUES ('WBPO133650VCHQGK45','S-00004','Nealy','Cupper','McMackin','1978-12-28','Puebla','San Pablo de las Tunas','San Pablo de las Tunas','Maywood','79','73187');
INSERT INTO gerente(curpgerente,idsucursal,nombregerente,paternogerente,maternogerente,fechanacimiento,estado,ciudad,colonia,calle,numero,codigopostal) VALUES ('VYVJ648150NVYXSB14','S-00007','Haydon','Melbert','Mease','1987-11-10','Mexico','Naucalpan de Juarez','Naucalpan de Juarez','Susan','58','92837');
INSERT INTO gerente(curpgerente,idsucursal,nombregerente,paternogerente,maternogerente,fechanacimiento,estado,ciudad,colonia,calle,numero,codigopostal) VALUES ('NOYK315789QCXSFM62','S-00004','Devin','Eccles','Faldo','1987-08-30','Puebla','San Pablo de las Tunas','San Pablo de las Tunas','Steensland','32','73187');
INSERT INTO gerente(curpgerente,idsucursal,nombregerente,paternogerente,maternogerente,fechanacimiento,estado,ciudad,colonia,calle,numero,codigopostal) VALUES ('YDAM064452PJTWHY57','S-00010','Quinlan','Bowell','Pearman','1999-01-15','Guerrero','Copala','Copala','Valley Edge','37','69179');
INSERT INTO gerente(curpgerente,idsucursal,nombregerente,paternogerente,maternogerente,fechanacimiento,estado,ciudad,colonia,calle,numero,codigopostal) VALUES ('ARVM146328PEHFYT88','S-00012','Lincoln','Fazakerley','Eilert','1987-03-03','Morelos','Cuernavaca','Cuernavaca','Bunker Hill','59','07381');
INSERT INTO gerente(curpgerente,idsucursal,nombregerente,paternogerente,maternogerente,fechanacimiento,estado,ciudad,colonia,calle,numero,codigopostal) VALUES ('NOJF705027XDHBBB02','S-00006','Magdalen','Boggas','Jaggard','1978-02-03','Baja California','Tijuana','Tijuana','Milwaukee','85','49282');
INSERT INTO gerente(curpgerente,idsucursal,nombregerente,paternogerente,maternogerente,fechanacimiento,estado,ciudad,colonia,calle,numero,codigopostal) VALUES ('QMAD648677NEIQSB98','S-00008','Kathleen','Moraleda','Whittle','1974-01-07','Oaxaca','El Espinal','El Espinal','Garrison','56','49617');
INSERT INTO gerente(curpgerente,idsucursal,nombregerente,paternogerente,maternogerente,fechanacimiento,estado,ciudad,colonia,calle,numero,codigopostal) VALUES ('AGHC551063NVVNNM21','S-00001','Kelbee','Coombs','Farahar','1983-07-19','Distrito Federal','N/A','N/A','Commercial','13','04120');
INSERT INTO gerente(curpgerente,idsucursal,nombregerente,paternogerente,maternogerente,fechanacimiento,estado,ciudad,colonia,calle,numero,codigopostal) VALUES ('EOUM533216EABWJE66','S-00007','Dory','Cowperthwaite','Garfath','1995-10-01','Mexico','Naucalpan de Juarez','Naucalpan de Juarez','Beilfuss','27','92837');
INSERT INTO gerente(curpgerente,idsucursal,nombregerente,paternogerente,maternogerente,fechanacimiento,estado,ciudad,colonia,calle,numero,codigopostal) VALUES ('LIGO951204EYOHDH35','S-00005','Jayme','Tschersich','Rowlands','1996-07-03','Nuevo Leon','Pesqueria','Pesqueria','Garrison','97','02741');
INSERT INTO gerente(curpgerente,idsucursal,nombregerente,paternogerente,maternogerente,fechanacimiento,estado,ciudad,colonia,calle,numero,codigopostal) VALUES ('DSNR562627BSKGXI44','S-00009','Karisa','Cowndley','Cassam','1982-02-02','Chihuahua','Juan Aldama','Juan Aldama','Old Gate','23','48173');
INSERT INTO gerente(curpgerente,idsucursal,nombregerente,paternogerente,maternogerente,fechanacimiento,estado,ciudad,colonia,calle,numero,codigopostal) VALUES ('HNMR175733JBCMGB29','S-00002','Pembroke','Vedeshkin','Tate','1983-09-21','Aguascalientes','Palo Alto','Palo Alto','Riverside','66','94040');
INSERT INTO gerente(curpgerente,idsucursal,nombregerente,paternogerente,maternogerente,fechanacimiento,estado,ciudad,colonia,calle,numero,codigopostal) VALUES ('CZUD827012WPWMWG14','S-00014','Hester','Karoly','Mathes','1988-06-13','Tamaulipas','Ciudad Rio Bravo','Ciudad Rio Bravo','Hoffman','35','59173');
INSERT INTO gerente(curpgerente,idsucursal,nombregerente,paternogerente,maternogerente,fechanacimiento,estado,ciudad,colonia,calle,numero,codigopostal) VALUES ('LFJZ442802VVBFLL99','S-00007','Ave','Chillingsworth','Coonihan','1981-01-22','Mexico','Naucalpan de Juarez','Naucalpan de Juarez','Oneill','08','92837');
INSERT INTO gerente(curpgerente,idsucursal,nombregerente,paternogerente,maternogerente,fechanacimiento,estado,ciudad,colonia,calle,numero,codigopostal) VALUES ('CBEI231999VNVZYV11','S-00004','Stanford','Launder','De Ruggiero','1977-06-03','Puebla','San Pablo de las Tunas','San Pablo de las Tunas','Mifflin','52','73187');
INSERT INTO gerente(curpgerente,idsucursal,nombregerente,paternogerente,maternogerente,fechanacimiento,estado,ciudad,colonia,calle,numero,codigopostal) VALUES ('EZAL619712UUOGJD34','S-00014','Rayner','Millmoe','Begwell','1977-03-11','Tamaulipas','Ciudad Rio Bravo','Ciudad Rio Bravo','Riverside','68','59173');
INSERT INTO gerente(curpgerente,idsucursal,nombregerente,paternogerente,maternogerente,fechanacimiento,estado,ciudad,colonia,calle,numero,codigopostal) VALUES ('QDZH218504LLQHAT13','S-00004','Mercedes','MacCosty','Nana','1975-03-15','Puebla','San Pablo de las Tunas','San Pablo de las Tunas','Eastwood','38','73187');
INSERT INTO gerente(curpgerente,idsucursal,nombregerente,paternogerente,maternogerente,fechanacimiento,estado,ciudad,colonia,calle,numero,codigopostal) VALUES ('FZMR851633OLKOGU48','S-00012','Shalna','Cryer','Barrabeale','2000-01-09','Morelos','Cuernavaca','Cuernavaca','Onsgard','83','07381');
INSERT INTO gerente(curpgerente,idsucursal,nombregerente,paternogerente,maternogerente,fechanacimiento,estado,ciudad,colonia,calle,numero,codigopostal) VALUES ('NIIC631924BGJNJL29','S-00013','Odille','Attwater','Anglim','1985-01-23','Campeche','Champoton','Champoton','Becker','27','19183');
INSERT INTO gerente(curpgerente,idsucursal,nombregerente,paternogerente,maternogerente,fechanacimiento,estado,ciudad,colonia,calle,numero,codigopostal) VALUES ('EHJK906218HWSKIE77','S-00010','Nannette','Braffington','Gannicleff','1972-04-02','Guerrero','Copala','Copala','Rowland','37','69179');
INSERT INTO gerente(curpgerente,idsucursal,nombregerente,paternogerente,maternogerente,fechanacimiento,estado,ciudad,colonia,calle,numero,codigopostal) VALUES ('YTOB039051ZNUGLK66','S-00015','Nickolaus','Casbon','Giller','1973-11-26','Hidalgo','Pachuca de Soto','Pachuca de Soto','Sage','24','21912');
INSERT INTO gerente(curpgerente,idsucursal,nombregerente,paternogerente,maternogerente,fechanacimiento,estado,ciudad,colonia,calle,numero,codigopostal) VALUES ('VJOZ509625FDIZSI40','S-00010','Gael','Staddon','Madgett','1996-08-08','Guerrero','Copala','Copala','Maryland','53','69179');

INSERT INTO telefonogerente(curpgerente,telefono) VALUES ('WLAG464771LDAXUH03','8486982063');
INSERT INTO telefonogerente(curpgerente,telefono) VALUES ('ZAIB451082XHVKQZ35','2006554294');
INSERT INTO telefonogerente(curpgerente,telefono) VALUES ('LDGW059551XXWTLY94','9298834567');
INSERT INTO telefonogerente(curpgerente,telefono) VALUES ('JZJM426325YLHVYW26','2792483893');
INSERT INTO telefonogerente(curpgerente,telefono) VALUES ('YDAM064452PJTWHY57','3537008152');
INSERT INTO telefonogerente(curpgerente,telefono) VALUES ('EVZO733719OTQAVZ11','4355357910');
INSERT INTO telefonogerente(curpgerente,telefono) VALUES ('PLGG939545YKNIKB27','6843821479');
INSERT INTO telefonogerente(curpgerente,telefono) VALUES ('EDGW437094BDKMMQ83','5539509509');
INSERT INTO telefonogerente(curpgerente,telefono) VALUES ('DWEP845254DKLMOQ28','8002696413');
INSERT INTO telefonogerente(curpgerente,telefono) VALUES ('JZJM426325YLHVYW26','8967672702');
INSERT INTO telefonogerente(curpgerente,telefono) VALUES ('JVET867972YVFPRO04','7639557476');
INSERT INTO telefonogerente(curpgerente,telefono) VALUES ('BWMG057851PKZEON89','7711599959');
INSERT INTO telefonogerente(curpgerente,telefono) VALUES ('EXUH982193WTAEOA10','8567662082');
INSERT INTO telefonogerente(curpgerente,telefono) VALUES ('GNUI238413YAKFUL18','5455487137');
INSERT INTO telefonogerente(curpgerente,telefono) VALUES ('YPTT656626QBGAJD93','8823237173');
INSERT INTO telefonogerente(curpgerente,telefono) VALUES ('GRIA860055LGEMTU76','2846976710');
INSERT INTO telefonogerente(curpgerente,telefono) VALUES ('CZUD827012WPWMWG14','5723427672');
INSERT INTO telefonogerente(curpgerente,telefono) VALUES ('BWMG057851PKZEON89','2965100181');
INSERT INTO telefonogerente(curpgerente,telefono) VALUES ('EOUM533216EABWJE66','4128404226');
INSERT INTO telefonogerente(curpgerente,telefono) VALUES ('VJOZ509625FDIZSI40','8068356145');
INSERT INTO telefonogerente(curpgerente,telefono) VALUES ('FZMR851633OLKOGU48','5034439160');
INSERT INTO telefonogerente(curpgerente,telefono) VALUES ('EZAL619712UUOGJD34','6969612225');
INSERT INTO telefonogerente(curpgerente,telefono) VALUES ('VJOZ509625FDIZSI40','6993886503');
INSERT INTO telefonogerente(curpgerente,telefono) VALUES ('CMOJ254512TFSJAU29','7078337265');
INSERT INTO telefonogerente(curpgerente,telefono) VALUES ('WUZQ057052LHFXOO84','5321232420');
INSERT INTO telefonogerente(curpgerente,telefono) VALUES ('AZCW625534VNJLNW02','3122794716');
INSERT INTO telefonogerente(curpgerente,telefono) VALUES ('ZAIB451082XHVKQZ35','1366148589');
INSERT INTO telefonogerente(curpgerente,telefono) VALUES ('EXUH982193WTAEOA10','8212369539');
INSERT INTO telefonogerente(curpgerente,telefono) VALUES ('YPTT656626QBGAJD93','9889974852');
INSERT INTO telefonogerente(curpgerente,telefono) VALUES ('HRYC586004ITZOSN58','8389763371');
INSERT INTO telefonogerente(curpgerente,telefono) VALUES ('LFJZ442802VVBFLL99','8044397303');
INSERT INTO telefonogerente(curpgerente,telefono) VALUES ('JZJM426325YLHVYW26','3004016525');
INSERT INTO telefonogerente(curpgerente,telefono) VALUES ('NDOH789153DJYOMN71','5367299702');
INSERT INTO telefonogerente(curpgerente,telefono) VALUES ('DTXX834105NFGCQO11','6222714017');
INSERT INTO telefonogerente(curpgerente,telefono) VALUES ('CMOJ254512TFSJAU29','6908290799');
INSERT INTO telefonogerente(curpgerente,telefono) VALUES ('EJPJ924072RWEJZK31','2319644331');
INSERT INTO telefonogerente(curpgerente,telefono) VALUES ('NWTD159049QULFRN79','1215541688');
INSERT INTO telefonogerente(curpgerente,telefono) VALUES ('HAEK672544DTHXUP05','2633600113');
INSERT INTO telefonogerente(curpgerente,telefono) VALUES ('QMAD648677NEIQSB98','6794919848');
INSERT INTO telefonogerente(curpgerente,telefono) VALUES ('PIQE533270NVYMVD88','8632383895');
INSERT INTO telefonogerente(curpgerente,telefono) VALUES ('RHJH966533PXHOMS06','3831337330');
INSERT INTO telefonogerente(curpgerente,telefono) VALUES ('YPTT656626QBGAJD93','9774953051');
INSERT INTO telefonogerente(curpgerente,telefono) VALUES ('EHJK906218HWSKIE77','5766708043');
INSERT INTO telefonogerente(curpgerente,telefono) VALUES ('PMCI692688UXDSYG78','7678246021');
INSERT INTO telefonogerente(curpgerente,telefono) VALUES ('YTOB039051ZNUGLK66','7211723458');
INSERT INTO telefonogerente(curpgerente,telefono) VALUES ('NOJF705027XDHBBB02','2826929985');
INSERT INTO telefonogerente(curpgerente,telefono) VALUES ('KOQD154550AUIMHR02','9348848851');
INSERT INTO telefonogerente(curpgerente,telefono) VALUES ('JZJM426325YLHVYW26','9899141710');
INSERT INTO telefonogerente(curpgerente,telefono) VALUES ('QDZH218504LLQHAT13','9208783010');
INSERT INTO telefonogerente(curpgerente,telefono) VALUES ('CZUD827012WPWMWG14','3489458275');
INSERT INTO telefonogerente(curpgerente,telefono) VALUES ('VUDC517778CWTWUG52','2624290090');
INSERT INTO telefonogerente(curpgerente,telefono) VALUES ('CADP324756IEAQOO50','4291605235');
INSERT INTO telefonogerente(curpgerente,telefono) VALUES ('HNMR175733JBCMGB29','2983234024');
INSERT INTO telefonogerente(curpgerente,telefono) VALUES ('EREG340863GLFHLZ38','9938801565');
INSERT INTO telefonogerente(curpgerente,telefono) VALUES ('NOYK315789QCXSFM62','3716563618');
INSERT INTO telefonogerente(curpgerente,telefono) VALUES ('DWEP845254DKLMOQ28','7726843676');
INSERT INTO telefonogerente(curpgerente,telefono) VALUES ('ZTVU252957XWQQDE59','6346560067');
INSERT INTO telefonogerente(curpgerente,telefono) VALUES ('EJPJ924072RWEJZK31','6289412376');
INSERT INTO telefonogerente(curpgerente,telefono) VALUES ('WTEB374786BHUPPR42','2383032948');
INSERT INTO telefonogerente(curpgerente,telefono) VALUES ('LGVH699714MHMJFX03','9957621741');
INSERT INTO telefonogerente(curpgerente,telefono) VALUES ('CADP324756IEAQOO50','2505729680');
INSERT INTO telefonogerente(curpgerente,telefono) VALUES ('ZAIB451082XHVKQZ35','7908176439');
INSERT INTO telefonogerente(curpgerente,telefono) VALUES ('NWTD159049QULFRN79','9516342402');
INSERT INTO telefonogerente(curpgerente,telefono) VALUES ('JBTT447098BGUZQV66','8368799628');
INSERT INTO telefonogerente(curpgerente,telefono) VALUES ('HAEK672544DTHXUP05','5397691346');
INSERT INTO telefonogerente(curpgerente,telefono) VALUES ('VUDC517778CWTWUG52','8042183853');
INSERT INTO telefonogerente(curpgerente,telefono) VALUES ('LGVH699714MHMJFX03','1836387587');
INSERT INTO telefonogerente(curpgerente,telefono) VALUES ('RHJH966533PXHOMS06','4725512429');
INSERT INTO telefonogerente(curpgerente,telefono) VALUES ('PLGG939545YKNIKB27','3709016824');
INSERT INTO telefonogerente(curpgerente,telefono) VALUES ('KCZL896333OMJVRQ47','6085593526');
INSERT INTO telefonogerente(curpgerente,telefono) VALUES ('PLGG939545YKNIKB27','5093421636');
INSERT INTO telefonogerente(curpgerente,telefono) VALUES ('GRIA860055LGEMTU76','6965643737');
INSERT INTO telefonogerente(curpgerente,telefono) VALUES ('NOJF705027XDHBBB02','8761341230');
INSERT INTO telefonogerente(curpgerente,telefono) VALUES ('HNMR175733JBCMGB29','2437810008');
INSERT INTO telefonogerente(curpgerente,telefono) VALUES ('WTEB374786BHUPPR42','6152882290');
INSERT INTO telefonogerente(curpgerente,telefono) VALUES ('DWEP845254DKLMOQ28','9235242631');
INSERT INTO telefonogerente(curpgerente,telefono) VALUES ('KOQD154550AUIMHR02','4789315429');
INSERT INTO telefonogerente(curpgerente,telefono) VALUES ('QDZH218504LLQHAT13','9862699036');
INSERT INTO telefonogerente(curpgerente,telefono) VALUES ('JEBA617153PGRLLS99','6824276577');
INSERT INTO telefonogerente(curpgerente,telefono) VALUES ('VUDC517778CWTWUG52','7753146499');
INSERT INTO telefonogerente(curpgerente,telefono) VALUES ('CADP324756IEAQOO50','5983288610');
INSERT INTO telefonogerente(curpgerente,telefono) VALUES ('DPVD086044JQQNZO60','2351460511');
INSERT INTO telefonogerente(curpgerente,telefono) VALUES ('UUUF226288YMREQT13','2023308341');
INSERT INTO telefonogerente(curpgerente,telefono) VALUES ('AKUY234553RKNTDE44','2202853327');
INSERT INTO telefonogerente(curpgerente,telefono) VALUES ('RHJH966533PXHOMS06','7123215916');
INSERT INTO telefonogerente(curpgerente,telefono) VALUES ('LMTO482055XDVJDF77','6008204813');
INSERT INTO telefonogerente(curpgerente,telefono) VALUES ('CCDM287288SWDANY52','2663090468');
INSERT INTO telefonogerente(curpgerente,telefono) VALUES ('JBTT447098BGUZQV66','1955718771');
INSERT INTO telefonogerente(curpgerente,telefono) VALUES ('PMUZ766873OWVLAW27','6577806474');
INSERT INTO telefonogerente(curpgerente,telefono) VALUES ('GCJX011143VERFPA86','8168636757');
INSERT INTO telefonogerente(curpgerente,telefono) VALUES ('RKPK137514ZMYMSB25','4233067541');
INSERT INTO telefonogerente(curpgerente,telefono) VALUES ('CZUD827012WPWMWG14','8735768743');
INSERT INTO telefonogerente(curpgerente,telefono) VALUES ('KCZL896333OMJVRQ47','1646178211');
INSERT INTO telefonogerente(curpgerente,telefono) VALUES ('XTJD369732FGMTEP71','6409943880');
INSERT INTO telefonogerente(curpgerente,telefono) VALUES ('XTJD369732FGMTEP71','1522114884');
INSERT INTO telefonogerente(curpgerente,telefono) VALUES ('KCZL896333OMJVRQ47','4365611594');
INSERT INTO telefonogerente(curpgerente,telefono) VALUES ('EHJK906218HWSKIE77','5837228998');
INSERT INTO telefonogerente(curpgerente,telefono) VALUES ('RHJH966533PXHOMS06','1323355794');
INSERT INTO telefonogerente(curpgerente,telefono) VALUES ('CMOJ254512TFSJAU29','2659607177');
INSERT INTO telefonogerente(curpgerente,telefono) VALUES ('JVET867972YVFPRO04','3294374544');

INSERT INTO correogerente(curpgerente,correo) VALUES ('EREG340863GLFHLZ38','bvreede0@i2i.jp');
INSERT INTO correogerente(curpgerente,correo) VALUES ('CCDM287288SWDANY52','tgaishson1@va.gov');
INSERT INTO correogerente(curpgerente,correo) VALUES ('WLAG464771LDAXUH03','mstrachan2@ftc.gov');
INSERT INTO correogerente(curpgerente,correo) VALUES ('HPOK023538HSWMJA49','eanthill3@unc.edu');
INSERT INTO correogerente(curpgerente,correo) VALUES ('WBPO133650VCHQGK45','kcracoe4@microsoft.com');
INSERT INTO correogerente(curpgerente,correo) VALUES ('HNMR175733JBCMGB29','cjouhandeau5@boston.com');
INSERT INTO correogerente(curpgerente,correo) VALUES ('BWMG057851PKZEON89','afilipson6@blogger.com');
INSERT INTO correogerente(curpgerente,correo) VALUES ('PRPP958463CANMYH05','lbeasley7@livejournal.com');
INSERT INTO correogerente(curpgerente,correo) VALUES ('ZTVU252957XWQQDE59','cgregorace8@reverbnation.com');
INSERT INTO correogerente(curpgerente,correo) VALUES ('EVZO733719OTQAVZ11','hleavens9@cbc.ca');
INSERT INTO correogerente(curpgerente,correo) VALUES ('PIQE533270NVYMVD88','mpaddella@tripod.com');
INSERT INTO correogerente(curpgerente,correo) VALUES ('EDGW437094BDKMMQ83','cwinkworthb@t.co');
INSERT INTO correogerente(curpgerente,correo) VALUES ('FKEB921361SEIWOO63','rdarganc@senate.gov');
INSERT INTO correogerente(curpgerente,correo) VALUES ('EREG340863GLFHLZ38','sscullyd@youku.com');
INSERT INTO correogerente(curpgerente,correo) VALUES ('NLIQ648283YVMQSE07','jyglesiase@ning.com');
INSERT INTO correogerente(curpgerente,correo) VALUES ('EWAP921588FZVQBM81','sbrownscombef@digg.com');
INSERT INTO correogerente(curpgerente,correo) VALUES ('EREG340863GLFHLZ38','drosengarteng@weibo.com');
INSERT INTO correogerente(curpgerente,correo) VALUES ('DTXX834105NFGCQO11','ssneezumh@de.vu');
INSERT INTO correogerente(curpgerente,correo) VALUES ('NLIQ648283YVMQSE07','stregoningi@lulu.com');
INSERT INTO correogerente(curpgerente,correo) VALUES ('RSUI511223LIRUAF02','mflottj@merriam-webster.com');
INSERT INTO correogerente(curpgerente,correo) VALUES ('EXUH982193WTAEOA10','ibeardshallk@paginegialle.it');
INSERT INTO correogerente(curpgerente,correo) VALUES ('ZTVU252957XWQQDE59','kwissonl@webnode.com');
INSERT INTO correogerente(curpgerente,correo) VALUES ('WBPO133650VCHQGK45','efearsm@tripod.com');
INSERT INTO correogerente(curpgerente,correo) VALUES ('LIGO951204EYOHDH35','sbrizlandn@springer.com');
INSERT INTO correogerente(curpgerente,correo) VALUES ('BCHF211225CMLTWG83','ulinkino@google.es');
INSERT INTO correogerente(curpgerente,correo) VALUES ('RSUI511223LIRUAF02','pshearmep@tinypic.com');
INSERT INTO correogerente(curpgerente,correo) VALUES ('CMOJ254512TFSJAU29','iglackenq@latimes.com');
INSERT INTO correogerente(curpgerente,correo) VALUES ('HACG002424LSGXWG54','ldabbotdoyler@yellowpages.com');
INSERT INTO correogerente(curpgerente,correo) VALUES ('FEIO015733WRQNVB68','mackermans@seattletimes.com');
INSERT INTO correogerente(curpgerente,correo) VALUES ('WTTC476678RAMICI79','qboolert@rambler.ru');
INSERT INTO correogerente(curpgerente,correo) VALUES ('PIQE533270NVYMVD88','hsimoneschiu@4shared.com');
INSERT INTO correogerente(curpgerente,correo) VALUES ('CCDM287288SWDANY52','rsandv@alibaba.com');
INSERT INTO correogerente(curpgerente,correo) VALUES ('HPOK023538HSWMJA49','fferiaw@wsj.com');
INSERT INTO correogerente(curpgerente,correo) VALUES ('DPVD086044JQQNZO60','hpitcaithlyx@weather.com');
INSERT INTO correogerente(curpgerente,correo) VALUES ('NDOH789153DJYOMN71','rodgery@example.com');
INSERT INTO correogerente(curpgerente,correo) VALUES ('EWAP921588FZVQBM81','espittallz@deviantart.com');
INSERT INTO correogerente(curpgerente,correo) VALUES ('RKPK137514ZMYMSB25','ssale10@cpanel.net');
INSERT INTO correogerente(curpgerente,correo) VALUES ('BCHF211225CMLTWG83','selford11@mozilla.com');
INSERT INTO correogerente(curpgerente,correo) VALUES ('FKEB921361SEIWOO63','fkeggins12@fotki.com');
INSERT INTO correogerente(curpgerente,correo) VALUES ('EWAP921588FZVQBM81','sseal13@patch.com');
INSERT INTO correogerente(curpgerente,correo) VALUES ('WLAG464771LDAXUH03','vranshaw14@canalblog.com');
INSERT INTO correogerente(curpgerente,correo) VALUES ('ZAIB451082XHVKQZ35','cbrant15@issuu.com');
INSERT INTO correogerente(curpgerente,correo) VALUES ('YDAM064452PJTWHY57','fcage16@canalblog.com');
INSERT INTO correogerente(curpgerente,correo) VALUES ('XTJD369732FGMTEP71','mlimb17@dedecms.com');
INSERT INTO correogerente(curpgerente,correo) VALUES ('PMCI692688UXDSYG78','apattlel18@spotify.com');
INSERT INTO correogerente(curpgerente,correo) VALUES ('QMAD648677NEIQSB98','sleare19@istockphoto.com');
INSERT INTO correogerente(curpgerente,correo) VALUES ('JVET867972YVFPRO04','ssuermeier1a@answers.com');
INSERT INTO correogerente(curpgerente,correo) VALUES ('EOUM533216EABWJE66','dshieber1b@bizjournals.com');
INSERT INTO correogerente(curpgerente,correo) VALUES ('WTEB374786BHUPPR42','dedkins1c@boston.com');
INSERT INTO correogerente(curpgerente,correo) VALUES ('EWAP921588FZVQBM81','mkennaird1d@china.com.cn');
INSERT INTO correogerente(curpgerente,correo) VALUES ('LDGW059551XXWTLY94','lrickett1e@istockphoto.com');
INSERT INTO correogerente(curpgerente,correo) VALUES ('PRPP958463CANMYH05','rrignold1f@omniture.com');
INSERT INTO correogerente(curpgerente,correo) VALUES ('GCJX011143VERFPA86','mkleinhaus1g@hp.com');
INSERT INTO correogerente(curpgerente,correo) VALUES ('PRPP958463CANMYH05','umargerison1h@taobao.com');
INSERT INTO correogerente(curpgerente,correo) VALUES ('ICLI606828KGMZSD05','hfaull1i@nationalgeographic.com');
INSERT INTO correogerente(curpgerente,correo) VALUES ('VWJW367395SELIAK73','hleclercq1j@irs.gov');
INSERT INTO correogerente(curpgerente,correo) VALUES ('WLAG464771LDAXUH03','byitzowitz1k@flavors.me');
INSERT INTO correogerente(curpgerente,correo) VALUES ('EOUM533216EABWJE66','klund1l@myspace.com');
INSERT INTO correogerente(curpgerente,correo) VALUES ('XTJD369732FGMTEP71','cbladge1m@godaddy.com');
INSERT INTO correogerente(curpgerente,correo) VALUES ('EWAP921588FZVQBM81','wgodier1n@storify.com');
INSERT INTO correogerente(curpgerente,correo) VALUES ('WUZQ057052LHFXOO84','llebell1o@state.tx.us');
INSERT INTO correogerente(curpgerente,correo) VALUES ('EVZO733719OTQAVZ11','dinsoll1p@flickr.com');
INSERT INTO correogerente(curpgerente,correo) VALUES ('FEIO015733WRQNVB68','bgoldes1q@craigslist.org');
INSERT INTO correogerente(curpgerente,correo) VALUES ('VJOZ509625FDIZSI40','ssynan1r@homestead.com');
INSERT INTO correogerente(curpgerente,correo) VALUES ('AGHC551063NVVNNM21','along1s@nbcnews.com');
INSERT INTO correogerente(curpgerente,correo) VALUES ('LIGO951204EYOHDH35','gpagel1t@alexa.com');
INSERT INTO correogerente(curpgerente,correo) VALUES ('BUFI503802RWPIDU11','mblenkiron1u@nifty.com');
INSERT INTO correogerente(curpgerente,correo) VALUES ('FZMR851633OLKOGU48','nhowood1v@google.ru');
INSERT INTO correogerente(curpgerente,correo) VALUES ('JFFO447316DGEWON41','sburriss1w@wordpress.com');
INSERT INTO correogerente(curpgerente,correo) VALUES ('WBPO133650VCHQGK45','cyepiskopov1x@twitpic.com');
INSERT INTO correogerente(curpgerente,correo) VALUES ('DPVD086044JQQNZO60','pmclafferty1y@diigo.com');
INSERT INTO correogerente(curpgerente,correo) VALUES ('ARVM146328PEHFYT88','pfairy1z@sourceforge.net');
INSERT INTO correogerente(curpgerente,correo) VALUES ('UUUF226288YMREQT13','acunniff20@berkeley.edu');
INSERT INTO correogerente(curpgerente,correo) VALUES ('WLAG464771LDAXUH03','brumsey21@businessweek.com');
INSERT INTO correogerente(curpgerente,correo) VALUES ('WIZQ533512CLPEON54','afretter22@usgs.gov');
INSERT INTO correogerente(curpgerente,correo) VALUES ('WUZQ057052LHFXOO84','esidebotham23@webmd.com');
INSERT INTO correogerente(curpgerente,correo) VALUES ('FZMR851633OLKOGU48','smcguggy24@alibaba.com');
INSERT INTO correogerente(curpgerente,correo) VALUES ('WWYB048117XZRNNR51','aalywin25@slashdot.org');
INSERT INTO correogerente(curpgerente,correo) VALUES ('PKML886209MDPDMR60','emccaughey26@stanford.edu');
INSERT INTO correogerente(curpgerente,correo) VALUES ('EWAP921588FZVQBM81','ftwohig27@google.com.au');
INSERT INTO correogerente(curpgerente,correo) VALUES ('CANI633262YFNDAJ70','cvernalls28@unblog.fr');
INSERT INTO correogerente(curpgerente,correo) VALUES ('ZTVU252957XWQQDE59','ltoms29@thetimes.co.uk');
INSERT INTO correogerente(curpgerente,correo) VALUES ('GCJX011143VERFPA86','rmacnelly2a@gmpg.org');
INSERT INTO correogerente(curpgerente,correo) VALUES ('BCHF211225CMLTWG83','lrudgard2b@sun.com');
INSERT INTO correogerente(curpgerente,correo) VALUES ('DPVD086044JQQNZO60','sarnall2c@taobao.com');
INSERT INTO correogerente(curpgerente,correo) VALUES ('CZUD827012WPWMWG14','gbrayson2d@xinhuanet.com');
INSERT INTO correogerente(curpgerente,correo) VALUES ('PKML886209MDPDMR60','rfarington2e@gov.uk');
INSERT INTO correogerente(curpgerente,correo) VALUES ('EOUM533216EABWJE66','ohurry2f@nps.gov');
INSERT INTO correogerente(curpgerente,correo) VALUES ('LMTO482055XDVJDF77','kgillott2g@123-reg.co.uk');
INSERT INTO correogerente(curpgerente,correo) VALUES ('CMOJ254512TFSJAU29','acomar2h@ycombinator.com');
INSERT INTO correogerente(curpgerente,correo) VALUES ('BUFI503802RWPIDU11','cfrankes2i@adobe.com');
INSERT INTO correogerente(curpgerente,correo) VALUES ('VUDC517778CWTWUG52','dreadshaw2j@earthlink.net');
INSERT INTO correogerente(curpgerente,correo) VALUES ('POWV463191ZMVFXW06','qskerme2k@nps.gov');
INSERT INTO correogerente(curpgerente,correo) VALUES ('ICLI606828KGMZSD05','tcockren2l@deliciousdays.com');
INSERT INTO correogerente(curpgerente,correo) VALUES ('EOUM533216EABWJE66','jcampion2m@reddit.com');
INSERT INTO correogerente(curpgerente,correo) VALUES ('JEBA617153PGRLLS99','cpedrocchi2n@apple.com');
INSERT INTO correogerente(curpgerente,correo) VALUES ('NDOH789153DJYOMN71','bwillmett2o@sphinn.com');
INSERT INTO correogerente(curpgerente,correo) VALUES ('VYVJ648150NVYXSB14','edemogeot2p@earthlink.net');
INSERT INTO correogerente(curpgerente,correo) VALUES ('NWTD159049QULFRN79','meverington2q@home.pl');
INSERT INTO correogerente(curpgerente,correo) VALUES ('JZJM426325YLHVYW26','acullinan2r@1und1.de');

insert into perecedero (idproductop, nombre, marca, precio, cantidad, descripcion, presentacion, fechapreparado, fechacadcorta, tiporefrigeracion) values ('P-00974175', 'FLAN', 'FUD', 12532, 14520, 'LACTEOS', 'bolsa', '2023-05-17', '2023-05-24', 'CONTENEDOR FRIGORIFICO');
insert into perecedero (idproductop, nombre, marca, precio, cantidad, descripcion, presentacion, fechapreparado, fechacadcorta, tiporefrigeracion) values ('P-00480556', 'HELADO', 'SANTA CLARA', 83913, 21029, 'LACTEOS', 'botella', '2023-05-17', '2023-06-13', 'EXPOSITOR');
insert into perecedero (idproductop, nombre, marca, precio, cantidad, descripcion, presentacion, fechapreparado, fechacadcorta, tiporefrigeracion) values ('P-00105451', 'FLAN', 'NUTRI', 231, 82781, 'LACTEOS', 'lata', '2023-05-12', '2023-05-24', 'CAMARA FRIGORIFICA');
insert into perecedero (idproductop, nombre, marca, precio, cantidad, descripcion, presentacion, fechapreparado, fechacadcorta, tiporefrigeracion) values ('P-00595650', 'QUESO PANELA', 'LALA', 27025, 45704, 'LACTEOS', 'lata', '2023-05-14', '2023-06-13', 'MAQUINA DE HIELO');
insert into perecedero (idproductop, nombre, marca, precio, cantidad, descripcion, presentacion, fechapreparado, fechacadcorta, tiporefrigeracion) values ('P-00167591', 'QUESO OAXACA', 'NUTRI', 35284, 41262, 'LACTEOS', 'caja', '2023-05-09', '2023-05-27', 'CONGELADOR');
insert into perecedero (idproductop, nombre, marca, precio, cantidad, descripcion, presentacion, fechapreparado, fechacadcorta, tiporefrigeracion) values ('P-00501520', 'QUESO AMARILLO', 'SANTA CLARA', 57402, 57979, 'LACTEOS', 'lata', '2023-05-05', '2023-05-31', 'CONGELADOR');
insert into perecedero (idproductop, nombre, marca, precio, cantidad, descripcion, presentacion, fechapreparado, fechacadcorta, tiporefrigeracion) values ('P-00597106', 'MANTEQUILLA', 'FUD', 99784, 99656, 'LACTEOS', 'caja', '2023-05-17', '2023-06-15', 'CAMARA FRIGORIFICA');
insert into perecedero (idproductop, nombre, marca, precio, cantidad, descripcion, presentacion, fechapreparado, fechacadcorta, tiporefrigeracion) values ('P-00400016', 'LECHE', 'FUD', 45430, 59583, 'LACTEOS', 'lata', '2023-05-18', '2023-06-06', 'CONTENEDOR FRIGORIFICO');
insert into perecedero (idproductop, nombre, marca, precio, cantidad, descripcion, presentacion, fechapreparado, fechacadcorta, tiporefrigeracion) values ('P-00578031', 'QUESO PANELA', 'ALPURA', 25320, 83717, 'LACTEOS', 'bolsa', '2023-05-10', '2023-06-02', 'MAQUINA DE HIELO');
insert into perecedero (idproductop, nombre, marca, precio, cantidad, descripcion, presentacion, fechapreparado, fechacadcorta, tiporefrigeracion) values ('P-00155932', 'LECHE', 'FUD', 51165, 98748, 'LACTEOS', 'bolsa', '2023-05-19', '2023-06-02', 'CAMARA FRIGORIFICA');
insert into perecedero (idproductop, nombre, marca, precio, cantidad, descripcion, presentacion, fechapreparado, fechacadcorta, tiporefrigeracion) values ('P-00365636', 'QUESO OAXACA', 'ALPURA', 64428, 75722, 'LACTEOS', 'botella', '2023-05-03', '2023-06-01', 'CAMARA FRIGORIFICA');
insert into perecedero (idproductop, nombre, marca, precio, cantidad, descripcion, presentacion, fechapreparado, fechacadcorta, tiporefrigeracion) values ('P-00000895', 'HELADO', 'SANTA CLARA', 65730, 27476, 'LACTEOS', 'botella', '2023-05-03', '2023-06-03', 'EXPOSITOR');
insert into perecedero (idproductop, nombre, marca, precio, cantidad, descripcion, presentacion, fechapreparado, fechacadcorta, tiporefrigeracion) values ('P-00253877', 'YOGURT', 'HOLANDA', 90764, 90474, 'LACTEOS', 'bolsa', '2023-05-17', '2023-05-25', 'CONGELADOR');
insert into perecedero (idproductop, nombre, marca, precio, cantidad, descripcion, presentacion, fechapreparado, fechacadcorta, tiporefrigeracion) values ('P-00145093', 'YOGURT', 'VOLCANES', 11007, 6050, 'LACTEOS', 'botella', '2023-05-04', '2023-06-15', 'CONGELADOR');
insert into perecedero (idproductop, nombre, marca, precio, cantidad, descripcion, presentacion, fechapreparado, fechacadcorta, tiporefrigeracion) values ('P-00255326', 'FLAN', 'NESTLE', 11954, 22066, 'LACTEOS', 'caja', '2023-05-12', '2023-06-03', 'EXPOSITOR');
insert into perecedero (idproductop, nombre, marca, precio, cantidad, descripcion, presentacion, fechapreparado, fechacadcorta, tiporefrigeracion) values ('P-00696321', 'QUESO OAXACA', 'CAPERUCITA', 65301, 18290, 'LACTEOS', 'bolsa', '2023-05-02', '2023-06-04', 'CAMARA FRIGORIFICA');
insert into perecedero (idproductop, nombre, marca, precio, cantidad, descripcion, presentacion, fechapreparado, fechacadcorta, tiporefrigeracion) values ('P-00254248', 'YOGURT', 'SANTA CLARA', 88371, 53637, 'LACTEOS', 'caja', '2023-05-01', '2023-06-17', 'ARCON');
insert into perecedero (idproductop, nombre, marca, precio, cantidad, descripcion, presentacion, fechapreparado, fechacadcorta, tiporefrigeracion) values ('P-00515393', 'QUESO PANELA', 'NESTLE', 96381, 93945, 'LACTEOS', 'botella', '2023-05-05', '2023-06-08', 'CAMARA FRIGORIFICA');
insert into perecedero (idproductop, nombre, marca, precio, cantidad, descripcion, presentacion, fechapreparado, fechacadcorta, tiporefrigeracion) values ('P-00650270', 'LECHE', 'HOLANDA', 2234, 73788, 'LACTEOS', 'caja', '2023-05-09', '2023-06-01', 'ARCON');
insert into perecedero (idproductop, nombre, marca, precio, cantidad, descripcion, presentacion, fechapreparado, fechacadcorta, tiporefrigeracion) values ('P-00492266', 'FLAN', 'ALPURA', 55940, 25115, 'LACTEOS', 'bolsa', '2023-05-15', '2023-06-05', 'MAQUINA DE HIELO');
insert into perecedero (idproductop, nombre, marca, precio, cantidad, descripcion, presentacion, fechapreparado, fechacadcorta, tiporefrigeracion) values ('P-00400034', 'LECHE', 'VOLCANES', 75875, 81175, 'LACTEOS', 'bolsa', '2023-05-03', '2023-06-08', 'ARCON');
insert into perecedero (idproductop, nombre, marca, precio, cantidad, descripcion, presentacion, fechapreparado, fechacadcorta, tiporefrigeracion) values ('P-00963746', 'CREMA', 'SANTA CLARA', 1571, 78427, 'LACTEOS', 'lata', '2023-05-06', '2023-05-25', 'EXPOSITOR');
insert into perecedero (idproductop, nombre, marca, precio, cantidad, descripcion, presentacion, fechapreparado, fechacadcorta, tiporefrigeracion) values ('P-00883433', 'HELADO', 'LALA', 20599, 96379, 'LACTEOS', 'botella', '2023-05-16', '2023-06-06', 'CONTENEDOR FRIGORIFICO');
insert into perecedero (idproductop, nombre, marca, precio, cantidad, descripcion, presentacion, fechapreparado, fechacadcorta, tiporefrigeracion) values ('P-00514524', 'QUESO PANELA', 'VOLCANES', 69031, 97097, 'LACTEOS', 'botella', '2023-05-03', '2023-06-14', 'ARCON');
insert into perecedero (idproductop, nombre, marca, precio, cantidad, descripcion, presentacion, fechapreparado, fechacadcorta, tiporefrigeracion) values ('P-00423294', 'MANTEQUILLA', 'FUD', 24794, 19211, 'LACTEOS', 'botella', '2023-05-03', '2023-06-15', 'CAMARA FRIGORIFICA');

insert into perecedero (idproductop, nombre, marca, precio, cantidad, descripcion, presentacion, fechapreparado, fechacadcorta, tiporefrigeracion) values ('P-01863146', 'MUSLOS DE POLLO', 'MEZQUITE', 78025, 40849, 'CARNES', 'plato', '2023-05-09', '2023-06-13', 'CONTENEDOR FRIGORIFICO');
insert into perecedero (idproductop, nombre, marca, precio, cantidad, descripcion, presentacion, fechapreparado, fechacadcorta, tiporefrigeracion) values ('P-01058272', 'PECHUGA DE POLLO', 'MARKETSIDE', 4542, 33971, 'CARNES', 'plato', '2023-05-12', '2023-06-14', 'EXPOSITOR');
insert into perecedero (idproductop, nombre, marca, precio, cantidad, descripcion, presentacion, fechapreparado, fechacadcorta, tiporefrigeracion) values ('P-01909507', 'CECINA', 'CARNISNACK', 84707, 34526, 'CARNES', 'bolsa', '2023-05-08', '2023-06-08', 'CAMARA FRIGORIFICA');
insert into perecedero (idproductop, nombre, marca, precio, cantidad, descripcion, presentacion, fechapreparado, fechacadcorta, tiporefrigeracion) values ('P-01451488', 'CARNE DE CERDO', 'TIA LENCHA', 21963, 93698, 'CARNES', 'bolsa', '2023-05-10', '2023-06-17', 'ARCON');
insert into perecedero (idproductop, nombre, marca, precio, cantidad, descripcion, presentacion, fechapreparado, fechacadcorta, tiporefrigeracion) values ('P-01796510', 'TROCITOS DE RES', 'MARKETSIDE', 80353, 29083, 'CARNES', 'bolsa', '2023-05-10', '2023-06-11', 'MAQUINA DE HIELO');
insert into perecedero (idproductop, nombre, marca, precio, cantidad, descripcion, presentacion, fechapreparado, fechacadcorta, tiporefrigeracion) values ('P-01272505', 'SIRLON DE RES', 'PURINA', 79452, 56728, 'CARNES', 'plato', '2023-05-12', '2023-06-12', 'CONGELADOR');
insert into perecedero (idproductop, nombre, marca, precio, cantidad, descripcion, presentacion, fechapreparado, fechacadcorta, tiporefrigeracion) values ('P-01086182', 'ALITAS DE POLLO', 'PURINA', 61278, 74205, 'CARNES', 'plato', '2023-05-17', '2023-05-25', 'EXPOSITOR');
insert into perecedero (idproductop, nombre, marca, precio, cantidad, descripcion, presentacion, fechapreparado, fechacadcorta, tiporefrigeracion) values ('P-01261110', 'ALITAS DE POLLO', 'PURINA', 54391, 59851, 'CARNES', 'plato', '2023-05-07', '2023-06-09', 'MAQUINA DE HIELO');
insert into perecedero (idproductop, nombre, marca, precio, cantidad, descripcion, presentacion, fechapreparado, fechacadcorta, tiporefrigeracion) values ('P-01742310', 'PIERNAS DE POLLO', 'TIA LENCHA', 32855, 63621, 'CARNES', 'bolsa', '2023-05-14', '2023-05-25', 'CAMARA FRIGORIFICA');
insert into perecedero (idproductop, nombre, marca, precio, cantidad, descripcion, presentacion, fechapreparado, fechacadcorta, tiporefrigeracion) values ('P-01762139', 'ALITAS DE POLLO', 'CARNISNACK', 43708, 22094, 'CARNES', 'bolsa', '2023-05-18', '2023-06-15', 'MAQUINA DE HIELO');
insert into perecedero (idproductop, nombre, marca, precio, cantidad, descripcion, presentacion, fechapreparado, fechacadcorta, tiporefrigeracion) values ('P-01557325', 'TROCITOS DE RES', 'STEAKOS', 8107, 54310, 'CARNES', 'plato', '2023-05-12', '2023-06-17', 'CONGELADOR');
insert into perecedero (idproductop, nombre, marca, precio, cantidad, descripcion, presentacion, fechapreparado, fechacadcorta, tiporefrigeracion) values ('P-01625695', 'PIERNAS DE POLLO', 'TIA LENCHA', 47624, 530, 'CARNES', 'plato', '2023-05-12', '2023-06-13', 'CAMARA FRIGORIFICA');
insert into perecedero (idproductop, nombre, marca, precio, cantidad, descripcion, presentacion, fechapreparado, fechacadcorta, tiporefrigeracion) values ('P-01080597', 'TROCITOS DE RES', 'CARNISNACK', 84860, 90575, 'CARNES', 'plato', '2023-05-16', '2023-05-23', 'CONGELADOR');
insert into perecedero (idproductop, nombre, marca, precio, cantidad, descripcion, presentacion, fechapreparado, fechacadcorta, tiporefrigeracion) values ('P-01143567', 'CHULETA', 'BAFAR', 13302, 43223, 'CARNES', 'bolsa', '2023-05-03', '2023-05-27', 'EXPOSITOR');
insert into perecedero (idproductop, nombre, marca, precio, cantidad, descripcion, presentacion, fechapreparado, fechacadcorta, tiporefrigeracion) values ('P-01868439', 'CARNE DE CERDO', 'STEAKOS', 81170, 25017, 'CARNES', 'bolsa', '2023-05-01', '2023-05-22', 'ARCON');
insert into perecedero (idproductop, nombre, marca, precio, cantidad, descripcion, presentacion, fechapreparado, fechacadcorta, tiporefrigeracion) values ('P-01572871', 'LONGANIZA', 'PURINA', 8504, 79822, 'CARNES', 'bolsa', '2023-05-15', '2023-06-16', 'CONGELADOR');
insert into perecedero (idproductop, nombre, marca, precio, cantidad, descripcion, presentacion, fechapreparado, fechacadcorta, tiporefrigeracion) values ('P-01005954', 'BISTEC', 'TIA LENCHA', 66399, 18155, 'CARNES', 'bolsa', '2023-05-10', '2023-06-05', 'ARCON');
insert into perecedero (idproductop, nombre, marca, precio, cantidad, descripcion, presentacion, fechapreparado, fechacadcorta, tiporefrigeracion) values ('P-01073685', 'CARNE DE CERDO', 'AMERICAN BEEF', 13160, 37378, 'CARNES', 'plato', '2023-05-04', '2023-06-09', 'EXPOSITOR');
insert into perecedero (idproductop, nombre, marca, precio, cantidad, descripcion, presentacion, fechapreparado, fechacadcorta, tiporefrigeracion) values ('P-01317984', 'MILANESA DE RES', 'BAFAR', 76678, 2345, 'CARNES', 'bolsa', '2023-05-06', '2023-05-29', 'CAMARA FRIGORIFICA');
insert into perecedero (idproductop, nombre, marca, precio, cantidad, descripcion, presentacion, fechapreparado, fechacadcorta, tiporefrigeracion) values ('P-01893679', 'CHULETA', 'SUKARNE', 94324, 18694, 'CARNES', 'plato', '2023-05-15', '2023-05-25', 'CAMARA FRIGORIFICA');
insert into perecedero (idproductop, nombre, marca, precio, cantidad, descripcion, presentacion, fechapreparado, fechacadcorta, tiporefrigeracion) values ('P-01461933', 'PIERNAS DE POLLO', 'PURINA', 32834, 44158, 'CARNES', 'plato', '2023-05-09', '2023-06-18', 'CONTENEDOR FRIGORIFICO');
insert into perecedero (idproductop, nombre, marca, precio, cantidad, descripcion, presentacion, fechapreparado, fechacadcorta, tiporefrigeracion) values ('P-01272428', 'ALITAS DE POLLO', 'STEAKOS', 98326, 78757, 'CARNES', 'plato', '2023-05-11', '2023-05-31', 'CAMARA FRIGORIFICA');
insert into perecedero (idproductop, nombre, marca, precio, cantidad, descripcion, presentacion, fechapreparado, fechacadcorta, tiporefrigeracion) values ('P-01802967', 'ARRACHERA', 'CARNISNACK', 19715, 5969, 'CARNES', 'plato', '2023-05-14', '2023-06-04', 'CAMARA FRIGORIFICA');
insert into perecedero (idproductop, nombre, marca, precio, cantidad, descripcion, presentacion, fechapreparado, fechacadcorta, tiporefrigeracion) values ('P-01495213', 'COSTILLAS DE PUERCO', 'PURINA', 36078, 80334, 'CARNES', 'plato', '2023-05-12', '2023-06-13', 'EXPOSITOR');
insert into perecedero (idproductop, nombre, marca, precio, cantidad, descripcion, presentacion, fechapreparado, fechacadcorta, tiporefrigeracion) values ('P-01600189', 'SIRLON DE RES', 'BAFAR', 54774, 81297, 'CARNES', 'plato', '2023-05-13', '2023-05-23', 'CAMARA FRIGORIFICA');

insert into perecedero (idproductop, nombre, marca, precio, cantidad, descripcion, presentacion, fechapreparado, fechacadcorta, tiporefrigeracion) values ('P-02601703', 'ESPARRAGOS', 'LA HUERTA', 68331, 30885, 'VERDURA', 'pieza', '2023-05-15', '2023-06-14', 'ARCON');
insert into perecedero (idproductop, nombre, marca, precio, cantidad, descripcion, presentacion, fechapreparado, fechacadcorta, tiporefrigeracion) values ('P-02227633', 'CHILE POBLANO', 'VEGEMIX', 85293, 3339, 'VERDURA', 'bolsa', '2023-05-20', '2023-06-10', 'MAQUINA DE HIELO');
insert into perecedero (idproductop, nombre, marca, precio, cantidad, descripcion, presentacion, fechapreparado, fechacadcorta, tiporefrigeracion) values ('P-02313494', 'PAPA', 'HERDEZ', 7017, 73398, 'VERDURA', 'plato', '2023-05-18', '2023-06-07', 'MAQUINA DE HIELO');
insert into perecedero (idproductop, nombre, marca, precio, cantidad, descripcion, presentacion, fechapreparado, fechacadcorta, tiporefrigeracion) values ('P-02703897', 'CALABAZA', 'DON SABOR', 54887, 85646, 'VERDURA', 'pieza', '2023-05-10', '2023-06-12', 'CONGELADOR');
insert into perecedero (idproductop, nombre, marca, precio, cantidad, descripcion, presentacion, fechapreparado, fechacadcorta, tiporefrigeracion) values ('P-02057377', 'BROCOLI', 'CAMPO VIVO', 41190, 39659, 'VERDURA', 'bolsa', '2023-05-05', '2023-05-23', 'ARCON');
insert into perecedero (idproductop, nombre, marca, precio, cantidad, descripcion, presentacion, fechapreparado, fechacadcorta, tiporefrigeracion) values ('P-02331770', 'PAPA', 'DON SABOR', 42662, 61809, 'VERDURA', 'pieza', '2023-05-01', '2023-05-26', 'MAQUINA DE HIELO');
insert into perecedero (idproductop, nombre, marca, precio, cantidad, descripcion, presentacion, fechapreparado, fechacadcorta, tiporefrigeracion) values ('P-02903395', 'EJOTE', 'VERGEL', 29200, 85579, 'VERDURA', 'plato', '2023-05-01', '2023-05-23', 'MAQUINA DE HIELO');
insert into perecedero (idproductop, nombre, marca, precio, cantidad, descripcion, presentacion, fechapreparado, fechacadcorta, tiporefrigeracion) values ('P-02454199', 'BERENJENA', 'CAMPO VIVO', 99023, 55277, 'VERDURA', 'pieza', '2023-05-14', '2023-05-28', 'ARCON');
insert into perecedero (idproductop, nombre, marca, precio, cantidad, descripcion, presentacion, fechapreparado, fechacadcorta, tiporefrigeracion) values ('P-02299223', 'EPAZOTE', 'VERGEL', 93390, 74838, 'VERDURA', 'pieza', '2023-05-04', '2023-06-09', 'CONTENEDOR FRIGORIFICO');
insert into perecedero (idproductop, nombre, marca, precio, cantidad, descripcion, presentacion, fechapreparado, fechacadcorta, tiporefrigeracion) values ('P-02425687', 'PAPA', 'NATURA', 42803, 46824, 'VERDURA', 'pieza', '2023-05-07', '2023-06-04', 'CAMARA FRIGORIFICA');
insert into perecedero (idproductop, nombre, marca, precio, cantidad, descripcion, presentacion, fechapreparado, fechacadcorta, tiporefrigeracion) values ('P-02830241', 'JITOMATE', 'CAMPO VIVO', 10287, 51076, 'VERDURA', 'pieza', '2023-05-10', '2023-06-15', 'CONTENEDOR FRIGORIFICO');
insert into perecedero (idproductop, nombre, marca, precio, cantidad, descripcion, presentacion, fechapreparado, fechacadcorta, tiporefrigeracion) values ('P-02807557', 'LECHUGA', 'LA HUERTA', 47169, 35140, 'VERDURA', 'pieza', '2023-05-06', '2023-05-23', 'CONGELADOR');
insert into perecedero (idproductop, nombre, marca, precio, cantidad, descripcion, presentacion, fechapreparado, fechacadcorta, tiporefrigeracion) values ('P-02280790', 'CHALLOTE', 'NATURA', 46874, 14973, 'VERDURA', 'bolsa', '2023-05-12', '2023-06-15', 'CONTENEDOR FRIGORIFICO');
insert into perecedero (idproductop, nombre, marca, precio, cantidad, descripcion, presentacion, fechapreparado, fechacadcorta, tiporefrigeracion) values ('P-02684397', 'ALBAHACA', 'CAMPO VIVO', 77720, 75099, 'VERDURA', 'plato', '2023-05-05', '2023-06-08', 'CONTENEDOR FRIGORIFICO');
insert into perecedero (idproductop, nombre, marca, precio, cantidad, descripcion, presentacion, fechapreparado, fechacadcorta, tiporefrigeracion) values ('P-02836603', 'JITOMATE', 'CAMPO VIVO', 32309, 60390, 'VERDURA', 'plato', '2023-05-19', '2023-06-15', 'ARCON');
insert into perecedero (idproductop, nombre, marca, precio, cantidad, descripcion, presentacion, fechapreparado, fechacadcorta, tiporefrigeracion) values ('P-02141933', 'CHILE POBLANO', 'DEL MONTE', 84364, 78335, 'VERDURA', 'plato', '2023-05-06', '2023-05-29', 'CONGELADOR');
insert into perecedero (idproductop, nombre, marca, precio, cantidad, descripcion, presentacion, fechapreparado, fechacadcorta, tiporefrigeracion) values ('P-02285420', 'BROCOLI', 'CAMPO VIVO', 30715, 79842, 'VERDURA', 'bolsa', '2023-05-04', '2023-05-30', 'ARCON');
insert into perecedero (idproductop, nombre, marca, precio, cantidad, descripcion, presentacion, fechapreparado, fechacadcorta, tiporefrigeracion) values ('P-02968823', 'ESPARRAGOS', 'VEGEMIX', 76207, 9821, 'VERDURA', 'plato', '2023-05-11', '2023-06-03', 'EXPOSITOR');
insert into perecedero (idproductop, nombre, marca, precio, cantidad, descripcion, presentacion, fechapreparado, fechacadcorta, tiporefrigeracion) values ('P-02150673', 'TOMATE', 'HERDEZ', 98889, 12516, 'VERDURA', 'plato', '2023-05-01', '2023-06-15', 'EXPOSITOR');
insert into perecedero (idproductop, nombre, marca, precio, cantidad, descripcion, presentacion, fechapreparado, fechacadcorta, tiporefrigeracion) values ('P-02570522', 'ELOTE', 'HERDEZ', 8297, 92784, 'VERDURA', 'plato', '2023-05-04', '2023-05-31', 'CAMARA FRIGORIFICA');
insert into perecedero (idproductop, nombre, marca, precio, cantidad, descripcion, presentacion, fechapreparado, fechacadcorta, tiporefrigeracion) values ('P-02654971', 'EJOTE', 'DEL MONTE', 34558, 11845, 'VERDURA', 'bolsa', '2023-05-05', '2023-05-24', 'ARCON');
insert into perecedero (idproductop, nombre, marca, precio, cantidad, descripcion, presentacion, fechapreparado, fechacadcorta, tiporefrigeracion) values ('P-02302337', 'PAPA', 'CAMPO VIVO', 99342, 7314, 'VERDURA', 'plato', '2023-05-12', '2023-06-18', 'EXPOSITOR');
insert into perecedero (idproductop, nombre, marca, precio, cantidad, descripcion, presentacion, fechapreparado, fechacadcorta, tiporefrigeracion) values ('P-02444513', 'APIO', 'DON SABOR', 13486, 39607, 'VERDURA', 'pieza', '2023-05-11', '2023-06-12', 'EXPOSITOR');
insert into perecedero (idproductop, nombre, marca, precio, cantidad, descripcion, presentacion, fechapreparado, fechacadcorta, tiporefrigeracion) values ('P-02676553', 'JITOMATE', 'LA HUERTA', 40507, 48408, 'VERDURA', 'bolsa', '2023-05-11', '2023-05-29', 'MAQUINA DE HIELO');
insert into perecedero (idproductop, nombre, marca, precio, cantidad, descripcion, presentacion, fechapreparado, fechacadcorta, tiporefrigeracion) values ('P-02720808', 'HONGO', 'CAMPO VIVO', 62798, 12773, 'VERDURA', 'bolsa', '2023-05-05', '2023-06-18', 'ARCON');

insert into perecedero (idproductop, nombre, marca, precio, cantidad, descripcion, presentacion, fechapreparado, fechacadcorta, tiporefrigeracion) values ('P-03601761', 'UVA', 'DEL MONTE', 12178, 32428, 'FRUTA', 'pieza', '2023-05-13', '2023-06-14', 'CONGELADOR');
insert into perecedero (idproductop, nombre, marca, precio, cantidad, descripcion, presentacion, fechapreparado, fechacadcorta, tiporefrigeracion) values ('P-03542306', 'MANGO', 'VEGEMIX', 23566, 93716, 'FRUTA', 'plato', '2023-05-14', '2023-05-22', 'ARCON');
insert into perecedero (idproductop, nombre, marca, precio, cantidad, descripcion, presentacion, fechapreparado, fechacadcorta, tiporefrigeracion) values ('P-03807556', 'PERA', 'HERDEZ', 95497, 36924, 'FRUTA', 'bolsa', '2023-05-13', '2023-06-13', 'EXPOSITOR');
insert into perecedero (idproductop, nombre, marca, precio, cantidad, descripcion, presentacion, fechapreparado, fechacadcorta, tiporefrigeracion) values ('P-03105244', 'PERA', 'HERDEZ', 47692, 91609, 'FRUTA', 'bolsa', '2023-05-09', '2023-06-08', 'ARCON');
insert into perecedero (idproductop, nombre, marca, precio, cantidad, descripcion, presentacion, fechapreparado, fechacadcorta, tiporefrigeracion) values ('P-03375487', 'SANDIA', 'CAMPO VIVO', 11549, 62935, 'FRUTA', 'pieza', '2023-05-15', '2023-05-30', 'MAQUINA DE HIELO');
insert into perecedero (idproductop, nombre, marca, precio, cantidad, descripcion, presentacion, fechapreparado, fechacadcorta, tiporefrigeracion) values ('P-03684315', 'SANDIA', 'LA HUERTA', 95310, 85244, 'FRUTA', 'pieza', '2023-05-16', '2023-05-27', 'ARCON');
insert into perecedero (idproductop, nombre, marca, precio, cantidad, descripcion, presentacion, fechapreparado, fechacadcorta, tiporefrigeracion) values ('P-03293529', 'PAPAYA', 'CAMPO VIVO', 10302, 16946, 'FRUTA', 'bolsa', '2023-05-06', '2023-06-16', 'MAQUINA DE HIELO');
insert into perecedero (idproductop, nombre, marca, precio, cantidad, descripcion, presentacion, fechapreparado, fechacadcorta, tiporefrigeracion) values ('P-03749519', 'NARANJA', 'DEL MONTE', 51518, 42804, 'FRUTA', 'bolsa', '2023-05-20', '2023-05-29', 'MAQUINA DE HIELO');
insert into perecedero (idproductop, nombre, marca, precio, cantidad, descripcion, presentacion, fechapreparado, fechacadcorta, tiporefrigeracion) values ('P-03826471', 'PERA', 'DEL MONTE', 4075, 85508, 'FRUTA', 'plato', '2023-05-17', '2023-05-26', 'CAMARA FRIGORIFICA');
insert into perecedero (idproductop, nombre, marca, precio, cantidad, descripcion, presentacion, fechapreparado, fechacadcorta, tiporefrigeracion) values ('P-03872108', 'NARANJA', 'DEL MONTE', 80848, 92754, 'FRUTA', 'plato', '2023-05-15', '2023-06-07', 'CONGELADOR');
insert into perecedero (idproductop, nombre, marca, precio, cantidad, descripcion, presentacion, fechapreparado, fechacadcorta, tiporefrigeracion) values ('P-03512120', 'NUEZ', 'CAMPO VIVO', 70240, 64014, 'FRUTA', 'bolsa', '2023-05-04', '2023-06-10', 'CONGELADOR');
insert into perecedero (idproductop, nombre, marca, precio, cantidad, descripcion, presentacion, fechapreparado, fechacadcorta, tiporefrigeracion) values ('P-03425686', 'FRAMUESA', 'VERGEL', 81174, 24676, 'FRUTA', 'bolsa', '2023-05-07', '2023-06-01', 'MAQUINA DE HIELO');
insert into perecedero (idproductop, nombre, marca, precio, cantidad, descripcion, presentacion, fechapreparado, fechacadcorta, tiporefrigeracion) values ('P-03500930', 'MANGO', 'VEGEMIX', 64218, 58243, 'FRUTA', 'plato', '2023-05-04', '2023-06-02', 'CONGELADOR');
insert into perecedero (idproductop, nombre, marca, precio, cantidad, descripcion, presentacion, fechapreparado, fechacadcorta, tiporefrigeracion) values ('P-03475800', 'FRAMUESA', 'CAMPO VIVO', 55968, 69443, 'FRUTA', 'pieza', '2023-05-13', '2023-05-25', 'EXPOSITOR');
insert into perecedero (idproductop, nombre, marca, precio, cantidad, descripcion, presentacion, fechapreparado, fechacadcorta, tiporefrigeracion) values ('P-03610036', 'MANGO', 'NATURA', 15230, 94094, 'FRUTA', 'plato', '2023-05-07', '2023-06-14', 'ARCON');
insert into perecedero (idproductop, nombre, marca, precio, cantidad, descripcion, presentacion, fechapreparado, fechacadcorta, tiporefrigeracion) values ('P-03625168', 'GUABAYA', 'DON SABOR', 41572, 6132, 'FRUTA', 'plato', '2023-05-18', '2023-06-15', 'CAMARA FRIGORIFICA');
insert into perecedero (idproductop, nombre, marca, precio, cantidad, descripcion, presentacion, fechapreparado, fechacadcorta, tiporefrigeracion) values ('P-03546331', 'DURAZNO', 'HERDEZ', 82440, 57683, 'FRUTA', 'plato', '2023-05-05', '2023-05-28', 'CONTENEDOR FRIGORIFICO');
insert into perecedero (idproductop, nombre, marca, precio, cantidad, descripcion, presentacion, fechapreparado, fechacadcorta, tiporefrigeracion) values ('P-03351665', 'MANGO', 'VEGEMIX', 7754, 3655, 'FRUTA', 'plato', '2023-05-10', '2023-05-27', 'CAMARA FRIGORIFICA');
insert into perecedero (idproductop, nombre, marca, precio, cantidad, descripcion, presentacion, fechapreparado, fechacadcorta, tiporefrigeracion) values ('P-03053379', 'UVA', 'HERDEZ', 88594, 73095, 'FRUTA', 'pieza', '2023-05-12', '2023-05-29', 'MAQUINA DE HIELO');
insert into perecedero (idproductop, nombre, marca, precio, cantidad, descripcion, presentacion, fechapreparado, fechacadcorta, tiporefrigeracion) values ('P-03834441', 'MANZANA', 'NATURA', 77822, 9380, 'FRUTA', 'bolsa', '2023-05-19', '2023-06-07', 'ARCON');
insert into perecedero (idproductop, nombre, marca, precio, cantidad, descripcion, presentacion, fechapreparado, fechacadcorta, tiporefrigeracion) values ('P-03242297', 'DURAZNO', 'NATURA', 84541, 5774, 'FRUTA', 'plato', '2023-05-03', '2023-05-22', 'EXPOSITOR');
insert into perecedero (idproductop, nombre, marca, precio, cantidad, descripcion, presentacion, fechapreparado, fechacadcorta, tiporefrigeracion) values ('P-03267784', 'UVA', 'DON SABOR', 83308, 96561, 'FRUTA', 'pieza', '2023-05-11', '2023-05-26', 'ARCON');
insert into perecedero (idproductop, nombre, marca, precio, cantidad, descripcion, presentacion, fechapreparado, fechacadcorta, tiporefrigeracion) values ('P-03828813', 'DURAZNO', 'DON SABOR', 84934, 50206, 'FRUTA', 'bolsa', '2023-05-16', '2023-06-02', 'ARCON');
insert into perecedero (idproductop, nombre, marca, precio, cantidad, descripcion, presentacion, fechapreparado, fechacadcorta, tiporefrigeracion) values ('P-03449602', 'TORONJA', 'DON SABOR', 40236, 15313, 'FRUTA', 'pieza', '2023-05-14', '2023-06-02', 'MAQUINA DE HIELO');
insert into perecedero (idproductop, nombre, marca, precio, cantidad, descripcion, presentacion, fechapreparado, fechacadcorta, tiporefrigeracion) values ('P-03165671', 'DURAZNO', 'LA HUERTA', 16145, 19314, 'FRUTA', 'pieza', '2023-05-14', '2023-05-31', 'CAMARA FRIGORIFICA');


insert into NOPERECEDERO (IDPRODUCTONP, NOMBRE, MARCA, PRECIO, CANTIDAD, DESCRIPCION, PRESENTACION, FECHAPREPARADO, FECHACADLARGA, CONDICIONALMACENAMIENTO) values ('NP-25864064', 'FRUTOS SECOS', 'MCCORMICK', 98, 78, 'LEGUMINOSA', 'LATA', '2022-03-20', '2023-03-19', 'NO NECESARIO');
insert into NOPERECEDERO (IDPRODUCTONP, NOMBRE, MARCA, PRECIO, CANTIDAD, DESCRIPCION, PRESENTACION, FECHAPREPARADO, FECHACADLARGA, CONDICIONALMACENAMIENTO) values ('NP-74706164', 'ENLATADO', 'NUTRIOLI', 66, 38, 'FRUTO', 'LATA', '2022-09-19', '2023-10-17', 'NO NECESARIO');
insert into NOPERECEDERO (IDPRODUCTONP, NOMBRE, MARCA, PRECIO, CANTIDAD, DESCRIPCION, PRESENTACION, FECHAPREPARADO, FECHACADLARGA, CONDICIONALMACENAMIENTO) values ('NP-36143277', 'ENLATADO', 'MCCORMICK', 97, 32, 'LEGUMINOSA', 'BOLSA', '2022-11-28', '2023-12-15', 'NO NECESARIO');
insert into NOPERECEDERO (IDPRODUCTONP, NOMBRE, MARCA, PRECIO, CANTIDAD, DESCRIPCION, PRESENTACION, FECHAPREPARADO, FECHACADLARGA, CONDICIONALMACENAMIENTO) values ('NP-37928943', 'PASTA', 'DOLORES', 75, 45, 'FRUTO', 'BOTELLA', '2022-07-21', '2023-08-02', 'NO NECESARIO');
insert into NOPERECEDERO (IDPRODUCTONP, NOMBRE, MARCA, PRECIO, CANTIDAD, DESCRIPCION, PRESENTACION, FECHAPREPARADO, FECHACADLARGA, CONDICIONALMACENAMIENTO) values ('NP-95728610', 'ENLATADO', 'ENATURE', 54, 80, 'LEGUMINOSA', 'BOLSA', '2022-12-10', '2023-08-07', 'NO NECESARIO');
insert into NOPERECEDERO (IDPRODUCTONP, NOMBRE, MARCA, PRECIO, CANTIDAD, DESCRIPCION, PRESENTACION, FECHAPREPARADO, FECHACADLARGA, CONDICIONALMACENAMIENTO) values ('NP-49813668', 'CAFÉ', 'BIMBO', 59, 54, 'CONDIMENTO', 'CARTOON', '2022-06-07', '2023-02-12', 'NO NECESARIO');
insert into NOPERECEDERO (IDPRODUCTONP, NOMBRE, MARCA, PRECIO, CANTIDAD, DESCRIPCION, PRESENTACION, FECHAPREPARADO, FECHACADLARGA, CONDICIONALMACENAMIENTO) values ('NP-31271262', 'MERMELADA', 'DOLORES', 44, 50, 'FRUTO', 'BOTELLA', '2022-02-21', '2023-12-01', 'NO NECESARIO');
insert into NOPERECEDERO (IDPRODUCTONP, NOMBRE, MARCA, PRECIO, CANTIDAD, DESCRIPCION, PRESENTACION, FECHAPREPARADO, FECHACADLARGA, CONDICIONALMACENAMIENTO) values ('NP-25380010', 'LECHE EN POLVO', 'LA MODERNA', 81, 31, 'LÁCTEO', 'CARTOON', '2022-08-14', '2023-12-24', 'NO NECESARIO');
insert into NOPERECEDERO (IDPRODUCTONP, NOMBRE, MARCA, PRECIO, CANTIDAD, DESCRIPCION, PRESENTACION, FECHAPREPARADO, FECHACADLARGA, CONDICIONALMACENAMIENTO) values ('NP-15729942', 'ENLATADO', 'LA MODERNA', 19, 46, 'FRUTO', 'LATA', '2022-04-26', '2023-08-28', 'NO NECESARIO');
insert into NOPERECEDERO (IDPRODUCTONP, NOMBRE, MARCA, PRECIO, CANTIDAD, DESCRIPCION, PRESENTACION, FECHAPREPARADO, FECHACADLARGA, CONDICIONALMACENAMIENTO) values ('NP-04500186', 'CAFÉ', 'BIMBO', 94, 35, 'LEGUMINOSA', 'BOLSA', '2022-02-18', '2023-02-10', 'NO NECESARIO');
insert into NOPERECEDERO (IDPRODUCTONP, NOMBRE, MARCA, PRECIO, CANTIDAD, DESCRIPCION, PRESENTACION, FECHAPREPARADO, FECHACADLARGA, CONDICIONALMACENAMIENTO) values ('NP-62180286', 'AZÚCAR', 'ENATURE', 53, 15, 'LEGUMINOSA', 'BOTELLA', '2022-06-03', '2023-03-21', 'NO NECESARIO');
insert into NOPERECEDERO (IDPRODUCTONP, NOMBRE, MARCA, PRECIO, CANTIDAD, DESCRIPCION, PRESENTACION, FECHAPREPARADO, FECHACADLARGA, CONDICIONALMACENAMIENTO) values ('NP-96389051', 'CAFÉ', 'MCCORMICK', 15, 93, 'CONDIMENTO', 'CARTOON', '2022-12-15', '2023-09-15', 'NO NECESARIO');
insert into NOPERECEDERO (IDPRODUCTONP, NOMBRE, MARCA, PRECIO, CANTIDAD, DESCRIPCION, PRESENTACION, FECHAPREPARADO, FECHACADLARGA, CONDICIONALMACENAMIENTO) values ('NP-69659578', 'CAFÉ', 'NESTLÉ', 64, 88, 'FRUTO', 'LATA', '2022-11-08', '2023-11-09', 'NO NECESARIO');
insert into NOPERECEDERO (IDPRODUCTONP, NOMBRE, MARCA, PRECIO, CANTIDAD, DESCRIPCION, PRESENTACION, FECHAPREPARADO, FECHACADLARGA, CONDICIONALMACENAMIENTO) values ('NP-68191966', 'ARROZ', 'ENATURE', 23, 40, 'FRUTO', 'CARTOON', '2022-06-10', '2023-12-23', 'NO NECESARIO');
insert into NOPERECEDERO (IDPRODUCTONP, NOMBRE, MARCA, PRECIO, CANTIDAD, DESCRIPCION, PRESENTACION, FECHAPREPARADO, FECHACADLARGA, CONDICIONALMACENAMIENTO) values ('NP-76809286', 'MIEL', 'NUTRIOLI', 64, 48, 'CONDIMENTO', 'BOTELLA', '2022-10-17', '2023-05-13', 'NO NECESARIO');
insert into NOPERECEDERO (IDPRODUCTONP, NOMBRE, MARCA, PRECIO, CANTIDAD, DESCRIPCION, PRESENTACION, FECHAPREPARADO, FECHACADLARGA, CONDICIONALMACENAMIENTO) values ('NP-57568672', 'LECHE EN POLVO', 'BIMBO', 84, 93, 'FRUTO', 'CARTOON', '2022-03-31', '2023-10-07', 'NO NECESARIO');
insert into NOPERECEDERO (IDPRODUCTONP, NOMBRE, MARCA, PRECIO, CANTIDAD, DESCRIPCION, PRESENTACION, FECHAPREPARADO, FECHACADLARGA, CONDICIONALMACENAMIENTO) values ('NP-46061853', 'ENLATADO', 'NUTRIOLI', 67, 58, 'LÁCTEO', 'BOTELLA', '2022-01-06', '2023-04-20', 'NO NECESARIO');
insert into NOPERECEDERO (IDPRODUCTONP, NOMBRE, MARCA, PRECIO, CANTIDAD, DESCRIPCION, PRESENTACION, FECHAPREPARADO, FECHACADLARGA, CONDICIONALMACENAMIENTO) values ('NP-52466122', 'MERMELADA', 'LA MODERNA', 91, 29, 'CONDIMENTO', 'LATA', '2022-05-10', '2023-07-14', 'NO NECESARIO');
insert into NOPERECEDERO (IDPRODUCTONP, NOMBRE, MARCA, PRECIO, CANTIDAD, DESCRIPCION, PRESENTACION, FECHAPREPARADO, FECHACADLARGA, CONDICIONALMACENAMIENTO) values ('NP-84095636', 'MERMELADA', 'NESTLÉ', 10, 86, 'FRUTO', 'BOTELLA', '2022-07-15', '2023-01-17', 'NO NECESARIO');
insert into NOPERECEDERO (IDPRODUCTONP, NOMBRE, MARCA, PRECIO, CANTIDAD, DESCRIPCION, PRESENTACION, FECHAPREPARADO, FECHACADLARGA, CONDICIONALMACENAMIENTO) values ('NP-96720475', 'SAL', 'LA MODERNA', 91, 71, 'CONDIMENTO', 'BOLSA', '2022-10-16', '2023-05-11', 'NO NECESARIO');
insert into NOPERECEDERO (IDPRODUCTONP, NOMBRE, MARCA, PRECIO, CANTIDAD, DESCRIPCION, PRESENTACION, FECHAPREPARADO, FECHACADLARGA, CONDICIONALMACENAMIENTO) values ('NP-17782479', 'MIEL', 'DOLORES', 88, 45, 'LÁCTEO', 'BOLSA', '2022-07-29', '2023-06-22', 'NO NECESARIO');
insert into NOPERECEDERO (IDPRODUCTONP, NOMBRE, MARCA, PRECIO, CANTIDAD, DESCRIPCION, PRESENTACION, FECHAPREPARADO, FECHACADLARGA, CONDICIONALMACENAMIENTO) values ('NP-65461009', 'ARROZ', 'NUTRIOLI', 52, 23, 'CONDIMENTO', 'CARTOON', '2022-01-18', '2023-04-11', 'NO NECESARIO');
insert into NOPERECEDERO (IDPRODUCTONP, NOMBRE, MARCA, PRECIO, CANTIDAD, DESCRIPCION, PRESENTACION, FECHAPREPARADO, FECHACADLARGA, CONDICIONALMACENAMIENTO) values ('NP-68193139', 'LECHE EN POLVO', 'NUTRIOLI', 12, 83, 'FRUTO', 'CARTOON', '2022-12-10', '2023-12-14', 'NO NECESARIO');
insert into NOPERECEDERO (IDPRODUCTONP, NOMBRE, MARCA, PRECIO, CANTIDAD, DESCRIPCION, PRESENTACION, FECHAPREPARADO, FECHACADLARGA, CONDICIONALMACENAMIENTO) values ('NP-96478036', 'SAL', 'NESTLÉ', 55, 28, 'CONDIMENTO', 'CARTOON', '2022-02-06', '2023-02-15', 'NO NECESARIO');
insert into NOPERECEDERO (IDPRODUCTONP, NOMBRE, MARCA, PRECIO, CANTIDAD, DESCRIPCION, PRESENTACION, FECHAPREPARADO, FECHACADLARGA, CONDICIONALMACENAMIENTO) values ('NP-11971933', 'PASTA', 'BIMBO', 23, 12, 'CONDIMENTO', 'LATA', '2022-01-05', '2023-05-24', 'NO NECESARIO');
insert into NOPERECEDERO (IDPRODUCTONP, NOMBRE, MARCA, PRECIO, CANTIDAD, DESCRIPCION, PRESENTACION, FECHAPREPARADO, FECHACADLARGA, CONDICIONALMACENAMIENTO) values ('NP-39347024', 'AZÚCAR', 'DOLORES', 98, 95, 'LEGUMINOSA', 'BOTELLA', '2022-02-23', '2023-12-16', 'NO NECESARIO');
insert into NOPERECEDERO (IDPRODUCTONP, NOMBRE, MARCA, PRECIO, CANTIDAD, DESCRIPCION, PRESENTACION, FECHAPREPARADO, FECHACADLARGA, CONDICIONALMACENAMIENTO) values ('NP-55348078', 'ENLATADO', 'LA MODERNA', 66, 16, 'LÁCTEO', 'LATA', '2022-05-14', '2023-08-04', 'NO NECESARIO');
insert into NOPERECEDERO (IDPRODUCTONP, NOMBRE, MARCA, PRECIO, CANTIDAD, DESCRIPCION, PRESENTACION, FECHAPREPARADO, FECHACADLARGA, CONDICIONALMACENAMIENTO) values ('NP-60155522', 'ACEITE DE OLIVA', 'DOLORES', 52, 97, 'FRUTO', 'BOTELLA', '2022-02-17', '2023-02-10', 'NO NECESARIO');
insert into NOPERECEDERO (IDPRODUCTONP, NOMBRE, MARCA, PRECIO, CANTIDAD, DESCRIPCION, PRESENTACION, FECHAPREPARADO, FECHACADLARGA, CONDICIONALMACENAMIENTO) values ('NP-08423744', 'MIEL', 'NESTLÉ', 78, 74, 'CONDIMENTO', 'LATA', '2022-03-02', '2023-10-17', 'NO NECESARIO');
insert into NOPERECEDERO (IDPRODUCTONP, NOMBRE, MARCA, PRECIO, CANTIDAD, DESCRIPCION, PRESENTACION, FECHAPREPARADO, FECHACADLARGA, CONDICIONALMACENAMIENTO) values ('NP-62708444', 'VINAGRE', 'ENATURE', 19, 90, 'LÁCTEO', 'CARTOON', '2022-10-31', '2023-02-18', 'NO NECESARIO');
insert into NOPERECEDERO (IDPRODUCTONP, NOMBRE, MARCA, PRECIO, CANTIDAD, DESCRIPCION, PRESENTACION, FECHAPREPARADO, FECHACADLARGA, CONDICIONALMACENAMIENTO) values ('NP-47040369', 'LECHE EN POLVO', 'BIMBO', 75, 70, 'LEGUMINOSA', 'BOLSA', '2022-03-09', '2023-08-19', 'NO NECESARIO');
insert into NOPERECEDERO (IDPRODUCTONP, NOMBRE, MARCA, PRECIO, CANTIDAD, DESCRIPCION, PRESENTACION, FECHAPREPARADO, FECHACADLARGA, CONDICIONALMACENAMIENTO) values ('NP-33232159', 'ARROZ', 'DOLORES', 10, 9, 'FRUTO', 'BOTELLA', '2022-01-22', '2023-05-31', 'NO NECESARIO');
insert into NOPERECEDERO (IDPRODUCTONP, NOMBRE, MARCA, PRECIO, CANTIDAD, DESCRIPCION, PRESENTACION, FECHAPREPARADO, FECHACADLARGA, CONDICIONALMACENAMIENTO) values ('NP-06068867', 'MIEL', 'NESTLÉ', 16, 49, 'LÁCTEO', 'LATA', '2022-09-23', '2023-02-16', 'NO NECESARIO');
insert into NOPERECEDERO (IDPRODUCTONP, NOMBRE, MARCA, PRECIO, CANTIDAD, DESCRIPCION, PRESENTACION, FECHAPREPARADO, FECHACADLARGA, CONDICIONALMACENAMIENTO) values ('NP-56122470', 'PASTA', 'NESTLÉ', 87, 18, 'LEGUMINOSA', 'BOLSA', '2022-09-07', '2023-12-12', 'NO NECESARIO');
insert into NOPERECEDERO (IDPRODUCTONP, NOMBRE, MARCA, PRECIO, CANTIDAD, DESCRIPCION, PRESENTACION, FECHAPREPARADO, FECHACADLARGA, CONDICIONALMACENAMIENTO) values ('NP-29291711', 'MIEL', 'ENATURE', 26, 100, 'LÁCTEO', 'BOLSA', '2022-12-23', '2023-04-20', 'NO NECESARIO');
insert into NOPERECEDERO (IDPRODUCTONP, NOMBRE, MARCA, PRECIO, CANTIDAD, DESCRIPCION, PRESENTACION, FECHAPREPARADO, FECHACADLARGA, CONDICIONALMACENAMIENTO) values ('NP-02633235', 'SAL', 'NUTRIOLI', 43, 42, 'FRUTO', 'LATA', '2022-12-12', '2023-03-14', 'NO NECESARIO');
insert into NOPERECEDERO (IDPRODUCTONP, NOMBRE, MARCA, PRECIO, CANTIDAD, DESCRIPCION, PRESENTACION, FECHAPREPARADO, FECHACADLARGA, CONDICIONALMACENAMIENTO) values ('NP-03673347', 'LECHE EN POLVO', 'NESTLÉ', 65, 41, 'LEGUMINOSA', 'BOTELLA', '2022-05-21', '2023-01-23', 'NO NECESARIO');
insert into NOPERECEDERO (IDPRODUCTONP, NOMBRE, MARCA, PRECIO, CANTIDAD, DESCRIPCION, PRESENTACION, FECHAPREPARADO, FECHACADLARGA, CONDICIONALMACENAMIENTO) values ('NP-82760296', 'ACEITE DE OLIVA', 'LA COSTEÑA', 10, 63, 'LEGUMINOSA', 'LATA', '2022-11-26', '2023-08-19', 'NO NECESARIO');
insert into NOPERECEDERO (IDPRODUCTONP, NOMBRE, MARCA, PRECIO, CANTIDAD, DESCRIPCION, PRESENTACION, FECHAPREPARADO, FECHACADLARGA, CONDICIONALMACENAMIENTO) values ('NP-17859722', 'LECHE EN POLVO', 'NUTRIOLI', 29, 76, 'LEGUMINOSA', 'BOTELLA', '2022-07-01', '2023-02-04', 'NO NECESARIO');
insert into NOPERECEDERO (IDPRODUCTONP, NOMBRE, MARCA, PRECIO, CANTIDAD, DESCRIPCION, PRESENTACION, FECHAPREPARADO, FECHACADLARGA, CONDICIONALMACENAMIENTO) values ('NP-27628011', 'FRUTOS SECOS', 'MCCORMICK', 17, 71, 'LÁCTEO', 'BOTELLA', '2022-05-24', '2023-05-07', 'NO NECESARIO');
insert into NOPERECEDERO (IDPRODUCTONP, NOMBRE, MARCA, PRECIO, CANTIDAD, DESCRIPCION, PRESENTACION, FECHAPREPARADO, FECHACADLARGA, CONDICIONALMACENAMIENTO) values ('NP-64645660', 'PASTA', 'DOLORES', 79, 28, 'LÁCTEO', 'BOTELLA', '2022-11-11', '2023-05-02', 'NO NECESARIO');
insert into NOPERECEDERO (IDPRODUCTONP, NOMBRE, MARCA, PRECIO, CANTIDAD, DESCRIPCION, PRESENTACION, FECHAPREPARADO, FECHACADLARGA, CONDICIONALMACENAMIENTO) values ('NP-35772327', 'MERMELADA', 'DOLORES', 38, 79, 'LÁCTEO', 'BOTELLA', '2022-02-23', '2023-03-29', 'NO NECESARIO');
insert into NOPERECEDERO (IDPRODUCTONP, NOMBRE, MARCA, PRECIO, CANTIDAD, DESCRIPCION, PRESENTACION, FECHAPREPARADO, FECHACADLARGA, CONDICIONALMACENAMIENTO) values ('NP-06669838', 'SAL', 'NUTRIOLI', 44, 83, 'LÁCTEO', 'LATA', '2022-11-09', '2023-11-04', 'NO NECESARIO');
insert into NOPERECEDERO (IDPRODUCTONP, NOMBRE, MARCA, PRECIO, CANTIDAD, DESCRIPCION, PRESENTACION, FECHAPREPARADO, FECHACADLARGA, CONDICIONALMACENAMIENTO) values ('NP-26314458', 'ACEITE DE OLIVA', 'BIMBO', 19, 65, 'LÁCTEO', 'BOLSA', '2022-02-24', '2023-05-22', 'NO NECESARIO');
insert into NOPERECEDERO (IDPRODUCTONP, NOMBRE, MARCA, PRECIO, CANTIDAD, DESCRIPCION, PRESENTACION, FECHAPREPARADO, FECHACADLARGA, CONDICIONALMACENAMIENTO) values ('NP-58900757', 'ARROZ', 'ENATURE', 12, 83, 'LEGUMINOSA', 'BOLSA', '2022-08-28', '2023-12-19', 'NO NECESARIO');
insert into NOPERECEDERO (IDPRODUCTONP, NOMBRE, MARCA, PRECIO, CANTIDAD, DESCRIPCION, PRESENTACION, FECHAPREPARADO, FECHACADLARGA, CONDICIONALMACENAMIENTO) values ('NP-88459382', 'PASTA', 'BIMBO', 15, 72, 'FRUTO', 'LATA', '2022-12-18', '2023-10-25', 'NO NECESARIO');
insert into NOPERECEDERO (IDPRODUCTONP, NOMBRE, MARCA, PRECIO, CANTIDAD, DESCRIPCION, PRESENTACION, FECHAPREPARADO, FECHACADLARGA, CONDICIONALMACENAMIENTO) values ('NP-01305207', 'ARROZ', 'BIMBO', 60, 67, 'FRUTO', 'LATA', '2022-05-27', '2023-02-17', 'NO NECESARIO');
insert into NOPERECEDERO (IDPRODUCTONP, NOMBRE, MARCA, PRECIO, CANTIDAD, DESCRIPCION, PRESENTACION, FECHAPREPARADO, FECHACADLARGA, CONDICIONALMACENAMIENTO) values ('NP-07783963', 'VINAGRE', 'NESTLÉ', 24, 63, 'LEGUMINOSA', 'LATA', '2022-12-02', '2023-10-06', 'NO NECESARIO');
insert into NOPERECEDERO (IDPRODUCTONP, NOMBRE, MARCA, PRECIO, CANTIDAD, DESCRIPCION, PRESENTACION, FECHAPREPARADO, FECHACADLARGA, CONDICIONALMACENAMIENTO) values ('NP-37226775', 'PASTA', 'DOLORES', 15, 53, 'FRUTO', 'LATA', '2022-03-28', '2023-03-26', 'NO NECESARIO');
insert into NOPERECEDERO (IDPRODUCTONP, NOMBRE, MARCA, PRECIO, CANTIDAD, DESCRIPCION, PRESENTACION, FECHAPREPARADO, FECHACADLARGA, CONDICIONALMACENAMIENTO) values ('NP-17081010', 'AZÚCAR', 'BIMBO', 84, 89, 'CONDIMENTO', 'CARTOON', '2022-02-02', '2023-09-10', 'NO NECESARIO');
insert into NOPERECEDERO (IDPRODUCTONP, NOMBRE, MARCA, PRECIO, CANTIDAD, DESCRIPCION, PRESENTACION, FECHAPREPARADO, FECHACADLARGA, CONDICIONALMACENAMIENTO) values ('NP-67969483', 'LECHE EN POLVO', 'BIMBO', 50, 97, 'CONDIMENTO', 'BOLSA', '2022-05-13', '2023-03-22', 'NO NECESARIO');
insert into NOPERECEDERO (IDPRODUCTONP, NOMBRE, MARCA, PRECIO, CANTIDAD, DESCRIPCION, PRESENTACION, FECHAPREPARADO, FECHACADLARGA, CONDICIONALMACENAMIENTO) values ('NP-10034504', 'SAL', 'NESTLÉ', 48, 17, 'FRUTO', 'CARTOON', '2022-12-01', '2023-09-03', 'NO NECESARIO');
insert into NOPERECEDERO (IDPRODUCTONP, NOMBRE, MARCA, PRECIO, CANTIDAD, DESCRIPCION, PRESENTACION, FECHAPREPARADO, FECHACADLARGA, CONDICIONALMACENAMIENTO) values ('NP-77413671', 'ARROZ', 'LA COSTEÑA', 37, 9, 'CONDIMENTO', 'CARTOON', '2022-12-13', '2023-11-24', 'NO NECESARIO');
insert into NOPERECEDERO (IDPRODUCTONP, NOMBRE, MARCA, PRECIO, CANTIDAD, DESCRIPCION, PRESENTACION, FECHAPREPARADO, FECHACADLARGA, CONDICIONALMACENAMIENTO) values ('NP-31357410', 'MIEL', 'NESTLÉ', 18, 90, 'LEGUMINOSA', 'LATA', '2022-04-20', '2023-10-08', 'NO NECESARIO');
insert into NOPERECEDERO (IDPRODUCTONP, NOMBRE, MARCA, PRECIO, CANTIDAD, DESCRIPCION, PRESENTACION, FECHAPREPARADO, FECHACADLARGA, CONDICIONALMACENAMIENTO) values ('NP-47121001', 'PASTA', 'NUTRIOLI', 81, 55, 'FRUTO', 'LATA', '2022-12-14', '2023-11-21', 'NO NECESARIO');
insert into NOPERECEDERO (IDPRODUCTONP, NOMBRE, MARCA, PRECIO, CANTIDAD, DESCRIPCION, PRESENTACION, FECHAPREPARADO, FECHACADLARGA, CONDICIONALMACENAMIENTO) values ('NP-99976126', 'LECHE EN POLVO', 'BIMBO', 15, 56, 'LÁCTEO', 'BOTELLA', '2022-02-24', '2023-06-07', 'NO NECESARIO');
insert into NOPERECEDERO (IDPRODUCTONP, NOMBRE, MARCA, PRECIO, CANTIDAD, DESCRIPCION, PRESENTACION, FECHAPREPARADO, FECHACADLARGA, CONDICIONALMACENAMIENTO) values ('NP-01686194', 'MERMELADA', 'MCCORMICK', 67, 9, 'CONDIMENTO', 'LATA', '2022-08-29', '2023-09-10', 'NO NECESARIO');
insert into NOPERECEDERO (IDPRODUCTONP, NOMBRE, MARCA, PRECIO, CANTIDAD, DESCRIPCION, PRESENTACION, FECHAPREPARADO, FECHACADLARGA, CONDICIONALMACENAMIENTO) values ('NP-40675497', 'CAFÉ', 'NUTRIOLI', 16, 64, 'LÁCTEO', 'CARTOON', '2022-07-07', '2023-06-10', 'NO NECESARIO');
insert into NOPERECEDERO (IDPRODUCTONP, NOMBRE, MARCA, PRECIO, CANTIDAD, DESCRIPCION, PRESENTACION, FECHAPREPARADO, FECHACADLARGA, CONDICIONALMACENAMIENTO) values ('NP-00302005', 'AZÚCAR', 'ENATURE', 59, 70, 'FRUTO', 'BOTELLA', '2022-12-13', '2023-05-15', 'NO NECESARIO');
insert into NOPERECEDERO (IDPRODUCTONP, NOMBRE, MARCA, PRECIO, CANTIDAD, DESCRIPCION, PRESENTACION, FECHAPREPARADO, FECHACADLARGA, CONDICIONALMACENAMIENTO) values ('NP-86233456', 'PASTA', 'NUTRIOLI', 71, 54, 'CONDIMENTO', 'BOLSA', '2022-04-20', '2023-11-02', 'NO NECESARIO');
insert into NOPERECEDERO (IDPRODUCTONP, NOMBRE, MARCA, PRECIO, CANTIDAD, DESCRIPCION, PRESENTACION, FECHAPREPARADO, FECHACADLARGA, CONDICIONALMACENAMIENTO) values ('NP-37423943', 'ENLATADO', 'LA COSTEÑA', 73, 35, 'LÁCTEO', 'LATA', '2022-04-16', '2023-11-28', 'NO NECESARIO');
insert into NOPERECEDERO (IDPRODUCTONP, NOMBRE, MARCA, PRECIO, CANTIDAD, DESCRIPCION, PRESENTACION, FECHAPREPARADO, FECHACADLARGA, CONDICIONALMACENAMIENTO) values ('NP-95059175', 'FRUTOS SECOS', 'LA COSTEÑA', 84, 82, 'FRUTO', 'BOTELLA', '2022-03-07', '2023-09-24', 'NO NECESARIO');
insert into NOPERECEDERO (IDPRODUCTONP, NOMBRE, MARCA, PRECIO, CANTIDAD, DESCRIPCION, PRESENTACION, FECHAPREPARADO, FECHACADLARGA, CONDICIONALMACENAMIENTO) values ('NP-07912141', 'ENLATADO', 'BIMBO', 31, 14, 'LÁCTEO', 'CARTOON', '2022-11-09', '2023-07-08', 'NO NECESARIO');
insert into NOPERECEDERO (IDPRODUCTONP, NOMBRE, MARCA, PRECIO, CANTIDAD, DESCRIPCION, PRESENTACION, FECHAPREPARADO, FECHACADLARGA, CONDICIONALMACENAMIENTO) values ('NP-64787043', 'ENLATADO', 'LA COSTEÑA', 92, 66, 'LEGUMINOSA', 'LATA', '2022-07-20', '2023-08-29', 'NO NECESARIO');
insert into NOPERECEDERO (IDPRODUCTONP, NOMBRE, MARCA, PRECIO, CANTIDAD, DESCRIPCION, PRESENTACION, FECHAPREPARADO, FECHACADLARGA, CONDICIONALMACENAMIENTO) values ('NP-47357518', 'ARROZ', 'ENATURE', 22, 8, 'FRUTO', 'CARTOON', '2022-01-12', '2023-07-03', 'NO NECESARIO');
insert into NOPERECEDERO (IDPRODUCTONP, NOMBRE, MARCA, PRECIO, CANTIDAD, DESCRIPCION, PRESENTACION, FECHAPREPARADO, FECHACADLARGA, CONDICIONALMACENAMIENTO) values ('NP-66386166', 'MERMELADA', 'MCCORMICK', 60, 49, 'LEGUMINOSA', 'BOTELLA', '2022-04-28', '2023-04-12', 'NO NECESARIO');
insert into NOPERECEDERO (IDPRODUCTONP, NOMBRE, MARCA, PRECIO, CANTIDAD, DESCRIPCION, PRESENTACION, FECHAPREPARADO, FECHACADLARGA, CONDICIONALMACENAMIENTO) values ('NP-55613071', 'MIEL', 'DOLORES', 25, 38, 'CONDIMENTO', 'BOLSA', '2022-01-26', '2023-11-13', 'NO NECESARIO');
insert into NOPERECEDERO (IDPRODUCTONP, NOMBRE, MARCA, PRECIO, CANTIDAD, DESCRIPCION, PRESENTACION, FECHAPREPARADO, FECHACADLARGA, CONDICIONALMACENAMIENTO) values ('NP-27022291', 'MERMELADA', 'LA COSTEÑA', 69, 34, 'LEGUMINOSA', 'BOLSA', '2022-05-26', '2023-09-04', 'NO NECESARIO');
insert into NOPERECEDERO (IDPRODUCTONP, NOMBRE, MARCA, PRECIO, CANTIDAD, DESCRIPCION, PRESENTACION, FECHAPREPARADO, FECHACADLARGA, CONDICIONALMACENAMIENTO) values ('NP-18070357', 'ACEITE DE OLIVA', 'MCCORMICK', 31, 53, 'CONDIMENTO', 'BOLSA', '2022-02-17', '2023-11-25', 'NO NECESARIO');
insert into NOPERECEDERO (IDPRODUCTONP, NOMBRE, MARCA, PRECIO, CANTIDAD, DESCRIPCION, PRESENTACION, FECHAPREPARADO, FECHACADLARGA, CONDICIONALMACENAMIENTO) values ('NP-45662255', 'PASTA', 'MCCORMICK', 19, 40, 'CONDIMENTO', 'BOLSA', '2022-10-03', '2023-02-07', 'NO NECESARIO');
insert into NOPERECEDERO (IDPRODUCTONP, NOMBRE, MARCA, PRECIO, CANTIDAD, DESCRIPCION, PRESENTACION, FECHAPREPARADO, FECHACADLARGA, CONDICIONALMACENAMIENTO) values ('NP-50181892', 'SAL', 'MCCORMICK', 93, 56, 'LÁCTEO', 'LATA', '2022-11-02', '2023-09-08', 'NO NECESARIO');
insert into NOPERECEDERO (IDPRODUCTONP, NOMBRE, MARCA, PRECIO, CANTIDAD, DESCRIPCION, PRESENTACION, FECHAPREPARADO, FECHACADLARGA, CONDICIONALMACENAMIENTO) values ('NP-41427152', 'ACEITE DE OLIVA', 'ENATURE', 47, 99, 'LEGUMINOSA', 'LATA', '2022-12-10', '2023-09-10', 'NO NECESARIO');
insert into NOPERECEDERO (IDPRODUCTONP, NOMBRE, MARCA, PRECIO, CANTIDAD, DESCRIPCION, PRESENTACION, FECHAPREPARADO, FECHACADLARGA, CONDICIONALMACENAMIENTO) values ('NP-13267690', 'LECHE EN POLVO', 'BIMBO', 48, 10, 'LEGUMINOSA', 'BOLSA', '2022-05-17', '2023-01-19', 'NO NECESARIO');
insert into NOPERECEDERO (IDPRODUCTONP, NOMBRE, MARCA, PRECIO, CANTIDAD, DESCRIPCION, PRESENTACION, FECHAPREPARADO, FECHACADLARGA, CONDICIONALMACENAMIENTO) values ('NP-70684893', 'CAFÉ', 'NESTLÉ', 93, 29, 'CONDIMENTO', 'BOLSA', '2022-11-08', '2023-08-03', 'NO NECESARIO');
insert into NOPERECEDERO (IDPRODUCTONP, NOMBRE, MARCA, PRECIO, CANTIDAD, DESCRIPCION, PRESENTACION, FECHAPREPARADO, FECHACADLARGA, CONDICIONALMACENAMIENTO) values ('NP-46185521', 'ARROZ', 'LA COSTEÑA', 100, 64, 'CONDIMENTO', 'BOLSA', '2022-09-12', '2023-08-06', 'NO NECESARIO');
insert into NOPERECEDERO (IDPRODUCTONP, NOMBRE, MARCA, PRECIO, CANTIDAD, DESCRIPCION, PRESENTACION, FECHAPREPARADO, FECHACADLARGA, CONDICIONALMACENAMIENTO) values ('NP-95475870', 'CAFÉ', 'DOLORES', 10, 59, 'FRUTO', 'CARTOON', '2022-06-04', '2023-05-09', 'NO NECESARIO');
insert into NOPERECEDERO (IDPRODUCTONP, NOMBRE, MARCA, PRECIO, CANTIDAD, DESCRIPCION, PRESENTACION, FECHAPREPARADO, FECHACADLARGA, CONDICIONALMACENAMIENTO) values ('NP-86454925', 'ACEITE DE OLIVA', 'NUTRIOLI', 33, 7, 'LEGUMINOSA', 'CARTOON', '2022-01-15', '2023-02-06', 'NO NECESARIO');
insert into NOPERECEDERO (IDPRODUCTONP, NOMBRE, MARCA, PRECIO, CANTIDAD, DESCRIPCION, PRESENTACION, FECHAPREPARADO, FECHACADLARGA, CONDICIONALMACENAMIENTO) values ('NP-94726815', 'LECHE EN POLVO', 'LA COSTEÑA', 33, 36, 'LÁCTEO', 'BOLSA', '2022-12-22', '2023-05-08', 'NO NECESARIO');
insert into NOPERECEDERO (IDPRODUCTONP, NOMBRE, MARCA, PRECIO, CANTIDAD, DESCRIPCION, PRESENTACION, FECHAPREPARADO, FECHACADLARGA, CONDICIONALMACENAMIENTO) values ('NP-33289930', 'MERMELADA', 'LA MODERNA', 37, 58, 'CONDIMENTO', 'CARTOON', '2022-05-10', '2023-05-20', 'NO NECESARIO');
insert into NOPERECEDERO (IDPRODUCTONP, NOMBRE, MARCA, PRECIO, CANTIDAD, DESCRIPCION, PRESENTACION, FECHAPREPARADO, FECHACADLARGA, CONDICIONALMACENAMIENTO) values ('NP-64927481', 'MIEL', 'NESTLÉ', 21, 51, 'FRUTO', 'LATA', '2022-06-20', '2023-05-08', 'NO NECESARIO');
insert into NOPERECEDERO (IDPRODUCTONP, NOMBRE, MARCA, PRECIO, CANTIDAD, DESCRIPCION, PRESENTACION, FECHAPREPARADO, FECHACADLARGA, CONDICIONALMACENAMIENTO) values ('NP-78811593', 'MERMELADA', 'NESTLÉ', 17, 40, 'LEGUMINOSA', 'CARTOON', '2022-07-01', '2023-06-04', 'NO NECESARIO');
insert into NOPERECEDERO (IDPRODUCTONP, NOMBRE, MARCA, PRECIO, CANTIDAD, DESCRIPCION, PRESENTACION, FECHAPREPARADO, FECHACADLARGA, CONDICIONALMACENAMIENTO) values ('NP-15955377', 'CAFÉ', 'DOLORES', 15, 69, 'FRUTO', 'BOLSA', '2022-02-22', '2023-04-23', 'NO NECESARIO');
insert into NOPERECEDERO (IDPRODUCTONP, NOMBRE, MARCA, PRECIO, CANTIDAD, DESCRIPCION, PRESENTACION, FECHAPREPARADO, FECHACADLARGA, CONDICIONALMACENAMIENTO) values ('NP-55748528', 'FRUTOS SECOS', 'NUTRIOLI', 57, 76, 'CONDIMENTO', 'BOTELLA', '2022-01-05', '2023-08-24', 'NO NECESARIO');
insert into NOPERECEDERO (IDPRODUCTONP, NOMBRE, MARCA, PRECIO, CANTIDAD, DESCRIPCION, PRESENTACION, FECHAPREPARADO, FECHACADLARGA, CONDICIONALMACENAMIENTO) values ('NP-34922318', 'ACEITE DE OLIVA', 'NESTLÉ', 80, 89, 'FRUTO', 'BOLSA', '2022-05-07', '2023-03-08', 'NO NECESARIO');
insert into NOPERECEDERO (IDPRODUCTONP, NOMBRE, MARCA, PRECIO, CANTIDAD, DESCRIPCION, PRESENTACION, FECHAPREPARADO, FECHACADLARGA, CONDICIONALMACENAMIENTO) values ('NP-11783723', 'ARROZ', 'NESTLÉ', 34, 57, 'FRUTO', 'BOTELLA', '2022-04-06', '2023-10-16', 'NO NECESARIO');
insert into NOPERECEDERO (IDPRODUCTONP, NOMBRE, MARCA, PRECIO, CANTIDAD, DESCRIPCION, PRESENTACION, FECHAPREPARADO, FECHACADLARGA, CONDICIONALMACENAMIENTO) values ('NP-78575189', 'LECHE EN POLVO', 'ENATURE', 77, 79, 'FRUTO', 'BOTELLA', '2022-05-18', '2023-07-05', 'NO NECESARIO');
insert into NOPERECEDERO (IDPRODUCTONP, NOMBRE, MARCA, PRECIO, CANTIDAD, DESCRIPCION, PRESENTACION, FECHAPREPARADO, FECHACADLARGA, CONDICIONALMACENAMIENTO) values ('NP-78128316', 'MIEL', 'BIMBO', 99, 14, 'FRUTO', 'BOTELLA', '2022-03-20', '2023-10-25', 'NO NECESARIO');
insert into NOPERECEDERO (IDPRODUCTONP, NOMBRE, MARCA, PRECIO, CANTIDAD, DESCRIPCION, PRESENTACION, FECHAPREPARADO, FECHACADLARGA, CONDICIONALMACENAMIENTO) values ('NP-58375580', 'CAFÉ', 'ENATURE', 31, 38, 'FRUTO', 'BOLSA', '2022-11-09', '2023-08-16', 'NO NECESARIO');
insert into NOPERECEDERO (IDPRODUCTONP, NOMBRE, MARCA, PRECIO, CANTIDAD, DESCRIPCION, PRESENTACION, FECHAPREPARADO, FECHACADLARGA, CONDICIONALMACENAMIENTO) values ('NP-33087016', 'MERMELADA', 'MCCORMICK', 64, 16, 'CONDIMENTO', 'BOTELLA', '2022-10-23', '2023-08-28', 'NO NECESARIO');
insert into NOPERECEDERO (IDPRODUCTONP, NOMBRE, MARCA, PRECIO, CANTIDAD, DESCRIPCION, PRESENTACION, FECHAPREPARADO, FECHACADLARGA, CONDICIONALMACENAMIENTO) values ('NP-27155443', 'PASTA', 'NESTLÉ', 78, 34, 'LEGUMINOSA', 'BOLSA', '2022-02-07', '2023-07-14', 'NO NECESARIO');
insert into NOPERECEDERO (IDPRODUCTONP, NOMBRE, MARCA, PRECIO, CANTIDAD, DESCRIPCION, PRESENTACION, FECHAPREPARADO, FECHACADLARGA, CONDICIONALMACENAMIENTO) values ('NP-00645109', 'ACEITE DE OLIVA', 'MCCORMICK', 23, 75, 'CONDIMENTO', 'CARTOON', '2022-02-13', '2023-02-26', 'NO NECESARIO');
insert into NOPERECEDERO (IDPRODUCTONP, NOMBRE, MARCA, PRECIO, CANTIDAD, DESCRIPCION, PRESENTACION, FECHAPREPARADO, FECHACADLARGA, CONDICIONALMACENAMIENTO) values ('NP-15462676', 'MERMELADA', 'LA MODERNA', 59, 62, 'LÁCTEO', 'CARTOON', '2022-11-19', '2023-12-21', 'NO NECESARIO');
insert into NOPERECEDERO (IDPRODUCTONP, NOMBRE, MARCA, PRECIO, CANTIDAD, DESCRIPCION, PRESENTACION, FECHAPREPARADO, FECHACADLARGA, CONDICIONALMACENAMIENTO) values ('NP-34376011', 'SAL', 'NUTRIOLI', 50, 62, 'FRUTO', 'BOTELLA', '2022-11-24', '2023-06-08', 'NO NECESARIO');
insert into NOPERECEDERO (IDPRODUCTONP, NOMBRE, MARCA, PRECIO, CANTIDAD, DESCRIPCION, PRESENTACION, FECHAPREPARADO, FECHACADLARGA, CONDICIONALMACENAMIENTO) values ('NP-65936878', 'LECHE EN POLVO', 'NUTRIOLI', 63, 97, 'LÁCTEO', 'BOLSA', '2022-06-26', '2023-10-31', 'NO NECESARIO');
insert into NOPERECEDERO (IDPRODUCTONP, NOMBRE, MARCA, PRECIO, CANTIDAD, DESCRIPCION, PRESENTACION, FECHAPREPARADO, FECHACADLARGA, CONDICIONALMACENAMIENTO) values ('NP-00658626', 'VINAGRE', 'LA COSTEÑA', 36, 76, 'CONDIMENTO', 'CARTOON', '2022-07-15', '2023-11-20', 'NO NECESARIO');
insert into NOPERECEDERO (IDPRODUCTONP, NOMBRE, MARCA, PRECIO, CANTIDAD, DESCRIPCION, PRESENTACION, FECHAPREPARADO, FECHACADLARGA, CONDICIONALMACENAMIENTO) values ('NP-89239011', 'ENLATADO', 'LA MODERNA', 21, 82, 'FRUTO', 'CARTOON', '2022-11-24', '2023-06-10', 'NO NECESARIO');
insert into NOPERECEDERO (IDPRODUCTONP, NOMBRE, MARCA, PRECIO, CANTIDAD, DESCRIPCION, PRESENTACION, FECHAPREPARADO, FECHACADLARGA, CONDICIONALMACENAMIENTO) values ('NP-52584836', 'ACEITE DE OLIVA', 'NUTRIOLI', 37, 47, 'LEGUMINOSA', 'LATA', '2022-08-09', '2023-04-18', 'NO NECESARIO');
insert into NOPERECEDERO (IDPRODUCTONP, NOMBRE, MARCA, PRECIO, CANTIDAD, DESCRIPCION, PRESENTACION, FECHAPREPARADO, FECHACADLARGA, CONDICIONALMACENAMIENTO) values ('NP-30284676', 'PASTA', 'BIMBO', 94, 78, 'FRUTO', 'BOTELLA', '2022-08-02', '2023-01-10', 'NO NECESARIO');
insert into NOPERECEDERO (IDPRODUCTONP, NOMBRE, MARCA, PRECIO, CANTIDAD, DESCRIPCION, PRESENTACION, FECHAPREPARADO, FECHACADLARGA, CONDICIONALMACENAMIENTO) values ('NP-48464988', 'ACEITE DE OLIVA', 'LA MODERNA', 39, 21, 'LEGUMINOSA', 'CARTOON', '2022-05-03', '2023-05-22', 'NO NECESARIO');
insert into NOPERECEDERO (IDPRODUCTONP, NOMBRE, MARCA, PRECIO, CANTIDAD, DESCRIPCION, PRESENTACION, FECHAPREPARADO, FECHACADLARGA, CONDICIONALMACENAMIENTO) values ('NP-54864601', 'PASTA', 'MCCORMICK', 54, 39, 'CONDIMENTO', 'LATA', '2022-10-19', '2023-06-27', 'NO NECESARIO');

-----------------------------------------------------------------------------------------CAJERO
INSERT INTO cajero(curpcajero,idsucursal,nombrecajero,paternocajero,maternocajero,fechanacimiento,estado,ciudad,colonia,calle,numero,codigopostal) VALUES ('MVVP116448PFHSBU16','S-00010','Kenna','Schwandt','Thicking','1999-12-13','Guerrero','Copala','Copala','Mallard',538,'23017');
INSERT INTO cajero(curpcajero,idsucursal,nombrecajero,paternocajero,maternocajero,fechanacimiento,estado,ciudad,colonia,calle,numero,codigopostal) VALUES ('TQPF698737NWIEMX63','S-00002','Georgia','McKinn','Clacey','2008-07-20','Aguascalientes','Palo Alto','Palo Alto','Logan',62,'15150');
INSERT INTO cajero(curpcajero,idsucursal,nombrecajero,paternocajero,maternocajero,fechanacimiento,estado,ciudad,colonia,calle,numero,codigopostal) VALUES ('CNNA660835AROLGB84','S-00007','Carine','Grammer','Sybry','2000-05-02','Mexico','Naucalpan de Juarez','Naucalpan de Juarez','Veith',185,'38531');
INSERT INTO cajero(curpcajero,idsucursal,nombrecajero,paternocajero,maternocajero,fechanacimiento,estado,ciudad,colonia,calle,numero,codigopostal) VALUES ('LDZQ799208UHHYRW79','S-00011','Lacey','Peaseman','Bier','1985-09-19','Coahuila de Zaragoza','Lamadrid','Lamadrid','Truax',60,'98367');
INSERT INTO cajero(curpcajero,idsucursal,nombrecajero,paternocajero,maternocajero,fechanacimiento,estado,ciudad,colonia,calle,numero,codigopostal) VALUES ('QVXP400583BJRFHB87','S-00011','Vallie','Guynemer','Bruffell','1988-09-23','Coahuila de Zaragoza','Lamadrid','Lamadrid','Lillian',8965,'41138');
INSERT INTO cajero(curpcajero,idsucursal,nombrecajero,paternocajero,maternocajero,fechanacimiento,estado,ciudad,colonia,calle,numero,codigopostal) VALUES ('APLS774095UIZBDV25','S-00014','Zebulen','Dun','Pittendreigh','2007-03-17','Tamaulipas','Ciudad Rio Bravo','Ciudad Rio Bravo','Troy',32,'85182');
INSERT INTO cajero(curpcajero,idsucursal,nombrecajero,paternocajero,maternocajero,fechanacimiento,estado,ciudad,colonia,calle,numero,codigopostal) VALUES ('CPTF983628YFRAEL11','S-00005','Katerine','Stapylton','Vise','1983-12-22','Nuevo Leon','Pesqueria','Pesqueria','Reindahl',995,'40738');
INSERT INTO cajero(curpcajero,idsucursal,nombrecajero,paternocajero,maternocajero,fechanacimiento,estado,ciudad,colonia,calle,numero,codigopostal) VALUES ('FHOV732753QHOJRS64','S-00014','Orbadiah','Scottini','Kulic','1988-07-27','Tamaulipas','Ciudad Rio Bravo','Ciudad Rio Bravo','Ridgeview',77,'12689');
INSERT INTO cajero(curpcajero,idsucursal,nombrecajero,paternocajero,maternocajero,fechanacimiento,estado,ciudad,colonia,calle,numero,codigopostal) VALUES ('WNZS819896SUZFLF41','S-00013','Zacharia','Edes','Bazelle','1979-10-24','Campeche','Champoton','Champoton','Dexter',4978,'39750');
INSERT INTO cajero(curpcajero,idsucursal,nombrecajero,paternocajero,maternocajero,fechanacimiento,estado,ciudad,colonia,calle,numero,codigopostal) VALUES ('VAUZ524211JBZMDW22','S-00003','Josias','Rogge','Haward','1999-02-10','Queretaro','Peñamiller','Peñamiller','Grasskamp',2,'39770');
INSERT INTO cajero(curpcajero,idsucursal,nombrecajero,paternocajero,maternocajero,fechanacimiento,estado,ciudad,colonia,calle,numero,codigopostal) VALUES ('YZQZ552718ZCTECC67','S-00015','Florida','Wilshere','Laurenzi','1984-01-29','Hidalgo','Pachuca de Soto','Pachuca de Soto','Weeping Birch',3331,'50853');
INSERT INTO cajero(curpcajero,idsucursal,nombrecajero,paternocajero,maternocajero,fechanacimiento,estado,ciudad,colonia,calle,numero,codigopostal) VALUES ('SBBL338496SWYMYQ35','S-00013','Nehemiah','Desorts','Chatel','1991-04-30','Campeche','Champoton','Champoton','Southridge',8,'54730');
INSERT INTO cajero(curpcajero,idsucursal,nombrecajero,paternocajero,maternocajero,fechanacimiento,estado,ciudad,colonia,calle,numero,codigopostal) VALUES ('NRCQ300733GFAJUU27','S-00014','Dalia','Goadsby','Casaccia','1974-12-13','Tamaulipas','Ciudad Rio Bravo','Ciudad Rio Bravo','Maryland',0,'54419');
INSERT INTO cajero(curpcajero,idsucursal,nombrecajero,paternocajero,maternocajero,fechanacimiento,estado,ciudad,colonia,calle,numero,codigopostal) VALUES ('QGNM057255CRJKFW69','S-00011','Claresta','Pauleau','Conklin','1982-10-20','Coahuila de Zaragoza','Lamadrid','Lamadrid','Bluejay',0,'81919');
INSERT INTO cajero(curpcajero,idsucursal,nombrecajero,paternocajero,maternocajero,fechanacimiento,estado,ciudad,colonia,calle,numero,codigopostal) VALUES ('KHSC546087CGQPGD99','S-00004','Ferguson','Peterken','Szubert','2000-11-21','Puebla','San Pablo de las Tunas','San Pablo de las Tunas','Corscot',3402,'28794');
INSERT INTO cajero(curpcajero,idsucursal,nombrecajero,paternocajero,maternocajero,fechanacimiento,estado,ciudad,colonia,calle,numero,codigopostal) VALUES ('VJFK194298MZSOTP07','S-00015','Alain','Wenman','Pittwood','1998-04-30','Hidalgo','Pachuca de Soto','Pachuca de Soto','Larry',272,'66277');
INSERT INTO cajero(curpcajero,idsucursal,nombrecajero,paternocajero,maternocajero,fechanacimiento,estado,ciudad,colonia,calle,numero,codigopostal) VALUES ('EHDG712621BHNOWW34','S-00010','Agneta','Vallens','Gaudon','1986-05-07','Guerrero','Copala','Copala','Waubesa',31,'77307');
INSERT INTO cajero(curpcajero,idsucursal,nombrecajero,paternocajero,maternocajero,fechanacimiento,estado,ciudad,colonia,calle,numero,codigopostal) VALUES ('JFEG399283NGDIEP91','S-00014','Lucais','Ofer','Cullerne','2007-12-28','Tamaulipas','Ciudad Rio Bravo','Ciudad Rio Bravo','Kingsford',237,'23711');
INSERT INTO cajero(curpcajero,idsucursal,nombrecajero,paternocajero,maternocajero,fechanacimiento,estado,ciudad,colonia,calle,numero,codigopostal) VALUES ('YGII176930PXHUEB24','S-00014','Karlene','Kennler','Chiles','2009-03-25','Tamaulipas','Ciudad Rio Bravo','Ciudad Rio Bravo','Warrior',369,'44412');
INSERT INTO cajero(curpcajero,idsucursal,nombrecajero,paternocajero,maternocajero,fechanacimiento,estado,ciudad,colonia,calle,numero,codigopostal) VALUES ('MIXN752284TWIJBZ42','S-00009','Luis','Cawt','Bandiera','1998-12-30','Chihuahua','Juan Aldama','Juan Aldama','Farwell',6246,'97553');
INSERT INTO cajero(curpcajero,idsucursal,nombrecajero,paternocajero,maternocajero,fechanacimiento,estado,ciudad,colonia,calle,numero,codigopostal) VALUES ('NMTQ682089ZFMIJB12','S-00002','Mallory','Novacek','Sember','1989-11-23','Aguascalientes','Palo Alto','Palo Alto','Novick',5,'44787');
INSERT INTO cajero(curpcajero,idsucursal,nombrecajero,paternocajero,maternocajero,fechanacimiento,estado,ciudad,colonia,calle,numero,codigopostal) VALUES ('IRJJ629434FPDLWK91','S-00002','Herculie','Emons','Impett','1976-09-04','Aguascalientes','Palo Alto','Palo Alto','Alpine',27,'43121');
INSERT INTO cajero(curpcajero,idsucursal,nombrecajero,paternocajero,maternocajero,fechanacimiento,estado,ciudad,colonia,calle,numero,codigopostal) VALUES ('KCQU707226QZVRJY61','S-00011','Karlene','Willacot','Shallow','1971-10-09','Coahuila de Zaragoza','Lamadrid','Lamadrid','Toban',695,'59092');
INSERT INTO cajero(curpcajero,idsucursal,nombrecajero,paternocajero,maternocajero,fechanacimiento,estado,ciudad,colonia,calle,numero,codigopostal) VALUES ('BDYG650464PLPYAS86','S-00013','Matt','O''Scully','Sill','1970-06-27','Campeche','Champoton','Champoton','Green',801,'46706');
INSERT INTO cajero(curpcajero,idsucursal,nombrecajero,paternocajero,maternocajero,fechanacimiento,estado,ciudad,colonia,calle,numero,codigopostal) VALUES ('TGJJ180406NPJSKM31','S-00006','Ingeberg','Rudyard','Cornau','1982-01-16','Baja California','Tijuana','Tijuana','Dovetail',23821,'24065');
INSERT INTO cajero(curpcajero,idsucursal,nombrecajero,paternocajero,maternocajero,fechanacimiento,estado,ciudad,colonia,calle,numero,codigopostal) VALUES ('DOOP647785MFRPAY87','S-00015','Consuela','Brymham','Marcinkus','1979-03-05','Hidalgo','Pachuca de Soto','Pachuca de Soto','Ludington',1,'17324');
INSERT INTO cajero(curpcajero,idsucursal,nombrecajero,paternocajero,maternocajero,fechanacimiento,estado,ciudad,colonia,calle,numero,codigopostal) VALUES ('HTOM745700PRRAVN50','S-00011','Otis','Witterick','Hasloch','1990-06-12','Coahuila de Zaragoza','Lamadrid','Lamadrid','Grim',9,'21206');
INSERT INTO cajero(curpcajero,idsucursal,nombrecajero,paternocajero,maternocajero,fechanacimiento,estado,ciudad,colonia,calle,numero,codigopostal) VALUES ('YNJQ153076FJCERL24','S-00008','Zarla','Kennington','Steanson','2005-01-29','Oaxaca','El Espinal','El Espinal','Monument',287,'85492');
INSERT INTO cajero(curpcajero,idsucursal,nombrecajero,paternocajero,maternocajero,fechanacimiento,estado,ciudad,colonia,calle,numero,codigopostal) VALUES ('PPLU763811XPRVNI02','S-00015','Timi','Ginnally','Local','1971-02-11','Hidalgo','Pachuca de Soto','Pachuca de Soto','Debs',44,'60177');
INSERT INTO cajero(curpcajero,idsucursal,nombrecajero,paternocajero,maternocajero,fechanacimiento,estado,ciudad,colonia,calle,numero,codigopostal) VALUES ('YBRC062153PENXFN94','S-00001','Candice','Tindall','Beldum','1970-07-10','Distrito Federal','N/A','Churubusco','Spohn',4460,'71832');
INSERT INTO cajero(curpcajero,idsucursal,nombrecajero,paternocajero,maternocajero,fechanacimiento,estado,ciudad,colonia,calle,numero,codigopostal) VALUES ('XBHZ202741DRBOZP57','S-00007','Delmor','McCloughlin','Scawen','1971-04-03','Mexico','Naucalpan de Juarez','Naucalpan de Juarez','Gale',2003,'22133');
INSERT INTO cajero(curpcajero,idsucursal,nombrecajero,paternocajero,maternocajero,fechanacimiento,estado,ciudad,colonia,calle,numero,codigopostal) VALUES ('HSTX030552SYZIDT95','S-00009','Mareah','Ostridge','Carthew','2010-05-14','Chihuahua','Juan Aldama','Juan Aldama','Cherokee',1,'32544');
INSERT INTO cajero(curpcajero,idsucursal,nombrecajero,paternocajero,maternocajero,fechanacimiento,estado,ciudad,colonia,calle,numero,codigopostal) VALUES ('LFJL842342ALMVBZ83','S-00013','Lita','Ferschke','Mixhel','1990-06-14','Campeche','Champoton','Champoton','Anthes',00,'29564');
INSERT INTO cajero(curpcajero,idsucursal,nombrecajero,paternocajero,maternocajero,fechanacimiento,estado,ciudad,colonia,calle,numero,codigopostal) VALUES ('LDRE979212HTYLKD53','S-00011','Cody','Lyster','Conradsen','1974-07-09','Coahuila de Zaragoza','Lamadrid','Lamadrid','Tony',0602,'96608');
INSERT INTO cajero(curpcajero,idsucursal,nombrecajero,paternocajero,maternocajero,fechanacimiento,estado,ciudad,colonia,calle,numero,codigopostal) VALUES ('SWLI969610UBAWDD15','S-00003','Giffy','Haughton','Greasty','1984-02-01','Queretaro','Peñamiller','Peñamiller','Pankratz',0,'84561');
INSERT INTO cajero(curpcajero,idsucursal,nombrecajero,paternocajero,maternocajero,fechanacimiento,estado,ciudad,colonia,calle,numero,codigopostal) VALUES ('VRNL629425NVCDCW77','S-00004','Rhodie','Barosch','Squirrell','1985-03-07','Puebla','San Pablo de las Tunas','San Pablo de las Tunas','Loomis',70799,'87561');
INSERT INTO cajero(curpcajero,idsucursal,nombrecajero,paternocajero,maternocajero,fechanacimiento,estado,ciudad,colonia,calle,numero,codigopostal) VALUES ('MQVZ263672EHQMPU72','S-00003','Doroteya','Chace','Mellings','1993-05-02','Queretaro','Peñamiller','Peñamiller','Carey',2215,'69097');
INSERT INTO cajero(curpcajero,idsucursal,nombrecajero,paternocajero,maternocajero,fechanacimiento,estado,ciudad,colonia,calle,numero,codigopostal) VALUES ('TDGC447193RAKLCI35','S-00006','Hank','Braune','Tash','1988-08-10','Baja California','Tijuana','Tijuana','Jenna',22,'80515');
INSERT INTO cajero(curpcajero,idsucursal,nombrecajero,paternocajero,maternocajero,fechanacimiento,estado,ciudad,colonia,calle,numero,codigopostal) VALUES ('KVDZ808048OQHIIF41','S-00005','Augie','Timperley','Willmott','1978-05-12','Nuevo Leon','Pesqueria','Pesqueria','Atwood',29,'63971');
INSERT INTO cajero(curpcajero,idsucursal,nombrecajero,paternocajero,maternocajero,fechanacimiento,estado,ciudad,colonia,calle,numero,codigopostal) VALUES ('YMOM881193LTEVVE65','S-00012','Barbaraanne','Blizard','Skoughman','1989-09-02','Morelos','Cuernavaca','Cuernavaca','Hazelcrest',95,'64160');
INSERT INTO cajero(curpcajero,idsucursal,nombrecajero,paternocajero,maternocajero,fechanacimiento,estado,ciudad,colonia,calle,numero,codigopostal) VALUES ('RWUS624874PVNUXU25','S-00003','Cob','Tebboth','Keijser','1982-06-27','Queretaro','Peñamiller','Peñamiller','Stephen',7,'85302');
INSERT INTO cajero(curpcajero,idsucursal,nombrecajero,paternocajero,maternocajero,fechanacimiento,estado,ciudad,colonia,calle,numero,codigopostal) VALUES ('DZKV165555AUYJDO76','S-00003','Aubrette','Street','Thunnerclef','1995-12-12','Queretaro','Peñamiller','Peñamiller','Huxley',5,'42194');
INSERT INTO cajero(curpcajero,idsucursal,nombrecajero,paternocajero,maternocajero,fechanacimiento,estado,ciudad,colonia,calle,numero,codigopostal) VALUES ('UQCU650813JAWHDF12','S-00014','Huey','Radbourn','Dunderdale','1989-07-03','Tamaulipas','Ciudad Rio Bravo','Ciudad Rio Bravo','Continental',58,'14955');
INSERT INTO cajero(curpcajero,idsucursal,nombrecajero,paternocajero,maternocajero,fechanacimiento,estado,ciudad,colonia,calle,numero,codigopostal) VALUES ('WGXH656477WMDEGR41','S-00001','Suki','Winser','Lidgett','1985-05-12','Distrito Federal','N/A','Churubusco','Butterfield',709,'65342');
INSERT INTO cajero(curpcajero,idsucursal,nombrecajero,paternocajero,maternocajero,fechanacimiento,estado,ciudad,colonia,calle,numero,codigopostal) VALUES ('PNDB757379QOQHGA09','S-00009','Pepita','Simic','Creagh','1999-06-13','Chihuahua','Juan Aldama','Juan Aldama','Bultman',80,'30943');
INSERT INTO cajero(curpcajero,idsucursal,nombrecajero,paternocajero,maternocajero,fechanacimiento,estado,ciudad,colonia,calle,numero,codigopostal) VALUES ('KQRB117322TGTITF82','S-00001','Rozamond','Simmings','Naerup','1985-12-24','Distrito Federal','N/A','Churubusco','Walton',8198,'73531');
INSERT INTO cajero(curpcajero,idsucursal,nombrecajero,paternocajero,maternocajero,fechanacimiento,estado,ciudad,colonia,calle,numero,codigopostal) VALUES ('EPQV843944QYWGNC35','S-00006','Heida','Catley','Carlozzi','1986-04-23','Baja California','Tijuana','Tijuana','Summerview',641,'12523');
INSERT INTO cajero(curpcajero,idsucursal,nombrecajero,paternocajero,maternocajero,fechanacimiento,estado,ciudad,colonia,calle,numero,codigopostal) VALUES ('GKGS068960MEDARE06','S-00002','Rhodie','Pratley','Walpole','1983-12-01','Aguascalientes','Palo Alto','Palo Alto','Michigan',42,'17944');
INSERT INTO cajero(curpcajero,idsucursal,nombrecajero,paternocajero,maternocajero,fechanacimiento,estado,ciudad,colonia,calle,numero,codigopostal) VALUES ('AUTM429594HYRXCH25','S-00010','Conrad','Bartleet','Chuter','2005-07-12','Guerrero','Copala','Copala','Namekagon',048,'90064');
INSERT INTO cajero(curpcajero,idsucursal,nombrecajero,paternocajero,maternocajero,fechanacimiento,estado,ciudad,colonia,calle,numero,codigopostal) VALUES ('ZUXA886738AYAKNH29','S-00004','Haskel','Ivanuschka','Linster','1972-05-12','Puebla','San Pablo de las Tunas','San Pablo de las Tunas','Armistice',75,'10791');
INSERT INTO cajero(curpcajero,idsucursal,nombrecajero,paternocajero,maternocajero,fechanacimiento,estado,ciudad,colonia,calle,numero,codigopostal) VALUES ('KQZE321986QWWYIJ80','S-00012','Eolande','Gimlet','Papps','1974-11-20','Morelos','Cuernavaca','Cuernavaca','Dixon',89,'63881');
INSERT INTO cajero(curpcajero,idsucursal,nombrecajero,paternocajero,maternocajero,fechanacimiento,estado,ciudad,colonia,calle,numero,codigopostal) VALUES ('LKFA816567EBZIRA38','S-00006','Der','Tassell','Jillions','1971-05-23','Baja California','Tijuana','Tijuana','Sundown',94857,'49375');
INSERT INTO cajero(curpcajero,idsucursal,nombrecajero,paternocajero,maternocajero,fechanacimiento,estado,ciudad,colonia,calle,numero,codigopostal) VALUES ('UFRG809840OFGYUP85','S-00015','Tate','O''Corhane','Amerighi','2009-06-25','Hidalgo','Pachuca de Soto','Pachuca de Soto','Dahle',2359,'12200');
INSERT INTO cajero(curpcajero,idsucursal,nombrecajero,paternocajero,maternocajero,fechanacimiento,estado,ciudad,colonia,calle,numero,codigopostal) VALUES ('KVHG270238WFXOAD17','S-00007','Cullan','Boolsen','Pedroni','1970-02-17','Mexico','Naucalpan de Juarez','Naucalpan de Juarez','Alpine',686,'84553');
INSERT INTO cajero(curpcajero,idsucursal,nombrecajero,paternocajero,maternocajero,fechanacimiento,estado,ciudad,colonia,calle,numero,codigopostal) VALUES ('WSXT233637WLTZJI28','S-00008','Lindsey','Jesteco','Tumini','1975-04-30','Oaxaca','El Espinal','El Espinal','Stephen',2407,'14080');
INSERT INTO cajero(curpcajero,idsucursal,nombrecajero,paternocajero,maternocajero,fechanacimiento,estado,ciudad,colonia,calle,numero,codigopostal) VALUES ('KFAY687799ZNHEDO62','S-00007','Torin','Bing','Bullus','1978-07-18','Mexico','Naucalpan de Juarez','Naucalpan de Juarez','Hallows',642,'29771');
INSERT INTO cajero(curpcajero,idsucursal,nombrecajero,paternocajero,maternocajero,fechanacimiento,estado,ciudad,colonia,calle,numero,codigopostal) VALUES ('ZXYW280286ZMUJFF85','S-00009','Maximilianus','Djakovic','Sukbhans','1984-07-02','Chihuahua','Juan Aldama','Juan Aldama','Clarendon',40223,'51364');
INSERT INTO cajero(curpcajero,idsucursal,nombrecajero,paternocajero,maternocajero,fechanacimiento,estado,ciudad,colonia,calle,numero,codigopostal) VALUES ('PJUL384161PBLQNE46','S-00006','Appolonia','Ducker','Alten','1992-07-12','Baja California','Tijuana','Tijuana','Grasskamp',04207,'50803');
INSERT INTO cajero(curpcajero,idsucursal,nombrecajero,paternocajero,maternocajero,fechanacimiento,estado,ciudad,colonia,calle,numero,codigopostal) VALUES ('JBJS681731BCPNFI79','S-00005','Tedi','Eland','Carhart','1987-11-26','Nuevo Leon','Pesqueria','Pesqueria','Sheridan',99,'31362');
INSERT INTO cajero(curpcajero,idsucursal,nombrecajero,paternocajero,maternocajero,fechanacimiento,estado,ciudad,colonia,calle,numero,codigopostal) VALUES ('OAKD903005RRLXLL11','S-00001','Bessie','Kitney','Jinkin','1986-05-28','Distrito Federal','N/A','Churubusco','Dapin',34,'83463');
INSERT INTO cajero(curpcajero,idsucursal,nombrecajero,paternocajero,maternocajero,fechanacimiento,estado,ciudad,colonia,calle,numero,codigopostal) VALUES ('YQLV129511LKSLXG29','S-00007','Twila','Escala','Foux','1976-12-22','Mexico','Naucalpan de Juarez','Naucalpan de Juarez','Ridgeview',6,'30886');
INSERT INTO cajero(curpcajero,idsucursal,nombrecajero,paternocajero,maternocajero,fechanacimiento,estado,ciudad,colonia,calle,numero,codigopostal) VALUES ('CZTD400454AQUFCQ90','S-00008','Alicea','Elstub','Lodovichi','2006-02-28','Oaxaca','El Espinal','El Espinal','Weeping Birch',85280,'63876');
INSERT INTO cajero(curpcajero,idsucursal,nombrecajero,paternocajero,maternocajero,fechanacimiento,estado,ciudad,colonia,calle,numero,codigopostal) VALUES ('HPQJ995987UKEQRC22','S-00008','Patricio','Mulliss','Baudains','1985-07-29','Oaxaca','El Espinal','El Espinal','Bay',24,'84867');
INSERT INTO cajero(curpcajero,idsucursal,nombrecajero,paternocajero,maternocajero,fechanacimiento,estado,ciudad,colonia,calle,numero,codigopostal) VALUES ('RQSU334788AHDFCS85','S-00003','Reggis','Waghorne','Cooksey','1979-08-17','Queretaro','Peñamiller','Peñamiller','Mallard',68,'60275');
INSERT INTO cajero(curpcajero,idsucursal,nombrecajero,paternocajero,maternocajero,fechanacimiento,estado,ciudad,colonia,calle,numero,codigopostal) VALUES ('TFZY067768XGUUGX66','S-00006','Loren','Droogan','Laurenzi','1996-07-11','Baja California','Tijuana','Tijuana','Everett',78204,'24920');
INSERT INTO cajero(curpcajero,idsucursal,nombrecajero,paternocajero,maternocajero,fechanacimiento,estado,ciudad,colonia,calle,numero,codigopostal) VALUES ('QRTW514167DKQOFQ94','S-00001','Teresita','Sebley','Copestick','1977-05-11','Distrito Federal','N/A','Churubusco','Dexter',59,'51064');
INSERT INTO cajero(curpcajero,idsucursal,nombrecajero,paternocajero,maternocajero,fechanacimiento,estado,ciudad,colonia,calle,numero,codigopostal) VALUES ('IUZF446494IHNAHO85','S-00010','Paulo','Gennerich','Mulligan','1990-04-09','Guerrero','Copala','Copala','Johnson',07417,'41837');
INSERT INTO cajero(curpcajero,idsucursal,nombrecajero,paternocajero,maternocajero,fechanacimiento,estado,ciudad,colonia,calle,numero,codigopostal) VALUES ('DGFH673552MUBMDU91','S-00001','Jude','Drinkall','Beckensall','2002-01-21','Distrito Federal','N/A','Churubusco','Shoshone',73,'39299');
INSERT INTO cajero(curpcajero,idsucursal,nombrecajero,paternocajero,maternocajero,fechanacimiento,estado,ciudad,colonia,calle,numero,codigopostal) VALUES ('TVKD672968ELNYFY81','S-00006','Simmonds','Windridge','Ollington','1970-09-29','Baja California','Tijuana','Tijuana','Northridge',26885,'66279');
INSERT INTO cajero(curpcajero,idsucursal,nombrecajero,paternocajero,maternocajero,fechanacimiento,estado,ciudad,colonia,calle,numero,codigopostal) VALUES ('NWPK837523KMPMOE50','S-00015','Euphemia','Falconbridge','Beamont','2001-01-12','Hidalgo','Pachuca de Soto','Pachuca de Soto','Park Meadow',33,'24796');
INSERT INTO cajero(curpcajero,idsucursal,nombrecajero,paternocajero,maternocajero,fechanacimiento,estado,ciudad,colonia,calle,numero,codigopostal) VALUES ('FUUP517335UHSHQC47','S-00011','Jeannette','Moynihan','Crummie','2001-03-01','Coahuila de Zaragoza','Lamadrid','Lamadrid','Hallows',55,'45747');
INSERT INTO cajero(curpcajero,idsucursal,nombrecajero,paternocajero,maternocajero,fechanacimiento,estado,ciudad,colonia,calle,numero,codigopostal) VALUES ('BLIW838072KWCYWO19','S-00014','Bill','Aikin','Venard','1981-07-08','Tamaulipas','Ciudad Rio Bravo','Ciudad Rio Bravo','Lakewood Gardens',98324,'14568');
INSERT INTO cajero(curpcajero,idsucursal,nombrecajero,paternocajero,maternocajero,fechanacimiento,estado,ciudad,colonia,calle,numero,codigopostal) VALUES ('USJP530569MKEQJN34','S-00015','Vaughn','Cressingham','Folder','1980-09-24','Hidalgo','Pachuca de Soto','Pachuca de Soto','Dunning',17,'49468');
INSERT INTO cajero(curpcajero,idsucursal,nombrecajero,paternocajero,maternocajero,fechanacimiento,estado,ciudad,colonia,calle,numero,codigopostal) VALUES ('OYML727104AYOEJG57','S-00010','Pauletta','Conklin','Lowndsborough','1971-12-02','Guerrero','Copala','Copala','La Follette',9568,'88167');
INSERT INTO cajero(curpcajero,idsucursal,nombrecajero,paternocajero,maternocajero,fechanacimiento,estado,ciudad,colonia,calle,numero,codigopostal) VALUES ('ANXK542280GPDGWZ37','S-00005','Matthaeus','Cammis','Escale','1998-04-04','Nuevo Leon','Pesqueria','Pesqueria','Daystar',17883,'49550');
INSERT INTO cajero(curpcajero,idsucursal,nombrecajero,paternocajero,maternocajero,fechanacimiento,estado,ciudad,colonia,calle,numero,codigopostal) VALUES ('UFBX401690RSGHXV11','S-00003','Benoite','Aleveque','Canland','2005-11-05','Queretaro','Peñamiller','Peñamiller','Fallview',71,'31862');
INSERT INTO cajero(curpcajero,idsucursal,nombrecajero,paternocajero,maternocajero,fechanacimiento,estado,ciudad,colonia,calle,numero,codigopostal) VALUES ('TLAB212116PZPGXM15','S-00012','George','Poad','Molyneux','1992-06-29','Morelos','Cuernavaca','Cuernavaca','Pawling',9,'49991');
INSERT INTO cajero(curpcajero,idsucursal,nombrecajero,paternocajero,maternocajero,fechanacimiento,estado,ciudad,colonia,calle,numero,codigopostal) VALUES ('QMCZ116496XALSPU88','S-00003','Dallas','Accombe','Axup','1984-04-29','Queretaro','Peñamiller','Peñamiller','Melrose',91801,'32440');
INSERT INTO cajero(curpcajero,idsucursal,nombrecajero,paternocajero,maternocajero,fechanacimiento,estado,ciudad,colonia,calle,numero,codigopostal) VALUES ('QCUZ464690JAWUNQ26','S-00010','Ward','Crawshaw','Maxstead','1995-04-13','Guerrero','Copala','Copala','Pepper Wood',4848,'61238');
INSERT INTO cajero(curpcajero,idsucursal,nombrecajero,paternocajero,maternocajero,fechanacimiento,estado,ciudad,colonia,calle,numero,codigopostal) VALUES ('QSMG849614YFBAZE40','S-00005','Tawsha','Roden','Sang','1991-11-18','Nuevo Leon','Pesqueria','Pesqueria','Saint Paul',869,'79995');
INSERT INTO cajero(curpcajero,idsucursal,nombrecajero,paternocajero,maternocajero,fechanacimiento,estado,ciudad,colonia,calle,numero,codigopostal) VALUES ('BSXA108086APBOHH62','S-00013','Nils','Heustace','McLagain','1976-07-04','Campeche','Champoton','Champoton','Ridgeview',5,'40870');
INSERT INTO cajero(curpcajero,idsucursal,nombrecajero,paternocajero,maternocajero,fechanacimiento,estado,ciudad,colonia,calle,numero,codigopostal) VALUES ('IOUL960512WHLHKC99','S-00002','Elonore','Stokes','O''Scannill','2009-02-13','Aguascalientes','Palo Alto','Palo Alto','Lukken',87967,'62234');
INSERT INTO cajero(curpcajero,idsucursal,nombrecajero,paternocajero,maternocajero,fechanacimiento,estado,ciudad,colonia,calle,numero,codigopostal) VALUES ('UXWV860068VMDZUP54','S-00007','Addi','Orlton','Heathwood','1997-08-10','Mexico','Naucalpan de Juarez','Naucalpan de Juarez','Grayhawk',110,'99015');
INSERT INTO cajero(curpcajero,idsucursal,nombrecajero,paternocajero,maternocajero,fechanacimiento,estado,ciudad,colonia,calle,numero,codigopostal) VALUES ('GZVY012861BWGPOA06','S-00013','Adrian','Labeuil','Knudsen','1993-04-26','Campeche','Champoton','Champoton','Del Mar',48983,'74965');
INSERT INTO cajero(curpcajero,idsucursal,nombrecajero,paternocajero,maternocajero,fechanacimiento,estado,ciudad,colonia,calle,numero,codigopostal) VALUES ('BBAI939504WYVGWZ62','S-00007','Reggis','Snawdon','Karlolak','1995-12-12','Mexico','Naucalpan de Juarez','Naucalpan de Juarez','Arapahoe',22320,'18274');
INSERT INTO cajero(curpcajero,idsucursal,nombrecajero,paternocajero,maternocajero,fechanacimiento,estado,ciudad,colonia,calle,numero,codigopostal) VALUES ('EWPC761871ZXQDRT65','S-00011','Alethea','Heber','Bartosik','2006-11-13','Coahuila de Zaragoza','Lamadrid','Lamadrid','Homewood',55,'34291');
INSERT INTO cajero(curpcajero,idsucursal,nombrecajero,paternocajero,maternocajero,fechanacimiento,estado,ciudad,colonia,calle,numero,codigopostal) VALUES ('AORL261558NCPBWV18','S-00003','Marshall','Simonich','Culmer','1971-04-15','Queretaro','Peñamiller','Peñamiller','Chive',029,'36175');
INSERT INTO cajero(curpcajero,idsucursal,nombrecajero,paternocajero,maternocajero,fechanacimiento,estado,ciudad,colonia,calle,numero,codigopostal) VALUES ('AKSL673195ILGWUV75','S-00014','Ezri','Organer','Bearman','2009-03-13','Tamaulipas','Ciudad Rio Bravo','Ciudad Rio Bravo','Jana',80,'29808');
INSERT INTO cajero(curpcajero,idsucursal,nombrecajero,paternocajero,maternocajero,fechanacimiento,estado,ciudad,colonia,calle,numero,codigopostal) VALUES ('IIKD274038RVNMBD04','S-00011','Damon','Bankhurst','Cardon','2008-06-18','Coahuila de Zaragoza','Lamadrid','Lamadrid','Superior',90,'72126');
INSERT INTO cajero(curpcajero,idsucursal,nombrecajero,paternocajero,maternocajero,fechanacimiento,estado,ciudad,colonia,calle,numero,codigopostal) VALUES ('GLGN999479QTBXKA13','S-00005','Arnuad','Clemonts','Tidgewell','1975-04-11','Nuevo Leon','Pesqueria','Pesqueria','Brentwood',9,'53538');
INSERT INTO cajero(curpcajero,idsucursal,nombrecajero,paternocajero,maternocajero,fechanacimiento,estado,ciudad,colonia,calle,numero,codigopostal) VALUES ('MKLT067509IGPQSG70','S-00006','Margalit','Ogers','Dohmann','2004-08-04','Baja California','Tijuana','Tijuana','Florence',40,'48750');
INSERT INTO cajero(curpcajero,idsucursal,nombrecajero,paternocajero,maternocajero,fechanacimiento,estado,ciudad,colonia,calle,numero,codigopostal) VALUES ('STMG727166ARZKDW85','S-00014','Cari','Morling','Joddens','1986-11-26','Tamaulipas','Ciudad Rio Bravo','Ciudad Rio Bravo','Kingsford',0,'19459');
INSERT INTO cajero(curpcajero,idsucursal,nombrecajero,paternocajero,maternocajero,fechanacimiento,estado,ciudad,colonia,calle,numero,codigopostal) VALUES ('NCFH076752ZNMRGX79','S-00006','Shelden','Clausner','Draaisma','1978-01-08','Baja California','Tijuana','Tijuana','Merchant',385,'69524');
INSERT INTO cajero(curpcajero,idsucursal,nombrecajero,paternocajero,maternocajero,fechanacimiento,estado,ciudad,colonia,calle,numero,codigopostal) VALUES ('JYWD096071CUNAOV48','S-00014','Gun','Pacher','Hexum','1996-03-20','Tamaulipas','Ciudad Rio Bravo','Ciudad Rio Bravo','Clarendon',27,'19584');
INSERT INTO cajero(curpcajero,idsucursal,nombrecajero,paternocajero,maternocajero,fechanacimiento,estado,ciudad,colonia,calle,numero,codigopostal) VALUES ('SUEH932664SIUBIG68','S-00007','Isis','Hazleton','Lidbetter','1980-04-30','Mexico','Naucalpan de Juarez','Naucalpan de Juarez','Lawn',8303,'96472');
INSERT INTO cajero(curpcajero,idsucursal,nombrecajero,paternocajero,maternocajero,fechanacimiento,estado,ciudad,colonia,calle,numero,codigopostal) VALUES ('ARRE159511XWIQYO41','S-00009','Davie','Bury','Glencorse','1976-08-23','Chihuahua','Juan Aldama','Juan Aldama','Sundown',967,'24429');
INSERT INTO cajero(curpcajero,idsucursal,nombrecajero,paternocajero,maternocajero,fechanacimiento,estado,ciudad,colonia,calle,numero,codigopostal) VALUES ('OPEM051264XDRGTA51','S-00004','Allx','Tinn','Poe','1988-03-09','Puebla','San Pablo de las Tunas','San Pablo de las Tunas','Clove',61,'37129');
INSERT INTO cajero(curpcajero,idsucursal,nombrecajero,paternocajero,maternocajero,fechanacimiento,estado,ciudad,colonia,calle,numero,codigopostal) VALUES ('DOCX247589XBPLSU19','S-00015','Perceval','Carthy','Foro','2009-09-04','Hidalgo','Pachuca de Soto','Pachuca de Soto','Golf Course',71331,'35290');
INSERT INTO cajero(curpcajero,idsucursal,nombrecajero,paternocajero,maternocajero,fechanacimiento,estado,ciudad,colonia,calle,numero,codigopostal) VALUES ('GEEE039863GASFYC27','S-00005','Roze','Tolson','Arkcoll','1987-08-16','Nuevo Leon','Pesqueria','Pesqueria','Kim',2273,'73650');
INSERT INTO cajero(curpcajero,idsucursal,nombrecajero,paternocajero,maternocajero,fechanacimiento,estado,ciudad,colonia,calle,numero,codigopostal) VALUES ('NTKQ073548FTKKLG48','S-00007','Belle','Beals','Cadany','2008-08-26','Mexico','Naucalpan de Juarez','Naucalpan de Juarez','Meadow Ridge',1,'88231');


INSERT INTO telefonocajero(curpcajero,telefono) VALUES ('HPQJ995987UKEQRC22','4188143924');
INSERT INTO telefonocajero(curpcajero,telefono) VALUES ('TFZY067768XGUUGX66','4348237700');
INSERT INTO telefonocajero(curpcajero,telefono) VALUES ('VJFK194298MZSOTP07','0533788021');
INSERT INTO telefonocajero(curpcajero,telefono) VALUES ('NCFH076752ZNMRGX79','7215107949');
INSERT INTO telefonocajero(curpcajero,telefono) VALUES ('IUZF446494IHNAHO85','3953898353');
INSERT INTO telefonocajero(curpcajero,telefono) VALUES ('NTKQ073548FTKKLG48','6018965429');
INSERT INTO telefonocajero(curpcajero,telefono) VALUES ('IRJJ629434FPDLWK91','1147818827');
INSERT INTO telefonocajero(curpcajero,telefono) VALUES ('TGJJ180406NPJSKM31','5001581443');
INSERT INTO telefonocajero(curpcajero,telefono) VALUES ('XBHZ202741DRBOZP57','1501020234');
INSERT INTO telefonocajero(curpcajero,telefono) VALUES ('MVVP116448PFHSBU16','7323818443');
INSERT INTO telefonocajero(curpcajero,telefono) VALUES ('PPLU763811XPRVNI02','8233747068');
INSERT INTO telefonocajero(curpcajero,telefono) VALUES ('LDZQ799208UHHYRW79','1472046080');
INSERT INTO telefonocajero(curpcajero,telefono) VALUES ('SUEH932664SIUBIG68','5607427935');
INSERT INTO telefonocajero(curpcajero,telefono) VALUES ('MIXN752284TWIJBZ42','5343770169');
INSERT INTO telefonocajero(curpcajero,telefono) VALUES ('DOOP647785MFRPAY87','6480392582');
INSERT INTO telefonocajero(curpcajero,telefono) VALUES ('NMTQ682089ZFMIJB12','6243764702');
INSERT INTO telefonocajero(curpcajero,telefono) VALUES ('YZQZ552718ZCTECC67','7416880408');
INSERT INTO telefonocajero(curpcajero,telefono) VALUES ('IUZF446494IHNAHO85','2220711994');
INSERT INTO telefonocajero(curpcajero,telefono) VALUES ('DZKV165555AUYJDO76','0166436232');
INSERT INTO telefonocajero(curpcajero,telefono) VALUES ('SBBL338496SWYMYQ35','2939897689');
INSERT INTO telefonocajero(curpcajero,telefono) VALUES ('GLGN999479QTBXKA13','6534598523');
INSERT INTO telefonocajero(curpcajero,telefono) VALUES ('KQRB117322TGTITF82','6547460614');
INSERT INTO telefonocajero(curpcajero,telefono) VALUES ('BDYG650464PLPYAS86','9479203979');
INSERT INTO telefonocajero(curpcajero,telefono) VALUES ('WNZS819896SUZFLF41','5935674637');
INSERT INTO telefonocajero(curpcajero,telefono) VALUES ('DOOP647785MFRPAY87','6141627188');
INSERT INTO telefonocajero(curpcajero,telefono) VALUES ('YMOM881193LTEVVE65','5921287407');
INSERT INTO telefonocajero(curpcajero,telefono) VALUES ('BLIW838072KWCYWO19','2275543333');
INSERT INTO telefonocajero(curpcajero,telefono) VALUES ('YQLV129511LKSLXG29','5017427899');
INSERT INTO telefonocajero(curpcajero,telefono) VALUES ('BLIW838072KWCYWO19','4182615980');
INSERT INTO telefonocajero(curpcajero,telefono) VALUES ('NMTQ682089ZFMIJB12','3977044788');
INSERT INTO telefonocajero(curpcajero,telefono) VALUES ('KQZE321986QWWYIJ80','5779102430');
INSERT INTO telefonocajero(curpcajero,telefono) VALUES ('QSMG849614YFBAZE40','2496861745');
INSERT INTO telefonocajero(curpcajero,telefono) VALUES ('MKLT067509IGPQSG70','2719860646');
INSERT INTO telefonocajero(curpcajero,telefono) VALUES ('UXWV860068VMDZUP54','2101767961');
INSERT INTO telefonocajero(curpcajero,telefono) VALUES ('VJFK194298MZSOTP07','9020346164');
INSERT INTO telefonocajero(curpcajero,telefono) VALUES ('LKFA816567EBZIRA38','0065325931');
INSERT INTO telefonocajero(curpcajero,telefono) VALUES ('UQCU650813JAWHDF12','5337712039');
INSERT INTO telefonocajero(curpcajero,telefono) VALUES ('IRJJ629434FPDLWK91','6555277602');
INSERT INTO telefonocajero(curpcajero,telefono) VALUES ('PNDB757379QOQHGA09','9911913554');
INSERT INTO telefonocajero(curpcajero,telefono) VALUES ('CNNA660835AROLGB84','7685906449');
INSERT INTO telefonocajero(curpcajero,telefono) VALUES ('QMCZ116496XALSPU88','1438027397');
INSERT INTO telefonocajero(curpcajero,telefono) VALUES ('CZTD400454AQUFCQ90','8292700889');
INSERT INTO telefonocajero(curpcajero,telefono) VALUES ('JFEG399283NGDIEP91','9649790470');
INSERT INTO telefonocajero(curpcajero,telefono) VALUES ('CPTF983628YFRAEL11','9013145752');
INSERT INTO telefonocajero(curpcajero,telefono) VALUES ('BLIW838072KWCYWO19','6057318226');
INSERT INTO telefonocajero(curpcajero,telefono) VALUES ('VRNL629425NVCDCW77','3676669428');
INSERT INTO telefonocajero(curpcajero,telefono) VALUES ('OAKD903005RRLXLL11','8332522145');
INSERT INTO telefonocajero(curpcajero,telefono) VALUES ('STMG727166ARZKDW85','6629047818');
INSERT INTO telefonocajero(curpcajero,telefono) VALUES ('JYWD096071CUNAOV48','3705572938');
INSERT INTO telefonocajero(curpcajero,telefono) VALUES ('LDRE979212HTYLKD53','8933189513');
INSERT INTO telefonocajero(curpcajero,telefono) VALUES ('KQZE321986QWWYIJ80','5869500346');
INSERT INTO telefonocajero(curpcajero,telefono) VALUES ('YBRC062153PENXFN94','1397820411');
INSERT INTO telefonocajero(curpcajero,telefono) VALUES ('DGFH673552MUBMDU91','6039943378');
INSERT INTO telefonocajero(curpcajero,telefono) VALUES ('BSXA108086APBOHH62','4629020241');
INSERT INTO telefonocajero(curpcajero,telefono) VALUES ('VAUZ524211JBZMDW22','6761489636');
INSERT INTO telefonocajero(curpcajero,telefono) VALUES ('OYML727104AYOEJG57','0344605655');
INSERT INTO telefonocajero(curpcajero,telefono) VALUES ('QVXP400583BJRFHB87','7860866668');
INSERT INTO telefonocajero(curpcajero,telefono) VALUES ('TFZY067768XGUUGX66','0849294851');
INSERT INTO telefonocajero(curpcajero,telefono) VALUES ('UQCU650813JAWHDF12','7356791609');
INSERT INTO telefonocajero(curpcajero,telefono) VALUES ('TGJJ180406NPJSKM31','1034723170');
INSERT INTO telefonocajero(curpcajero,telefono) VALUES ('ZUXA886738AYAKNH29','3220294308');
INSERT INTO telefonocajero(curpcajero,telefono) VALUES ('JBJS681731BCPNFI79','9053734783');
INSERT INTO telefonocajero(curpcajero,telefono) VALUES ('PNDB757379QOQHGA09','1796713732');
INSERT INTO telefonocajero(curpcajero,telefono) VALUES ('PPLU763811XPRVNI02','0368638693');
INSERT INTO telefonocajero(curpcajero,telefono) VALUES ('AORL261558NCPBWV18','1034716255');
INSERT INTO telefonocajero(curpcajero,telefono) VALUES ('STMG727166ARZKDW85','2695345232');
INSERT INTO telefonocajero(curpcajero,telefono) VALUES ('LFJL842342ALMVBZ83','1210900513');
INSERT INTO telefonocajero(curpcajero,telefono) VALUES ('IOUL960512WHLHKC99','6700068932');
INSERT INTO telefonocajero(curpcajero,telefono) VALUES ('NCFH076752ZNMRGX79','8536000783');
INSERT INTO telefonocajero(curpcajero,telefono) VALUES ('HSTX030552SYZIDT95','2037430590');
INSERT INTO telefonocajero(curpcajero,telefono) VALUES ('SUEH932664SIUBIG68','3600770489');
INSERT INTO telefonocajero(curpcajero,telefono) VALUES ('OAKD903005RRLXLL11','2184790907');
INSERT INTO telefonocajero(curpcajero,telefono) VALUES ('BBAI939504WYVGWZ62','2412124698');
INSERT INTO telefonocajero(curpcajero,telefono) VALUES ('NCFH076752ZNMRGX79','7712297223');
INSERT INTO telefonocajero(curpcajero,telefono) VALUES ('KQZE321986QWWYIJ80','2359943006');
INSERT INTO telefonocajero(curpcajero,telefono) VALUES ('KVHG270238WFXOAD17','4903093840');
INSERT INTO telefonocajero(curpcajero,telefono) VALUES ('VJFK194298MZSOTP07','2052946888');
INSERT INTO telefonocajero(curpcajero,telefono) VALUES ('NTKQ073548FTKKLG48','7835709724');
INSERT INTO telefonocajero(curpcajero,telefono) VALUES ('TQPF698737NWIEMX63','9955931701');
INSERT INTO telefonocajero(curpcajero,telefono) VALUES ('IUZF446494IHNAHO85','3238096397');
INSERT INTO telefonocajero(curpcajero,telefono) VALUES ('TVKD672968ELNYFY81','6629044851');
INSERT INTO telefonocajero(curpcajero,telefono) VALUES ('IIKD274038RVNMBD04','9915075642');
INSERT INTO telefonocajero(curpcajero,telefono) VALUES ('QMCZ116496XALSPU88','1793062013');
INSERT INTO telefonocajero(curpcajero,telefono) VALUES ('KQZE321986QWWYIJ80','3395204235');
INSERT INTO telefonocajero(curpcajero,telefono) VALUES ('MQVZ263672EHQMPU72','5180366534');
INSERT INTO telefonocajero(curpcajero,telefono) VALUES ('DOOP647785MFRPAY87','5486741103');
INSERT INTO telefonocajero(curpcajero,telefono) VALUES ('ARRE159511XWIQYO41','5236581885');
INSERT INTO telefonocajero(curpcajero,telefono) VALUES ('MQVZ263672EHQMPU72','8294446513');
INSERT INTO telefonocajero(curpcajero,telefono) VALUES ('ZXYW280286ZMUJFF85','4462764382');
INSERT INTO telefonocajero(curpcajero,telefono) VALUES ('RWUS624874PVNUXU25','2075258694');
INSERT INTO telefonocajero(curpcajero,telefono) VALUES ('QSMG849614YFBAZE40','3572838282');
INSERT INTO telefonocajero(curpcajero,telefono) VALUES ('KCQU707226QZVRJY61','8014879163');
INSERT INTO telefonocajero(curpcajero,telefono) VALUES ('BSXA108086APBOHH62','5434412532');
INSERT INTO telefonocajero(curpcajero,telefono) VALUES ('EHDG712621BHNOWW34','4300469148');
INSERT INTO telefonocajero(curpcajero,telefono) VALUES ('HTOM745700PRRAVN50','2744240168');
INSERT INTO telefonocajero(curpcajero,telefono) VALUES ('VJFK194298MZSOTP07','5623657796');
INSERT INTO telefonocajero(curpcajero,telefono) VALUES ('PJUL384161PBLQNE46','2394115009');
INSERT INTO telefonocajero(curpcajero,telefono) VALUES ('TVKD672968ELNYFY81','9801687134');
INSERT INTO telefonocajero(curpcajero,telefono) VALUES ('QCUZ464690JAWUNQ26','5788531497');
INSERT INTO telefonocajero(curpcajero,telefono) VALUES ('MQVZ263672EHQMPU72','7893298626');

INSERT INTO correocajero(curpcajero,correo) VALUES ('QVXP400583BJRFHB87','ldowears0@g.co');
INSERT INTO correocajero(curpcajero,correo) VALUES ('MQVZ263672EHQMPU72','lberwick1@dell.com');
INSERT INTO correocajero(curpcajero,correo) VALUES ('LFJL842342ALMVBZ83','ddrewery2@ebay.co.uk');
INSERT INTO correocajero(curpcajero,correo) VALUES ('YQLV129511LKSLXG29','wnorster3@businessweek.com');
INSERT INTO correocajero(curpcajero,correo) VALUES ('VRNL629425NVCDCW77','dnabbs4@marketwatch.com');
INSERT INTO correocajero(curpcajero,correo) VALUES ('VJFK194298MZSOTP07','dhunnawill5@webs.com');
INSERT INTO correocajero(curpcajero,correo) VALUES ('YNJQ153076FJCERL24','mdenore6@eventbrite.com');
INSERT INTO correocajero(curpcajero,correo) VALUES ('GEEE039863GASFYC27','qdominici7@google.pl');
INSERT INTO correocajero(curpcajero,correo) VALUES ('JFEG399283NGDIEP91','ssheering8@state.gov');
INSERT INTO correocajero(curpcajero,correo) VALUES ('ANXK542280GPDGWZ37','rgovett9@symantec.com');
INSERT INTO correocajero(curpcajero,correo) VALUES ('LDZQ799208UHHYRW79','mslingsbya@java.com');
INSERT INTO correocajero(curpcajero,correo) VALUES ('KVDZ808048OQHIIF41','wstanyonb@paypal.com');
INSERT INTO correocajero(curpcajero,correo) VALUES ('XBHZ202741DRBOZP57','odickingsc@icq.com');
INSERT INTO correocajero(curpcajero,correo) VALUES ('STMG727166ARZKDW85','asolleyd@wunderground.com');
INSERT INTO correocajero(curpcajero,correo) VALUES ('XBHZ202741DRBOZP57','showitte@admin.ch');
INSERT INTO correocajero(curpcajero,correo) VALUES ('LFJL842342ALMVBZ83','gmccroftf@rambler.ru');
INSERT INTO correocajero(curpcajero,correo) VALUES ('RWUS624874PVNUXU25','lmcenhillg@toplist.cz');
INSERT INTO correocajero(curpcajero,correo) VALUES ('TGJJ180406NPJSKM31','jborehamh@weibo.com');
INSERT INTO correocajero(curpcajero,correo) VALUES ('MKLT067509IGPQSG70','fburwini@blogger.com');
INSERT INTO correocajero(curpcajero,correo) VALUES ('LKFA816567EBZIRA38','rcrewsj@ow.ly');
INSERT INTO correocajero(curpcajero,correo) VALUES ('EHDG712621BHNOWW34','troundtreek@washingtonpost.com');
INSERT INTO correocajero(curpcajero,correo) VALUES ('KQRB117322TGTITF82','kbarnwilll@nbcnews.com');
INSERT INTO correocajero(curpcajero,correo) VALUES ('DOCX247589XBPLSU19','lwetwoodm@globo.com');
INSERT INTO correocajero(curpcajero,correo) VALUES ('YQLV129511LKSLXG29','ddumberelln@t-online.de');
INSERT INTO correocajero(curpcajero,correo) VALUES ('GZVY012861BWGPOA06','vgriggso@omniture.com');
INSERT INTO correocajero(curpcajero,correo) VALUES ('NMTQ682089ZFMIJB12','ubrestonp@elpais.com');
INSERT INTO correocajero(curpcajero,correo) VALUES ('XBHZ202741DRBOZP57','dfergieq@washingtonpost.com');
INSERT INTO correocajero(curpcajero,correo) VALUES ('HSTX030552SYZIDT95','sninnottir@slate.com');
INSERT INTO correocajero(curpcajero,correo) VALUES ('KVDZ808048OQHIIF41','cdaspars@freewebs.com');
INSERT INTO correocajero(curpcajero,correo) VALUES ('KHSC546087CGQPGD99','mbrockhurstt@hexun.com');
INSERT INTO correocajero(curpcajero,correo) VALUES ('YQLV129511LKSLXG29','ntaberu@desdev.cn');
INSERT INTO correocajero(curpcajero,correo) VALUES ('DGFH673552MUBMDU91','emaudlenv@whitehouse.gov');
INSERT INTO correocajero(curpcajero,correo) VALUES ('QRTW514167DKQOFQ94','lbeggiw@blogspot.com');
INSERT INTO correocajero(curpcajero,correo) VALUES ('CNNA660835AROLGB84','eblasdalex@stanford.edu');
INSERT INTO correocajero(curpcajero,correo) VALUES ('AKSL673195ILGWUV75','rjimey@msn.com');
INSERT INTO correocajero(curpcajero,correo) VALUES ('GZVY012861BWGPOA06','rguiraudz@nifty.com');
INSERT INTO correocajero(curpcajero,correo) VALUES ('ZXYW280286ZMUJFF85','ldanovich10@meetup.com');
INSERT INTO correocajero(curpcajero,correo) VALUES ('NMTQ682089ZFMIJB12','hrosenvasser11@upenn.edu');
INSERT INTO correocajero(curpcajero,correo) VALUES ('UXWV860068VMDZUP54','hnabbs12@globo.com');
INSERT INTO correocajero(curpcajero,correo) VALUES ('ZXYW280286ZMUJFF85','mkrol13@virginia.edu');
INSERT INTO correocajero(curpcajero,correo) VALUES ('QMCZ116496XALSPU88','acoldbathe14@lycos.com');
INSERT INTO correocajero(curpcajero,correo) VALUES ('SUEH932664SIUBIG68','kbaynard15@parallels.com');
INSERT INTO correocajero(curpcajero,correo) VALUES ('WNZS819896SUZFLF41','dlascelles16@ycombinator.com');
INSERT INTO correocajero(curpcajero,correo) VALUES ('NMTQ682089ZFMIJB12','eosmant17@wikimedia.org');
INSERT INTO correocajero(curpcajero,correo) VALUES ('BLIW838072KWCYWO19','zvolks18@unesco.org');
INSERT INTO correocajero(curpcajero,correo) VALUES ('UFBX401690RSGHXV11','mline19@bizjournals.com');
INSERT INTO correocajero(curpcajero,correo) VALUES ('DZKV165555AUYJDO76','mutting1a@uiuc.edu');
INSERT INTO correocajero(curpcajero,correo) VALUES ('KCQU707226QZVRJY61','afolliss1b@blogtalkradio.com');
INSERT INTO correocajero(curpcajero,correo) VALUES ('STMG727166ARZKDW85','ssongust1c@prlog.org');
INSERT INTO correocajero(curpcajero,correo) VALUES ('WSXT233637WLTZJI28','mmaxwale1d@thetimes.co.uk');
INSERT INTO correocajero(curpcajero,correo) VALUES ('QSMG849614YFBAZE40','dgogie1e@reuters.com');
INSERT INTO correocajero(curpcajero,correo) VALUES ('DZKV165555AUYJDO76','ahustings1f@gmpg.org');
INSERT INTO correocajero(curpcajero,correo) VALUES ('QRTW514167DKQOFQ94','kmattiassi1g@thetimes.co.uk');
INSERT INTO correocajero(curpcajero,correo) VALUES ('IIKD274038RVNMBD04','bagiolfinger1h@theatlantic.com');
INSERT INTO correocajero(curpcajero,correo) VALUES ('WNZS819896SUZFLF41','tderrell1i@discovery.com');
INSERT INTO correocajero(curpcajero,correo) VALUES ('NCFH076752ZNMRGX79','lordidge1j@ihg.com');
INSERT INTO correocajero(curpcajero,correo) VALUES ('RWUS624874PVNUXU25','rlorkings1k@amazonaws.com');
INSERT INTO correocajero(curpcajero,correo) VALUES ('PPLU763811XPRVNI02','egimson1l@microsoft.com');
INSERT INTO correocajero(curpcajero,correo) VALUES ('RQSU334788AHDFCS85','dlockhart1m@prweb.com');
INSERT INTO correocajero(curpcajero,correo) VALUES ('IUZF446494IHNAHO85','ghinrich1n@moonfruit.com');
INSERT INTO correocajero(curpcajero,correo) VALUES ('LDRE979212HTYLKD53','rravelus1o@bandcamp.com');
INSERT INTO correocajero(curpcajero,correo) VALUES ('BSXA108086APBOHH62','ddreus1p@uol.com.br');
INSERT INTO correocajero(curpcajero,correo) VALUES ('KCQU707226QZVRJY61','awyman1q@ca.gov');
INSERT INTO correocajero(curpcajero,correo) VALUES ('QVXP400583BJRFHB87','hcallaghan1r@weibo.com');
INSERT INTO correocajero(curpcajero,correo) VALUES ('YQLV129511LKSLXG29','mblei1s@live.com');
INSERT INTO correocajero(curpcajero,correo) VALUES ('LFJL842342ALMVBZ83','kfillon1t@wired.com');
INSERT INTO correocajero(curpcajero,correo) VALUES ('PJUL384161PBLQNE46','pkeogh1u@foxnews.com');
INSERT INTO correocajero(curpcajero,correo) VALUES ('CZTD400454AQUFCQ90','lyakovitch1v@shutterfly.com');
INSERT INTO correocajero(curpcajero,correo) VALUES ('EPQV843944QYWGNC35','bhowchin1w@unblog.fr');
INSERT INTO correocajero(curpcajero,correo) VALUES ('JBJS681731BCPNFI79','fmabbe1x@privacy.gov.au');
INSERT INTO correocajero(curpcajero,correo) VALUES ('TLAB212116PZPGXM15','edowda1y@netlog.com');
INSERT INTO correocajero(curpcajero,correo) VALUES ('DZKV165555AUYJDO76','rshenfisch1z@feedburner.com');
INSERT INTO correocajero(curpcajero,correo) VALUES ('ZXYW280286ZMUJFF85','pdent20@addthis.com');
INSERT INTO correocajero(curpcajero,correo) VALUES ('GEEE039863GASFYC27','gyarnell21@discovery.com');
INSERT INTO correocajero(curpcajero,correo) VALUES ('MVVP116448PFHSBU16','rsokill22@bbc.co.uk');
INSERT INTO correocajero(curpcajero,correo) VALUES ('SWLI969610UBAWDD15','aleamy23@barnesandnoble.com');
INSERT INTO correocajero(curpcajero,correo) VALUES ('DZKV165555AUYJDO76','tgoolding24@answers.com');
INSERT INTO correocajero(curpcajero,correo) VALUES ('YMOM881193LTEVVE65','hinns25@statcounter.com');
INSERT INTO correocajero(curpcajero,correo) VALUES ('KFAY687799ZNHEDO62','dvane26@irs.gov');
INSERT INTO correocajero(curpcajero,correo) VALUES ('JBJS681731BCPNFI79','twaadenburg27@princeton.edu');
INSERT INTO correocajero(curpcajero,correo) VALUES ('BDYG650464PLPYAS86','alucken28@drupal.org');
INSERT INTO correocajero(curpcajero,correo) VALUES ('GLGN999479QTBXKA13','amunday29@t.co');
INSERT INTO correocajero(curpcajero,correo) VALUES ('DGFH673552MUBMDU91','kizakoff2a@whitehouse.gov');
INSERT INTO correocajero(curpcajero,correo) VALUES ('YMOM881193LTEVVE65','sscreaton2b@uol.com.br');
INSERT INTO correocajero(curpcajero,correo) VALUES ('VRNL629425NVCDCW77','punworth2c@cbslocal.com');
INSERT INTO correocajero(curpcajero,correo) VALUES ('AUTM429594HYRXCH25','glindsay2d@army.mil');
INSERT INTO correocajero(curpcajero,correo) VALUES ('OAKD903005RRLXLL11','vbossom2e@time.com');
INSERT INTO correocajero(curpcajero,correo) VALUES ('HTOM745700PRRAVN50','gunthank2f@unc.edu');
INSERT INTO correocajero(curpcajero,correo) VALUES ('KHSC546087CGQPGD99','ghusset2g@reuters.com');
INSERT INTO correocajero(curpcajero,correo) VALUES ('UFRG809840OFGYUP85','davrahamy2h@github.com');
INSERT INTO correocajero(curpcajero,correo) VALUES ('PNDB757379QOQHGA09','sglas2i@dedecms.com');
INSERT INTO correocajero(curpcajero,correo) VALUES ('MIXN752284TWIJBZ42','mmandry2j@barnesandnoble.com');
INSERT INTO correocajero(curpcajero,correo) VALUES ('DOCX247589XBPLSU19','hfoord2k@123-reg.co.uk');
INSERT INTO correocajero(curpcajero,correo) VALUES ('XBHZ202741DRBOZP57','ldemange2l@unicef.org');
INSERT INTO correocajero(curpcajero,correo) VALUES ('PJUL384161PBLQNE46','vungaretti2m@clickbank.net');
INSERT INTO correocajero(curpcajero,correo) VALUES ('FUUP517335UHSHQC47','csare2n@nytimes.com');
INSERT INTO correocajero(curpcajero,correo) VALUES ('YZQZ552718ZCTECC67','srapier2o@wordpress.com');
INSERT INTO correocajero(curpcajero,correo) VALUES ('YZQZ552718ZCTECC67','ssketh2p@europa.eu');
INSERT INTO correocajero(curpcajero,correo) VALUES ('OYML727104AYOEJG57','mmcclymond2q@squidoo.com');
INSERT INTO correocajero(curpcajero,correo) VALUES ('PPLU763811XPRVNI02','tcanellas2r@vinaora.com');

INSERT INTO encargado(curpencargado,idsucursal,nombreencargado,paternoencargado,maternoencargado,fechanacimiento,estado,ciudad,colonia,calle,numero,codigopostal) VALUES ('UBMO864289LLQGRL76','S-00003','Chucho','Fulton','Slaughter','1984-11-20','Queretaro','Peñamiller','Peñamiller','Zapata',10,'83963');
INSERT INTO encargado(curpencargado,idsucursal,nombreencargado,paternoencargado,maternoencargado,fechanacimiento,estado,ciudad,colonia,calle,numero,codigopostal) VALUES ('SRXD229041CTLODM27','S-00014','Shirlee','Beavon','Abrahmer','1968-08-29','Tamaulipas','Ciudad Rio Bravo','Ciudad Rio Bravo','Xbox',123,'59173');
INSERT INTO encargado(curpencargado,idsucursal,nombreencargado,paternoencargado,maternoencargado,fechanacimiento,estado,ciudad,colonia,calle,numero,codigopostal) VALUES ('TSUK736919JFEMMD47','S-00010','Kurt','Probetts','Vivians','1992-06-12','Guerrero','Copala','Copala','5 de Mayo',63,'69179');
INSERT INTO encargado(curpencargado,idsucursal,nombreencargado,paternoencargado,maternoencargado,fechanacimiento,estado,ciudad,colonia,calle,numero,codigopostal) VALUES ('BYAX872760XUSNWR71','S-00005','Pammi','Tapply','Bruyet','1982-05-25','Nuevo Leon','Pesqueria','Pesqueria','Trucha',13,'02741');
INSERT INTO encargado(curpencargado,idsucursal,nombreencargado,paternoencargado,maternoencargado,fechanacimiento,estado,ciudad,colonia,calle,numero,codigopostal) VALUES ('DEYH171989ITLPAJ17','S-00008','Ofella','Dangl','Raeburn','1953-06-30','Oaxaca','El Espinal','El Espinal','Iturbide',48,'49617');
INSERT INTO encargado(curpencargado,idsucursal,nombreencargado,paternoencargado,maternoencargado,fechanacimiento,estado,ciudad,colonia,calle,numero,codigopostal) VALUES ('KTDE939778KLVRAR72','S-00012','Zak','Cullagh','Sage','1984-04-24','Morelos','Cuernavaca','Cuernavaca','Santo Domingo',7,'07381');
INSERT INTO encargado(curpencargado,idsucursal,nombreencargado,paternoencargado,maternoencargado,fechanacimiento,estado,ciudad,colonia,calle,numero,codigopostal) VALUES ('QSPT143779ELFFQI50','S-00003','Fleurette','Kift','Acres','1970-07-15','Queretaro','Peñamiller','Peñamiller','Zapata',10,'83963');
INSERT INTO encargado(curpencargado,idsucursal,nombreencargado,paternoencargado,maternoencargado,fechanacimiento,estado,ciudad,colonia,calle,numero,codigopostal) VALUES ('ZCOD299438KBTDZL45','S-00003','Etti','Janku','Cussen','1990-11-16','Queretaro','Peñamiller','Peñamiller','Zapata',10,'83963');
INSERT INTO encargado(curpencargado,idsucursal,nombreencargado,paternoencargado,maternoencargado,fechanacimiento,estado,ciudad,colonia,calle,numero,codigopostal) VALUES ('APCR764693EUCPEK90','S-00009','Brigid','Ludee','Dahlman','1976-03-27','Chihuahua','Juan Aldama','Juan Aldama','Jose Vasconcelos',34,'48173');
INSERT INTO encargado(curpencargado,idsucursal,nombreencargado,paternoencargado,maternoencargado,fechanacimiento,estado,ciudad,colonia,calle,numero,codigopostal) VALUES ('MYND813087GULHSB70','S-00011','Arthur','Klosser','Cathrae','1993-02-16','Coahuila de Zaragoza','Lamadrid','Lamadrid','Ejercito Insurgente',93,'02717');
INSERT INTO encargado(curpencargado,idsucursal,nombreencargado,paternoencargado,maternoencargado,fechanacimiento,estado,ciudad,colonia,calle,numero,codigopostal) VALUES ('ZHMK138471ZVODKZ00','S-00005','Opaline','Clarson','Herety','1986-07-05','Nuevo Leon','Pesqueria','Pesqueria','Trucha',13,'02741');
INSERT INTO encargado(curpencargado,idsucursal,nombreencargado,paternoencargado,maternoencargado,fechanacimiento,estado,ciudad,colonia,calle,numero,codigopostal) VALUES ('VKQQ474818YHRTGX00','S-00003','Den','Hathway','Turpie','1981-01-25','Queretaro','Peñamiller','Peñamiller','Zapata',10,'83963');
INSERT INTO encargado(curpencargado,idsucursal,nombreencargado,paternoencargado,maternoencargado,fechanacimiento,estado,ciudad,colonia,calle,numero,codigopostal) VALUES ('LVBY304481FHEDAM85','S-00012','Lamar','Malafe','Filipponi','1981-11-09','Morelos','Cuernavaca','Cuernavaca','Santo Domingo',7,'07381');
INSERT INTO encargado(curpencargado,idsucursal,nombreencargado,paternoencargado,maternoencargado,fechanacimiento,estado,ciudad,colonia,calle,numero,codigopostal) VALUES ('SDFB520432IQTZFF70','S-00010','Jeno','Mougin','Daughtry','1955-03-24','Guerrero','Copala','Copala','5 de Mayo',63,'69179');
INSERT INTO encargado(curpencargado,idsucursal,nombreencargado,paternoencargado,maternoencargado,fechanacimiento,estado,ciudad,colonia,calle,numero,codigopostal) VALUES ('BIPT021424WXFWZM12','S-00014','Brittney','Gilleon','Joffe','1972-10-21','Tamaulipas','Ciudad Rio Bravo','Ciudad Rio Bravo','Xbox',123,'59173');
INSERT INTO encargado(curpencargado,idsucursal,nombreencargado,paternoencargado,maternoencargado,fechanacimiento,estado,ciudad,colonia,calle,numero,codigopostal) VALUES ('UHFA403596OZDZFC84','S-00015','Zilvia','Ekkel','McLemon','1972-01-02','Hidalgo','Pachuca de Soto','Pachuca de Soto','Queso Cubano',19,'21912');
INSERT INTO encargado(curpencargado,idsucursal,nombreencargado,paternoencargado,maternoencargado,fechanacimiento,estado,ciudad,colonia,calle,numero,codigopostal) VALUES ('DVUL354869SDNWHF70','S-00012','Powell','Rasp','Shefton','1980-10-08','Morelos','Cuernavaca','Cuernavaca','Santo Domingo',7,'07381');
INSERT INTO encargado(curpencargado,idsucursal,nombreencargado,paternoencargado,maternoencargado,fechanacimiento,estado,ciudad,colonia,calle,numero,codigopostal) VALUES ('ALOS550721JFHIHT15','S-00009','Cullin','Iiannone','Dickon','1995-11-14','Chihuahua','Juan Aldama','Juan Aldama','Jose Vasconcelos',34,'48173');
INSERT INTO encargado(curpencargado,idsucursal,nombreencargado,paternoencargado,maternoencargado,fechanacimiento,estado,ciudad,colonia,calle,numero,codigopostal) VALUES ('WMPU213166XUGQGJ58','S-00008','Cristin','Tomkins','Vakhrushev','1977-12-17','Oaxaca','El Espinal','El Espinal','Iturbide',48,'49617');
INSERT INTO encargado(curpencargado,idsucursal,nombreencargado,paternoencargado,maternoencargado,fechanacimiento,estado,ciudad,colonia,calle,numero,codigopostal) VALUES ('UECW785254THJPXV51','S-00009','Den','Corkell','Bernon','2001-01-20','Chihuahua','Juan Aldama','Juan Aldama','Jose Vasconcelos',34,'48173');
INSERT INTO encargado(curpencargado,idsucursal,nombreencargado,paternoencargado,maternoencargado,fechanacimiento,estado,ciudad,colonia,calle,numero,codigopostal) VALUES ('XGQU342003BROYQI35','S-00013','Malachi','Everall','Willbourne','1998-01-14','Campeche','Champoton','Champoton','Shampoo',53,'19183');
INSERT INTO encargado(curpencargado,idsucursal,nombreencargado,paternoencargado,maternoencargado,fechanacimiento,estado,ciudad,colonia,calle,numero,codigopostal) VALUES ('OZDD196017ZODRQU88','S-00013','Jacqui','Chanders','Caustick','1958-11-12','Campeche','Champoton','Champoton','Shampoo',53,'19183');
INSERT INTO encargado(curpencargado,idsucursal,nombreencargado,paternoencargado,maternoencargado,fechanacimiento,estado,ciudad,colonia,calle,numero,codigopostal) VALUES ('KBLB060072XLTOFH14','S-00008','Ham','De Beneditti','Felipe','1976-12-20','Oaxaca','El Espinal','El Espinal','Iturbide',48,'49617');
INSERT INTO encargado(curpencargado,idsucursal,nombreencargado,paternoencargado,maternoencargado,fechanacimiento,estado,ciudad,colonia,calle,numero,codigopostal) VALUES ('EBWY627303MRTXYL25','S-00012','Jeana','Cotte','McCardle','1970-06-06','Morelos','Cuernavaca','Cuernavaca','Santo Domingo',7,'07381');
INSERT INTO encargado(curpencargado,idsucursal,nombreencargado,paternoencargado,maternoencargado,fechanacimiento,estado,ciudad,colonia,calle,numero,codigopostal) VALUES ('BGUZ363257EEPHIV91','S-00004','Umberto','Clutten','Falla','1954-02-21','Puebla','San Pablo de las Tunas','San Pablo de las Tunas','Santa Tuna',87,'73187');
INSERT INTO encargado(curpencargado,idsucursal,nombreencargado,paternoencargado,maternoencargado,fechanacimiento,estado,ciudad,colonia,calle,numero,codigopostal) VALUES ('UVVK319775EOQGHG29','S-00011','Benedicta','Goseling','GiacobbiniJacob','1972-09-04','Coahuila de Zaragoza','Lamadrid','Lamadrid','Ejercito Insurgente',93,'02717');
INSERT INTO encargado(curpencargado,idsucursal,nombreencargado,paternoencargado,maternoencargado,fechanacimiento,estado,ciudad,colonia,calle,numero,codigopostal) VALUES ('DKAW398940UIWLMQ43','S-00005','Marjorie','Poge','Denny','1975-04-22','Nuevo Leon','Pesqueria','Pesqueria','Trucha',13,'02741');
INSERT INTO encargado(curpencargado,idsucursal,nombreencargado,paternoencargado,maternoencargado,fechanacimiento,estado,ciudad,colonia,calle,numero,codigopostal) VALUES ('CFNV881567DYUYZT07','S-00005','Marc','Fakes','Grishaev','1985-06-29','Nuevo Leon','Pesqueria','Pesqueria','Trucha',13,'02741');
INSERT INTO encargado(curpencargado,idsucursal,nombreencargado,paternoencargado,maternoencargado,fechanacimiento,estado,ciudad,colonia,calle,numero,codigopostal) VALUES ('DCAK550121IPSMYL85','S-00004','Townie','Grombridge','Tarrant','1977-01-27','Puebla','San Pablo de las Tunas','San Pablo de las Tunas','Santa Tuna',87,'73187');
INSERT INTO encargado(curpencargado,idsucursal,nombreencargado,paternoencargado,maternoencargado,fechanacimiento,estado,ciudad,colonia,calle,numero,codigopostal) VALUES ('YOEL180446ZZTIJA72','S-00015','Chicky','Snassell','Trenbay','1955-12-31','Hidalgo','Pachuca de Soto','Pachuca de Soto','Queso Cubano',19,'21912');
INSERT INTO encargado(curpencargado,idsucursal,nombreencargado,paternoencargado,maternoencargado,fechanacimiento,estado,ciudad,colonia,calle,numero,codigopostal) VALUES ('NZNW502617EIUKCK42','S-00007','Aimee','McCray','Offell','1952-07-02','Mexico','Naucalpan de Juarez','Naucalpan de Juarez','Villa',8,'92837');
INSERT INTO encargado(curpencargado,idsucursal,nombreencargado,paternoencargado,maternoencargado,fechanacimiento,estado,ciudad,colonia,calle,numero,codigopostal) VALUES ('PVBL915800IFYWCR64','S-00009','Shalna','Haily','Dunrige','1986-05-01','Chihuahua','Juan Aldama','Juan Aldama','Jose Vasconcelos',34,'48173');
INSERT INTO encargado(curpencargado,idsucursal,nombreencargado,paternoencargado,maternoencargado,fechanacimiento,estado,ciudad,colonia,calle,numero,codigopostal) VALUES ('QFOK755259SKHNQT50','S-00009','Melody','Jeanes','Mountstephen','1964-03-11','Chihuahua','Juan Aldama','Juan Aldama','Jose Vasconcelos',34,'48173');
INSERT INTO encargado(curpencargado,idsucursal,nombreencargado,paternoencargado,maternoencargado,fechanacimiento,estado,ciudad,colonia,calle,numero,codigopostal) VALUES ('CTTU637847GGNDMN41','S-00014','Barbi','Bisterfeld','Hinze','1962-10-18','Tamaulipas','Ciudad Rio Bravo','Ciudad Rio Bravo','Xbox',123,'59173');
INSERT INTO encargado(curpencargado,idsucursal,nombreencargado,paternoencargado,maternoencargado,fechanacimiento,estado,ciudad,colonia,calle,numero,codigopostal) VALUES ('LZTZ897331DDNDDV92','S-00009','Wallace','Bartosek','Forder','1997-10-05','Chihuahua','Juan Aldama','Juan Aldama','Jose Vasconcelos',34,'48173');
INSERT INTO encargado(curpencargado,idsucursal,nombreencargado,paternoencargado,maternoencargado,fechanacimiento,estado,ciudad,colonia,calle,numero,codigopostal) VALUES ('IHOT269448DUEVTQ58','S-00012','Reggy','Wathall','Mibourne','1968-10-20','Morelos','Cuernavaca','Cuernavaca','Santo Domingo',7,'07381');
INSERT INTO encargado(curpencargado,idsucursal,nombreencargado,paternoencargado,maternoencargado,fechanacimiento,estado,ciudad,colonia,calle,numero,codigopostal) VALUES ('WRLV227348LKJFMU29','S-00011','Elane','Gutierrez','Salliere','1963-08-25','Coahuila de Zaragoza','Lamadrid','Lamadrid','Ejercito Insurgente',93,'02717');
INSERT INTO encargado(curpencargado,idsucursal,nombreencargado,paternoencargado,maternoencargado,fechanacimiento,estado,ciudad,colonia,calle,numero,codigopostal) VALUES ('YYAM691579SUENRE78','S-00009','Becky','Jefferies','Woolsey','1979-08-31','Chihuahua','Juan Aldama','Juan Aldama','Jose Vasconcelos',34,'48173');
INSERT INTO encargado(curpencargado,idsucursal,nombreencargado,paternoencargado,maternoencargado,fechanacimiento,estado,ciudad,colonia,calle,numero,codigopostal) VALUES ('DCTM206748LNOIII25','S-00007','Pearle','Stopher','Fessler','1977-04-22','Mexico','Naucalpan de Juarez','Naucalpan de Juarez','Villa',8,'92837');
INSERT INTO encargado(curpencargado,idsucursal,nombreencargado,paternoencargado,maternoencargado,fechanacimiento,estado,ciudad,colonia,calle,numero,codigopostal) VALUES ('JXHQ407644LYUCRT03','S-00001','Corabel','Reary','Tombleson','1986-06-01','Distrito Federal','N/A','Churubusco','Rafael Oliva',32,'04120');
INSERT INTO encargado(curpencargado,idsucursal,nombreencargado,paternoencargado,maternoencargado,fechanacimiento,estado,ciudad,colonia,calle,numero,codigopostal) VALUES ('FDFW618374KRUDZV38','S-00004','Ileane','Knowlton','Luney','1992-04-01','Puebla','San Pablo de las Tunas','San Pablo de las Tunas','Santa Tuna',87,'73187');
INSERT INTO encargado(curpencargado,idsucursal,nombreencargado,paternoencargado,maternoencargado,fechanacimiento,estado,ciudad,colonia,calle,numero,codigopostal) VALUES ('DLNR812836HFRFHG34','S-00010','Julieta','Pull','Atton','1989-06-24','Guerrero','Copala','Copala','5 de Mayo',63,'69179');
INSERT INTO encargado(curpencargado,idsucursal,nombreencargado,paternoencargado,maternoencargado,fechanacimiento,estado,ciudad,colonia,calle,numero,codigopostal) VALUES ('CCRA846219SEZTSR49','S-00006','Decca','Somersett','Braiden','1973-01-13','Baja California','Tijuana','Tijuana','Ignacio',52,'49282');
INSERT INTO encargado(curpencargado,idsucursal,nombreencargado,paternoencargado,maternoencargado,fechanacimiento,estado,ciudad,colonia,calle,numero,codigopostal) VALUES ('DTCV347253PAXXIH04','S-00001','Thorpe','Girke','Patrono','1971-05-11','Distrito Federal','N/A','Churubusco','Rafael Oliva',32,'04120');
INSERT INTO encargado(curpencargado,idsucursal,nombreencargado,paternoencargado,maternoencargado,fechanacimiento,estado,ciudad,colonia,calle,numero,codigopostal) VALUES ('BVBG201475IXLGFU10','S-00007','Emmalee','Rabley','Tompkiss','1982-10-04','Mexico','Naucalpan de Juarez','Naucalpan de Juarez','Villa',8,'92837');
INSERT INTO encargado(curpencargado,idsucursal,nombreencargado,paternoencargado,maternoencargado,fechanacimiento,estado,ciudad,colonia,calle,numero,codigopostal) VALUES ('USPQ744141BBBOUD14','S-00011','Hyacintha','Ventham','Boorer','1984-01-07','Coahuila de Zaragoza','Lamadrid','Lamadrid','Ejercito Insurgente',93,'02717');
INSERT INTO encargado(curpencargado,idsucursal,nombreencargado,paternoencargado,maternoencargado,fechanacimiento,estado,ciudad,colonia,calle,numero,codigopostal) VALUES ('JVZA633862ZIGDAQ54','S-00001','Timmy','Etuck','Penticost','1992-09-20','Distrito Federal','N/A','Churubusco','Rafael Oliva',32,'04120');
INSERT INTO encargado(curpencargado,idsucursal,nombreencargado,paternoencargado,maternoencargado,fechanacimiento,estado,ciudad,colonia,calle,numero,codigopostal) VALUES ('EHQC306466WYSQBT60','S-00012','Derward','Pauley','Milne','1967-02-08','Morelos','Cuernavaca','Cuernavaca','Santo Domingo',7,'07381');
INSERT INTO encargado(curpencargado,idsucursal,nombreencargado,paternoencargado,maternoencargado,fechanacimiento,estado,ciudad,colonia,calle,numero,codigopostal) VALUES ('XECO679380ZUVXKX87','S-00004','Matthus','De Winton','Cheale','1969-06-05','Puebla','San Pablo de las Tunas','San Pablo de las Tunas','Santa Tuna',87,'73187');
INSERT INTO encargado(curpencargado,idsucursal,nombreencargado,paternoencargado,maternoencargado,fechanacimiento,estado,ciudad,colonia,calle,numero,codigopostal) VALUES ('DHGY363956PAGGAX47','S-00005','Grange','Finlason','Posselt','1986-11-30','Nuevo Leon','Pesqueria','Pesqueria','Trucha',13,'02741');
INSERT INTO encargado(curpencargado,idsucursal,nombreencargado,paternoencargado,maternoencargado,fechanacimiento,estado,ciudad,colonia,calle,numero,codigopostal) VALUES ('YOOP555309FWLFMQ17','S-00010','Vin','Itzkovici','Buglass','1986-07-21','Guerrero','Copala','Copala','5 de Mayo',63,'69179');
INSERT INTO encargado(curpencargado,idsucursal,nombreencargado,paternoencargado,maternoencargado,fechanacimiento,estado,ciudad,colonia,calle,numero,codigopostal) VALUES ('MLQS366540WFMHTR48','S-00014','Ed','Rainsden','Daftor','1990-07-09','Tamaulipas','Ciudad Rio Bravo','Ciudad Rio Bravo','Xbox',123,'59173');
INSERT INTO encargado(curpencargado,idsucursal,nombreencargado,paternoencargado,maternoencargado,fechanacimiento,estado,ciudad,colonia,calle,numero,codigopostal) VALUES ('GRBZ478843CHYCVW98','S-00009','Skelly','Dessent','Kivits','1958-07-30','Chihuahua','Juan Aldama','Juan Aldama','Jose Vasconcelos',34,'48173');
INSERT INTO encargado(curpencargado,idsucursal,nombreencargado,paternoencargado,maternoencargado,fechanacimiento,estado,ciudad,colonia,calle,numero,codigopostal) VALUES ('VPPF988186HFKGAY94','S-00013','Brynna','Dinwoodie','Wegner','1985-12-13','Campeche','Champoton','Champoton','Shampoo',53,'19183');
INSERT INTO encargado(curpencargado,idsucursal,nombreencargado,paternoencargado,maternoencargado,fechanacimiento,estado,ciudad,colonia,calle,numero,codigopostal) VALUES ('KOEA296834FSPRGO58','S-00010','Robinette','Cornillot','Birks','1979-04-30','Guerrero','Copala','Copala','5 de Mayo',63,'69179');
INSERT INTO encargado(curpencargado,idsucursal,nombreencargado,paternoencargado,maternoencargado,fechanacimiento,estado,ciudad,colonia,calle,numero,codigopostal) VALUES ('UDMW583574KNDRRP71','S-00009','Pen','Snelling','Skidmore','1977-03-06','Chihuahua','Juan Aldama','Juan Aldama','Jose Vasconcelos',34,'48173');
INSERT INTO encargado(curpencargado,idsucursal,nombreencargado,paternoencargado,maternoencargado,fechanacimiento,estado,ciudad,colonia,calle,numero,codigopostal) VALUES ('KGBA400823IVCOAN30','S-00009','Mag','Quarton','Gimeno','1953-02-26','Chihuahua','Juan Aldama','Juan Aldama','Jose Vasconcelos',34,'48173');
INSERT INTO encargado(curpencargado,idsucursal,nombreencargado,paternoencargado,maternoencargado,fechanacimiento,estado,ciudad,colonia,calle,numero,codigopostal) VALUES ('YJUE709539RBGWQN71','S-00012','Tildie','Bonnyson','Bernardinelli','1996-04-07','Morelos','Cuernavaca','Cuernavaca','Santo Domingo',7,'07381');
INSERT INTO encargado(curpencargado,idsucursal,nombreencargado,paternoencargado,maternoencargado,fechanacimiento,estado,ciudad,colonia,calle,numero,codigopostal) VALUES ('CWAQ312105ICZSWB36','S-00010','Harald','Tiptaft','Grimmolby','1976-12-11','Guerrero','Copala','Copala','5 de Mayo',63,'69179');
INSERT INTO encargado(curpencargado,idsucursal,nombreencargado,paternoencargado,maternoencargado,fechanacimiento,estado,ciudad,colonia,calle,numero,codigopostal) VALUES ('QGXF225443KCWQMQ12','S-00013','Viole','Naisey','Edwicke','1995-07-29','Campeche','Champoton','Champoton','Shampoo',53,'19183');
INSERT INTO encargado(curpencargado,idsucursal,nombreencargado,paternoencargado,maternoencargado,fechanacimiento,estado,ciudad,colonia,calle,numero,codigopostal) VALUES ('TRHY988344VPCRTO79','S-00015','Torrey','Dalliston','Fransemai','1961-09-24','Hidalgo','Pachuca de Soto','Pachuca de Soto','Queso Cubano',19,'21912');
INSERT INTO encargado(curpencargado,idsucursal,nombreencargado,paternoencargado,maternoencargado,fechanacimiento,estado,ciudad,colonia,calle,numero,codigopostal) VALUES ('WATC679231OKSHQB59','S-00003','Emlynn','Kowalski','Deppen','1997-03-26','Queretaro','Peñamiller','Peñamiller','Zapata',10,'83963');
INSERT INTO encargado(curpencargado,idsucursal,nombreencargado,paternoencargado,maternoencargado,fechanacimiento,estado,ciudad,colonia,calle,numero,codigopostal) VALUES ('COPI350225TKYGFZ11','S-00010','Isabeau','Linbohm','Hinzer','1995-08-04','Guerrero','Copala','Copala','5 de Mayo',63,'69179');
INSERT INTO encargado(curpencargado,idsucursal,nombreencargado,paternoencargado,maternoencargado,fechanacimiento,estado,ciudad,colonia,calle,numero,codigopostal) VALUES ('NQMF828383NYXGXJ54','S-00006','Maribelle','Comer','Myrtle','1963-10-25','Baja California','Tijuana','Tijuana','Ignacio',52,'49282');
INSERT INTO encargado(curpencargado,idsucursal,nombreencargado,paternoencargado,maternoencargado,fechanacimiento,estado,ciudad,colonia,calle,numero,codigopostal) VALUES ('LELR540366ADLCRR25','S-00008','Geoffry','Elce','Webley','1962-07-09','Oaxaca','El Espinal','El Espinal','Iturbide',48,'49617');
INSERT INTO encargado(curpencargado,idsucursal,nombreencargado,paternoencargado,maternoencargado,fechanacimiento,estado,ciudad,colonia,calle,numero,codigopostal) VALUES ('LUUB381800HEJCKM76','S-00014','Kevon','Staneland','Kinworthy','1991-06-05','Tamaulipas','Ciudad Rio Bravo','Ciudad Rio Bravo','Xbox',123,'59173');
INSERT INTO encargado(curpencargado,idsucursal,nombreencargado,paternoencargado,maternoencargado,fechanacimiento,estado,ciudad,colonia,calle,numero,codigopostal) VALUES ('XIVO800404IKTFIT78','S-00010','Ardelia','Lipmann','Choffin','1975-07-06','Guerrero','Copala','Copala','5 de Mayo',63,'69179');
INSERT INTO encargado(curpencargado,idsucursal,nombreencargado,paternoencargado,maternoencargado,fechanacimiento,estado,ciudad,colonia,calle,numero,codigopostal) VALUES ('LVMS031817TQKJHO24','S-00001','Barr','Barnes','Alster','1971-07-18','Distrito Federal','N/A','Churubusco','Rafael Oliva',32,'04120');
INSERT INTO encargado(curpencargado,idsucursal,nombreencargado,paternoencargado,maternoencargado,fechanacimiento,estado,ciudad,colonia,calle,numero,codigopostal) VALUES ('KAZO050968WZKZKX08','S-00010','Abbot','Grabeham','Ramsby','1960-08-01','Guerrero','Copala','Copala','5 de Mayo',63,'69179');
INSERT INTO encargado(curpencargado,idsucursal,nombreencargado,paternoencargado,maternoencargado,fechanacimiento,estado,ciudad,colonia,calle,numero,codigopostal) VALUES ('UVJW479416HJCJZL98','S-00005','Brian','Kuhlmey','Glavias','1985-08-11','Nuevo Leon','Pesqueria','Pesqueria','Trucha',13,'02741');
INSERT INTO encargado(curpencargado,idsucursal,nombreencargado,paternoencargado,maternoencargado,fechanacimiento,estado,ciudad,colonia,calle,numero,codigopostal) VALUES ('IXNU586768QPYTZU92','S-00003','Forrest','Kitcherside','Lippett','1979-11-16','Queretaro','Peñamiller','Peñamiller','Zapata',10,'83963');
INSERT INTO encargado(curpencargado,idsucursal,nombreencargado,paternoencargado,maternoencargado,fechanacimiento,estado,ciudad,colonia,calle,numero,codigopostal) VALUES ('GOUR780705BIQIRB39','S-00011','Dew','Siemens','Debnam','1980-06-28','Coahuila de Zaragoza','Lamadrid','Lamadrid','Ejercito Insurgente',93,'02717');
INSERT INTO encargado(curpencargado,idsucursal,nombreencargado,paternoencargado,maternoencargado,fechanacimiento,estado,ciudad,colonia,calle,numero,codigopostal) VALUES ('MMHK919293BBCAEP64','S-00007','Raymund','McFeate','Gasnoll','1981-10-26','Mexico','Naucalpan de Juarez','Naucalpan de Juarez','Villa',8,'92837');
INSERT INTO encargado(curpencargado,idsucursal,nombreencargado,paternoencargado,maternoencargado,fechanacimiento,estado,ciudad,colonia,calle,numero,codigopostal) VALUES ('VRHY098233UEVNAL34','S-00014','Pierette','Tongue','Kennea','1960-12-18','Tamaulipas','Ciudad Rio Bravo','Ciudad Rio Bravo','Xbox',123,'59173');
INSERT INTO encargado(curpencargado,idsucursal,nombreencargado,paternoencargado,maternoencargado,fechanacimiento,estado,ciudad,colonia,calle,numero,codigopostal) VALUES ('UIYN950628HFSGYD62','S-00012','Nessa','Stair','Oakman','1977-11-14','Morelos','Cuernavaca','Cuernavaca','Santo Domingo',7,'07381');
INSERT INTO encargado(curpencargado,idsucursal,nombreencargado,paternoencargado,maternoencargado,fechanacimiento,estado,ciudad,colonia,calle,numero,codigopostal) VALUES ('ZGRB802700EYKCTI85','S-00014','Katina','McGuire','Lyard','1999-03-01','Tamaulipas','Ciudad Rio Bravo','Ciudad Rio Bravo','Xbox',123,'59173');
INSERT INTO encargado(curpencargado,idsucursal,nombreencargado,paternoencargado,maternoencargado,fechanacimiento,estado,ciudad,colonia,calle,numero,codigopostal) VALUES ('MXWL705354DLWIPI48','S-00015','Ephraim','Harradine','Pitcher','1981-08-29','Hidalgo','Pachuca de Soto','Pachuca de Soto','Queso Cubano',19,'21912');
INSERT INTO encargado(curpencargado,idsucursal,nombreencargado,paternoencargado,maternoencargado,fechanacimiento,estado,ciudad,colonia,calle,numero,codigopostal) VALUES ('IYMB611746XHZVLO28','S-00002','Jeremias','Elgee','Kordova','1972-02-21','Aguascalientes','Palo Alto','Palo Alto','Aguasfrias',49,'94040');
INSERT INTO encargado(curpencargado,idsucursal,nombreencargado,paternoencargado,maternoencargado,fechanacimiento,estado,ciudad,colonia,calle,numero,codigopostal) VALUES ('GGQA085829BUMKTL98','S-00002','Fulton','Voss','McKernan','2002-01-12','Aguascalientes','Palo Alto','Palo Alto','Aguasfrias',49,'94040');
INSERT INTO encargado(curpencargado,idsucursal,nombreencargado,paternoencargado,maternoencargado,fechanacimiento,estado,ciudad,colonia,calle,numero,codigopostal) VALUES ('CNXT842107YSVVSS75','S-00006','Linet','Alderwick','Pinckard','2000-12-15','Baja California','Tijuana','Tijuana','Ignacio',52,'49282');
INSERT INTO encargado(curpencargado,idsucursal,nombreencargado,paternoencargado,maternoencargado,fechanacimiento,estado,ciudad,colonia,calle,numero,codigopostal) VALUES ('KXFH571954ZIXRTO77','S-00008','Tabbie','Moubray','Mounch','2002-09-15','Oaxaca','El Espinal','El Espinal','Iturbide',48,'49617');
INSERT INTO encargado(curpencargado,idsucursal,nombreencargado,paternoencargado,maternoencargado,fechanacimiento,estado,ciudad,colonia,calle,numero,codigopostal) VALUES ('COHT288400XPNOYK00','S-00013','Josi','Mellhuish','Hirthe','1957-07-06','Campeche','Champoton','Champoton','Shampoo',53,'19183');
INSERT INTO encargado(curpencargado,idsucursal,nombreencargado,paternoencargado,maternoencargado,fechanacimiento,estado,ciudad,colonia,calle,numero,codigopostal) VALUES ('HNBH781560FEYLLX97','S-00002','Mortimer','Emanulsson','Schimke','2002-08-29','Aguascalientes','Palo Alto','Palo Alto','Aguasfrias',49,'94040');
INSERT INTO encargado(curpencargado,idsucursal,nombreencargado,paternoencargado,maternoencargado,fechanacimiento,estado,ciudad,colonia,calle,numero,codigopostal) VALUES ('JNZC073164URNVFE26','S-00004','Davidson','Hymor','Pettigrew','1959-08-21','Puebla','San Pablo de las Tunas','San Pablo de las Tunas','Santa Tuna',87,'73187');
INSERT INTO encargado(curpencargado,idsucursal,nombreencargado,paternoencargado,maternoencargado,fechanacimiento,estado,ciudad,colonia,calle,numero,codigopostal) VALUES ('NONQ833080XRDYRE87','S-00005','Marijn','Atwel','Palffy','1976-05-17','Nuevo Leon','Pesqueria','Pesqueria','Trucha',13,'02741');
INSERT INTO encargado(curpencargado,idsucursal,nombreencargado,paternoencargado,maternoencargado,fechanacimiento,estado,ciudad,colonia,calle,numero,codigopostal) VALUES ('FNSN122689TLDMTW16','S-00008','Sherwood','Prazer','Darker','1984-12-29','Oaxaca','El Espinal','El Espinal','Iturbide',48,'49617');
INSERT INTO encargado(curpencargado,idsucursal,nombreencargado,paternoencargado,maternoencargado,fechanacimiento,estado,ciudad,colonia,calle,numero,codigopostal) VALUES ('RLCD037572ZQZDAU78','S-00006','Ilario','Matschuk','Breckin','1970-02-25','Baja California','Tijuana','Tijuana','Ignacio',52,'49282');
INSERT INTO encargado(curpencargado,idsucursal,nombreencargado,paternoencargado,maternoencargado,fechanacimiento,estado,ciudad,colonia,calle,numero,codigopostal) VALUES ('WZDZ307738PLPKCO47','S-00004','Ardelle','Solano','Wrotham','1993-11-15','Puebla','San Pablo de las Tunas','San Pablo de las Tunas','Santa Tuna',87,'73187');
INSERT INTO encargado(curpencargado,idsucursal,nombreencargado,paternoencargado,maternoencargado,fechanacimiento,estado,ciudad,colonia,calle,numero,codigopostal) VALUES ('VYBA330011RNIDOD15','S-00006','Cordie','Ianitti','Rain','1964-05-12','Baja California','Tijuana','Tijuana','Ignacio',52,'49282');
INSERT INTO encargado(curpencargado,idsucursal,nombreencargado,paternoencargado,maternoencargado,fechanacimiento,estado,ciudad,colonia,calle,numero,codigopostal) VALUES ('CFBY404423NZVOQH17','S-00012','Rosie','Gilgryst','Agiolfinger','2001-12-20','Morelos','Cuernavaca','Cuernavaca','Santo Domingo',7,'07381');
INSERT INTO encargado(curpencargado,idsucursal,nombreencargado,paternoencargado,maternoencargado,fechanacimiento,estado,ciudad,colonia,calle,numero,codigopostal) VALUES ('DVVT228730KTAGOQ12','S-00011','Isabel','Wolstenholme','Rambadt','1965-02-01','Coahuila de Zaragoza','Lamadrid','Lamadrid','Ejercito Insurgente',93,'02717');
INSERT INTO encargado(curpencargado,idsucursal,nombreencargado,paternoencargado,maternoencargado,fechanacimiento,estado,ciudad,colonia,calle,numero,codigopostal) VALUES ('UHOU082175QWQJUA49','S-00006','Erek','Consadine','Rennels','1958-04-01','Baja California','Tijuana','Tijuana','Ignacio',52,'49282');
INSERT INTO encargado(curpencargado,idsucursal,nombreencargado,paternoencargado,maternoencargado,fechanacimiento,estado,ciudad,colonia,calle,numero,codigopostal) VALUES ('PTEI073279QIBFKC68','S-00010','Emmanuel','Savill','Roan','2000-09-11','Guerrero','Copala','Copala','5 de Mayo',63,'69179');
INSERT INTO encargado(curpencargado,idsucursal,nombreencargado,paternoencargado,maternoencargado,fechanacimiento,estado,ciudad,colonia,calle,numero,codigopostal) VALUES ('JGXM988865LPAXGO70','S-00003','Ileana','Jankovsky','Corkitt','1993-12-19','Queretaro','Peñamiller','Peñamiller','Zapata',10,'83963');
INSERT INTO encargado(curpencargado,idsucursal,nombreencargado,paternoencargado,maternoencargado,fechanacimiento,estado,ciudad,colonia,calle,numero,codigopostal) VALUES ('BTBX928433XAJFDC05','S-00011','Alexis','Whitaker','Girvan','1957-02-12','Coahuila de Zaragoza','Lamadrid','Lamadrid','Ejercito Insurgente',93,'02717');
INSERT INTO encargado(curpencargado,idsucursal,nombreencargado,paternoencargado,maternoencargado,fechanacimiento,estado,ciudad,colonia,calle,numero,codigopostal) VALUES ('WMVE776309TCRTHN54','S-00004','Stanley','Columbell','Faivre','1995-10-31','Puebla','San Pablo de las Tunas','San Pablo de las Tunas','Santa Tuna',87,'73187');
INSERT INTO encargado(curpencargado,idsucursal,nombreencargado,paternoencargado,maternoencargado,fechanacimiento,estado,ciudad,colonia,calle,numero,codigopostal) VALUES ('BVOV251685SAILYB07','S-00009','Delores','Bane','Oneal','1987-08-11','Chihuahua','Juan Aldama','Juan Aldama','Jose Vasconcelos',34,'48173');
INSERT INTO encargado(curpencargado,idsucursal,nombreencargado,paternoencargado,maternoencargado,fechanacimiento,estado,ciudad,colonia,calle,numero,codigopostal) VALUES ('KJXT842110DQMYUJ71','S-00003','Dew','O''Kynsillaghe','Dassindale','1994-11-07','Queretaro','Peñamiller','Peñamiller','Zapata',10,'83963');
INSERT INTO encargado(curpencargado,idsucursal,nombreencargado,paternoencargado,maternoencargado,fechanacimiento,estado,ciudad,colonia,calle,numero,codigopostal) VALUES ('SKHR940343EGWGHT42','S-00005','Elsa','Anger','Greenan','2001-08-17','Nuevo Leon','Pesqueria','Pesqueria','Trucha',13,'02741');
INSERT INTO encargado(curpencargado,idsucursal,nombreencargado,paternoencargado,maternoencargado,fechanacimiento,estado,ciudad,colonia,calle,numero,codigopostal) VALUES ('JPHW559144GHRUHP11','S-00013','Dave','Peete','Flucker','1954-03-28','Campeche','Champoton','Champoton','Shampoo',53,'19183');

INSERT INTO telefonoencargado(curpencargado,telefono) VALUES ('UBMO864289LLQGRL76','7621738472');
INSERT INTO telefonoencargado(curpencargado,telefono) VALUES ('SRXD229041CTLODM27','0180200773');
INSERT INTO telefonoencargado(curpencargado,telefono) VALUES ('TSUK736919JFEMMD47','4088898893');
INSERT INTO telefonoencargado(curpencargado,telefono) VALUES ('BYAX872760XUSNWR71','8315585768');
INSERT INTO telefonoencargado(curpencargado,telefono) VALUES ('DEYH171989ITLPAJ17','4362162461');
INSERT INTO telefonoencargado(curpencargado,telefono) VALUES ('KTDE939778KLVRAR72','2852230249');
INSERT INTO telefonoencargado(curpencargado,telefono) VALUES ('QSPT143779ELFFQI50','0680486689');
INSERT INTO telefonoencargado(curpencargado,telefono) VALUES ('ZCOD299438KBTDZL45','8396538179');
INSERT INTO telefonoencargado(curpencargado,telefono) VALUES ('APCR764693EUCPEK90','3888794805');
INSERT INTO telefonoencargado(curpencargado,telefono) VALUES ('MYND813087GULHSB70','9106718675');
INSERT INTO telefonoencargado(curpencargado,telefono) VALUES ('ZHMK138471ZVODKZ00','0070149268');
INSERT INTO telefonoencargado(curpencargado,telefono) VALUES ('VKQQ474818YHRTGX00','8938047568');
INSERT INTO telefonoencargado(curpencargado,telefono) VALUES ('LVBY304481FHEDAM85','1521649924');
INSERT INTO telefonoencargado(curpencargado,telefono) VALUES ('SDFB520432IQTZFF70','7926967318');
INSERT INTO telefonoencargado(curpencargado,telefono) VALUES ('BIPT021424WXFWZM12','7665547411');
INSERT INTO telefonoencargado(curpencargado,telefono) VALUES ('UHFA403596OZDZFC84','4839752139');
INSERT INTO telefonoencargado(curpencargado,telefono) VALUES ('DVUL354869SDNWHF70','4673348030');
INSERT INTO telefonoencargado(curpencargado,telefono) VALUES ('ALOS550721JFHIHT15','1119241360');
INSERT INTO telefonoencargado(curpencargado,telefono) VALUES ('WMPU213166XUGQGJ58','3466767448');
INSERT INTO telefonoencargado(curpencargado,telefono) VALUES ('UECW785254THJPXV51','9952695096');
INSERT INTO telefonoencargado(curpencargado,telefono) VALUES ('XGQU342003BROYQI35','4730052450');
INSERT INTO telefonoencargado(curpencargado,telefono) VALUES ('OZDD196017ZODRQU88','0845200255');
INSERT INTO telefonoencargado(curpencargado,telefono) VALUES ('KBLB060072XLTOFH14','4842777081');
INSERT INTO telefonoencargado(curpencargado,telefono) VALUES ('EBWY627303MRTXYL25','4819358912');
INSERT INTO telefonoencargado(curpencargado,telefono) VALUES ('BGUZ363257EEPHIV91','9745176636');
INSERT INTO telefonoencargado(curpencargado,telefono) VALUES ('UVVK319775EOQGHG29','2476698660');
INSERT INTO telefonoencargado(curpencargado,telefono) VALUES ('DKAW398940UIWLMQ43','8960743717');
INSERT INTO telefonoencargado(curpencargado,telefono) VALUES ('CFNV881567DYUYZT07','2946818940');
INSERT INTO telefonoencargado(curpencargado,telefono) VALUES ('DCAK550121IPSMYL85','8862912282');
INSERT INTO telefonoencargado(curpencargado,telefono) VALUES ('YOEL180446ZZTIJA72','9875817664');
INSERT INTO telefonoencargado(curpencargado,telefono) VALUES ('NZNW502617EIUKCK42','3760574218');
INSERT INTO telefonoencargado(curpencargado,telefono) VALUES ('PVBL915800IFYWCR64','0957953720');
INSERT INTO telefonoencargado(curpencargado,telefono) VALUES ('QFOK755259SKHNQT50','9053550192');
INSERT INTO telefonoencargado(curpencargado,telefono) VALUES ('CTTU637847GGNDMN41','4822769566');
INSERT INTO telefonoencargado(curpencargado,telefono) VALUES ('LZTZ897331DDNDDV92','0908864241');
INSERT INTO telefonoencargado(curpencargado,telefono) VALUES ('IHOT269448DUEVTQ58','5195276066');
INSERT INTO telefonoencargado(curpencargado,telefono) VALUES ('WRLV227348LKJFMU29','3167981861');
INSERT INTO telefonoencargado(curpencargado,telefono) VALUES ('YYAM691579SUENRE78','5899399634');
INSERT INTO telefonoencargado(curpencargado,telefono) VALUES ('DCTM206748LNOIII25','8418842600');
INSERT INTO telefonoencargado(curpencargado,telefono) VALUES ('JXHQ407644LYUCRT03','8981349032');
INSERT INTO telefonoencargado(curpencargado,telefono) VALUES ('FDFW618374KRUDZV38','0992723658');
INSERT INTO telefonoencargado(curpencargado,telefono) VALUES ('DLNR812836HFRFHG34','1762196878');
INSERT INTO telefonoencargado(curpencargado,telefono) VALUES ('CCRA846219SEZTSR49','5610651613');
INSERT INTO telefonoencargado(curpencargado,telefono) VALUES ('DTCV347253PAXXIH04','3286872857');
INSERT INTO telefonoencargado(curpencargado,telefono) VALUES ('BVBG201475IXLGFU10','8767910012');
INSERT INTO telefonoencargado(curpencargado,telefono) VALUES ('USPQ744141BBBOUD14','2327983045');
INSERT INTO telefonoencargado(curpencargado,telefono) VALUES ('JVZA633862ZIGDAQ54','3847175426');
INSERT INTO telefonoencargado(curpencargado,telefono) VALUES ('EHQC306466WYSQBT60','4060588883');
INSERT INTO telefonoencargado(curpencargado,telefono) VALUES ('XECO679380ZUVXKX87','7192533128');
INSERT INTO telefonoencargado(curpencargado,telefono) VALUES ('DHGY363956PAGGAX47','1794510287');
INSERT INTO telefonoencargado(curpencargado,telefono) VALUES ('YOOP555309FWLFMQ17','1318150461');
INSERT INTO telefonoencargado(curpencargado,telefono) VALUES ('MLQS366540WFMHTR48','3146935910');
INSERT INTO telefonoencargado(curpencargado,telefono) VALUES ('GRBZ478843CHYCVW98','6467701290');
INSERT INTO telefonoencargado(curpencargado,telefono) VALUES ('VPPF988186HFKGAY94','3678359456');
INSERT INTO telefonoencargado(curpencargado,telefono) VALUES ('KOEA296834FSPRGO58','1912546951');
INSERT INTO telefonoencargado(curpencargado,telefono) VALUES ('UDMW583574KNDRRP71','5170708238');
INSERT INTO telefonoencargado(curpencargado,telefono) VALUES ('KGBA400823IVCOAN30','6042776220');
INSERT INTO telefonoencargado(curpencargado,telefono) VALUES ('YJUE709539RBGWQN71','6662283466');
INSERT INTO telefonoencargado(curpencargado,telefono) VALUES ('CWAQ312105ICZSWB36','5849226846');
INSERT INTO telefonoencargado(curpencargado,telefono) VALUES ('QGXF225443KCWQMQ12','1007289655');
INSERT INTO telefonoencargado(curpencargado,telefono) VALUES ('TRHY988344VPCRTO79','9090318156');
INSERT INTO telefonoencargado(curpencargado,telefono) VALUES ('WATC679231OKSHQB59','5477205452');
INSERT INTO telefonoencargado(curpencargado,telefono) VALUES ('COPI350225TKYGFZ11','2994669913');
INSERT INTO telefonoencargado(curpencargado,telefono) VALUES ('NQMF828383NYXGXJ54','0939065398');
INSERT INTO telefonoencargado(curpencargado,telefono) VALUES ('LELR540366ADLCRR25','8289354651');
INSERT INTO telefonoencargado(curpencargado,telefono) VALUES ('LUUB381800HEJCKM76','5439138244');
INSERT INTO telefonoencargado(curpencargado,telefono) VALUES ('XIVO800404IKTFIT78','7947971734');
INSERT INTO telefonoencargado(curpencargado,telefono) VALUES ('LVMS031817TQKJHO24','4584545078');
INSERT INTO telefonoencargado(curpencargado,telefono) VALUES ('KAZO050968WZKZKX08','3252703545');
INSERT INTO telefonoencargado(curpencargado,telefono) VALUES ('UVJW479416HJCJZL98','0094683880');
INSERT INTO telefonoencargado(curpencargado,telefono) VALUES ('IXNU586768QPYTZU92','0147415314');
INSERT INTO telefonoencargado(curpencargado,telefono) VALUES ('GOUR780705BIQIRB39','3658762627');
INSERT INTO telefonoencargado(curpencargado,telefono) VALUES ('MMHK919293BBCAEP64','2844761057');
INSERT INTO telefonoencargado(curpencargado,telefono) VALUES ('VRHY098233UEVNAL34','4417958209');
INSERT INTO telefonoencargado(curpencargado,telefono) VALUES ('UIYN950628HFSGYD62','3640272436');
INSERT INTO telefonoencargado(curpencargado,telefono) VALUES ('ZGRB802700EYKCTI85','7457133172');
INSERT INTO telefonoencargado(curpencargado,telefono) VALUES ('MXWL705354DLWIPI48','2688362988');
INSERT INTO telefonoencargado(curpencargado,telefono) VALUES ('IYMB611746XHZVLO28','5807059345');
INSERT INTO telefonoencargado(curpencargado,telefono) VALUES ('GGQA085829BUMKTL98','2867567087');
INSERT INTO telefonoencargado(curpencargado,telefono) VALUES ('CNXT842107YSVVSS75','1747269748');
INSERT INTO telefonoencargado(curpencargado,telefono) VALUES ('KXFH571954ZIXRTO77','3814275086');
INSERT INTO telefonoencargado(curpencargado,telefono) VALUES ('COHT288400XPNOYK00','7939679725');
INSERT INTO telefonoencargado(curpencargado,telefono) VALUES ('HNBH781560FEYLLX97','9542923228');
INSERT INTO telefonoencargado(curpencargado,telefono) VALUES ('JNZC073164URNVFE26','1423419411');
INSERT INTO telefonoencargado(curpencargado,telefono) VALUES ('NONQ833080XRDYRE87','5409676507');
INSERT INTO telefonoencargado(curpencargado,telefono) VALUES ('FNSN122689TLDMTW16','2561908694');
INSERT INTO telefonoencargado(curpencargado,telefono) VALUES ('RLCD037572ZQZDAU78','7443001893');
INSERT INTO telefonoencargado(curpencargado,telefono) VALUES ('WZDZ307738PLPKCO47','9880088759');
INSERT INTO telefonoencargado(curpencargado,telefono) VALUES ('VYBA330011RNIDOD15','0275977021');
INSERT INTO telefonoencargado(curpencargado,telefono) VALUES ('CFBY404423NZVOQH17','3843365273');
INSERT INTO telefonoencargado(curpencargado,telefono) VALUES ('DVVT228730KTAGOQ12','3268417839');
INSERT INTO telefonoencargado(curpencargado,telefono) VALUES ('UHOU082175QWQJUA49','3156268834');
INSERT INTO telefonoencargado(curpencargado,telefono) VALUES ('PTEI073279QIBFKC68','6268718763');
INSERT INTO telefonoencargado(curpencargado,telefono) VALUES ('JGXM988865LPAXGO70','5375632365');
INSERT INTO telefonoencargado(curpencargado,telefono) VALUES ('BTBX928433XAJFDC05','8222256708');
INSERT INTO telefonoencargado(curpencargado,telefono) VALUES ('WMVE776309TCRTHN54','1691037612');
INSERT INTO telefonoencargado(curpencargado,telefono) VALUES ('BVOV251685SAILYB07','5326484371');
INSERT INTO telefonoencargado(curpencargado,telefono) VALUES ('KJXT842110DQMYUJ71','8538213286');
INSERT INTO telefonoencargado(curpencargado,telefono) VALUES ('SKHR940343EGWGHT42','8284043658');
INSERT INTO telefonoencargado(curpencargado,telefono) VALUES ('JPHW559144GHRUHP11','8090595814');

INSERT INTO correoencargado(curpencargado,correo) VALUES ('UBMO864289LLQGRL76','rferrierio0@wired.com');
INSERT INTO correoencargado(curpencargado,correo) VALUES ('SRXD229041CTLODM27','cjurkiewicz1@va.gov');
INSERT INTO correoencargado(curpencargado,correo) VALUES ('TSUK736919JFEMMD47','hmcvrone2@amazon.de');
INSERT INTO correoencargado(curpencargado,correo) VALUES ('BYAX872760XUSNWR71','jferrucci3@bing.com');
INSERT INTO correoencargado(curpencargado,correo) VALUES ('DEYH171989ITLPAJ17','choofe4@fema.gov');
INSERT INTO correoencargado(curpencargado,correo) VALUES ('KTDE939778KLVRAR72','arubica5@dion.ne.jp');
INSERT INTO correoencargado(curpencargado,correo) VALUES ('QSPT143779ELFFQI50','tseppey6@com.com');
INSERT INTO correoencargado(curpencargado,correo) VALUES ('ZCOD299438KBTDZL45','eollarenshaw7@google.co.jp');
INSERT INTO correoencargado(curpencargado,correo) VALUES ('APCR764693EUCPEK90','rsiegertsz8@dailymail.co.uk');
INSERT INTO correoencargado(curpencargado,correo) VALUES ('MYND813087GULHSB70','hdrinkall9@prlog.org');
INSERT INTO correoencargado(curpencargado,correo) VALUES ('ZHMK138471ZVODKZ00','slaidlawa@intel.com');
INSERT INTO correoencargado(curpencargado,correo) VALUES ('VKQQ474818YHRTGX00','sgofforthb@rediff.com');
INSERT INTO correoencargado(curpencargado,correo) VALUES ('LVBY304481FHEDAM85','sgrichukhinc@flickr.com');
INSERT INTO correoencargado(curpencargado,correo) VALUES ('SDFB520432IQTZFF70','gfyldesd@t-online.de');
INSERT INTO correoencargado(curpencargado,correo) VALUES ('BIPT021424WXFWZM12','mhastwelle@washington.edu');
INSERT INTO correoencargado(curpencargado,correo) VALUES ('UHFA403596OZDZFC84','mswedef@ow.ly');
INSERT INTO correoencargado(curpencargado,correo) VALUES ('DVUL354869SDNWHF70','aashbeyg@tinypic.com');
INSERT INTO correoencargado(curpencargado,correo) VALUES ('ALOS550721JFHIHT15','mstearneh@gnu.org');
INSERT INTO correoencargado(curpencargado,correo) VALUES ('WMPU213166XUGQGJ58','lperezi@mapy.cz');
INSERT INTO correoencargado(curpencargado,correo) VALUES ('UECW785254THJPXV51','nlepickj@indiatimes.com');
INSERT INTO correoencargado(curpencargado,correo) VALUES ('XGQU342003BROYQI35','echidzoyk@mlb.com');
INSERT INTO correoencargado(curpencargado,correo) VALUES ('OZDD196017ZODRQU88','ocordeletl@comcast.net');
INSERT INTO correoencargado(curpencargado,correo) VALUES ('KBLB060072XLTOFH14','lhehnkem@mac.com');
INSERT INTO correoencargado(curpencargado,correo) VALUES ('EBWY627303MRTXYL25','lbiddlecomben@people.com.cn');
INSERT INTO correoencargado(curpencargado,correo) VALUES ('BGUZ363257EEPHIV91','bkarppio@artisteer.com');
INSERT INTO correoencargado(curpencargado,correo) VALUES ('UVVK319775EOQGHG29','icratesp@cyberchimps.com');
INSERT INTO correoencargado(curpencargado,correo) VALUES ('DKAW398940UIWLMQ43','gmasicq@fastcompany.com');
INSERT INTO correoencargado(curpencargado,correo) VALUES ('CFNV881567DYUYZT07','mgiacobbor@cnet.com');
INSERT INTO correoencargado(curpencargado,correo) VALUES ('DCAK550121IPSMYL85','lsaulters@devhub.com');
INSERT INTO correoencargado(curpencargado,correo) VALUES ('YOEL180446ZZTIJA72','rreubelt@theglobeandmail.com');
INSERT INTO correoencargado(curpencargado,correo) VALUES ('NZNW502617EIUKCK42','rmarietteu@state.tx.us');
INSERT INTO correoencargado(curpencargado,correo) VALUES ('PVBL915800IFYWCR64','naleksahkinv@nih.gov');
INSERT INTO correoencargado(curpencargado,correo) VALUES ('QFOK755259SKHNQT50','mscriverw@answers.com');
INSERT INTO correoencargado(curpencargado,correo) VALUES ('CTTU637847GGNDMN41','ewardx@so-net.ne.jp');
INSERT INTO correoencargado(curpencargado,correo) VALUES ('LZTZ897331DDNDDV92','tlearoydey@umich.edu');
INSERT INTO correoencargado(curpencargado,correo) VALUES ('IHOT269448DUEVTQ58','gcopynz@kickstarter.com');
INSERT INTO correoencargado(curpencargado,correo) VALUES ('WRLV227348LKJFMU29','apaoloni10@shareasale.com');
INSERT INTO correoencargado(curpencargado,correo) VALUES ('YYAM691579SUENRE78','aorowane11@foxnews.com');
INSERT INTO correoencargado(curpencargado,correo) VALUES ('DCTM206748LNOIII25','lroseborough12@desdev.cn');
INSERT INTO correoencargado(curpencargado,correo) VALUES ('JXHQ407644LYUCRT03','landreoletti13@samsung.com');
INSERT INTO correoencargado(curpencargado,correo) VALUES ('FDFW618374KRUDZV38','vtillard14@chronoengine.com');
INSERT INTO correoencargado(curpencargado,correo) VALUES ('DLNR812836HFRFHG34','klidden15@ox.ac.uk');
INSERT INTO correoencargado(curpencargado,correo) VALUES ('CCRA846219SEZTSR49','mvandenvelden16@1688.com');
INSERT INTO correoencargado(curpencargado,correo) VALUES ('DTCV347253PAXXIH04','pbabcock17@wunderground.com');
INSERT INTO correoencargado(curpencargado,correo) VALUES ('BVBG201475IXLGFU10','espivey18@uol.com.br');
INSERT INTO correoencargado(curpencargado,correo) VALUES ('USPQ744141BBBOUD14','cwohlers19@msu.edu');
INSERT INTO correoencargado(curpencargado,correo) VALUES ('JVZA633862ZIGDAQ54','stharme1a@soundcloud.com');
INSERT INTO correoencargado(curpencargado,correo) VALUES ('EHQC306466WYSQBT60','iblazi1b@statcounter.com');
INSERT INTO correoencargado(curpencargado,correo) VALUES ('XECO679380ZUVXKX87','bjestico1c@drupal.org');
INSERT INTO correoencargado(curpencargado,correo) VALUES ('DHGY363956PAGGAX47','ntoupe1d@g.co');
INSERT INTO correoencargado(curpencargado,correo) VALUES ('YOOP555309FWLFMQ17','lmalins1e@sourceforge.net');
INSERT INTO correoencargado(curpencargado,correo) VALUES ('MLQS366540WFMHTR48','ayounglove1f@vk.com');
INSERT INTO correoencargado(curpencargado,correo) VALUES ('GRBZ478843CHYCVW98','bhaster1g@hud.gov');
INSERT INTO correoencargado(curpencargado,correo) VALUES ('VPPF988186HFKGAY94','hllewellin1h@accuweather.com');
INSERT INTO correoencargado(curpencargado,correo) VALUES ('KOEA296834FSPRGO58','mferron1i@vimeo.com');
INSERT INTO correoencargado(curpencargado,correo) VALUES ('UDMW583574KNDRRP71','qbenedikt1j@bbc.co.uk');
INSERT INTO correoencargado(curpencargado,correo) VALUES ('KGBA400823IVCOAN30','adeluca1k@washington.edu');
INSERT INTO correoencargado(curpencargado,correo) VALUES ('YJUE709539RBGWQN71','bspeck1l@nih.gov');
INSERT INTO correoencargado(curpencargado,correo) VALUES ('CWAQ312105ICZSWB36','trase1m@sphinn.com');
INSERT INTO correoencargado(curpencargado,correo) VALUES ('QGXF225443KCWQMQ12','uleonards1n@chicagotribune.com');
INSERT INTO correoencargado(curpencargado,correo) VALUES ('TRHY988344VPCRTO79','akingcott1o@unicef.org');
INSERT INTO correoencargado(curpencargado,correo) VALUES ('WATC679231OKSHQB59','aduferie1p@tumblr.com');
INSERT INTO correoencargado(curpencargado,correo) VALUES ('COPI350225TKYGFZ11','baxtell1q@pagesperso-orange.fr');
INSERT INTO correoencargado(curpencargado,correo) VALUES ('NQMF828383NYXGXJ54','hironside1r@topsy.com');
INSERT INTO correoencargado(curpencargado,correo) VALUES ('LELR540366ADLCRR25','dvardie1s@yahoo.co.jp');
INSERT INTO correoencargado(curpencargado,correo) VALUES ('LUUB381800HEJCKM76','cbrigstock1t@sourceforge.net');
INSERT INTO correoencargado(curpencargado,correo) VALUES ('XIVO800404IKTFIT78','cvlasyev1u@globo.com');
INSERT INTO correoencargado(curpencargado,correo) VALUES ('LVMS031817TQKJHO24','cbywater1v@mapy.cz');
INSERT INTO correoencargado(curpencargado,correo) VALUES ('KAZO050968WZKZKX08','cbilbrooke1w@last.fm');
INSERT INTO correoencargado(curpencargado,correo) VALUES ('UVJW479416HJCJZL98','atomkin1x@nature.com');
INSERT INTO correoencargado(curpencargado,correo) VALUES ('IXNU586768QPYTZU92','eharmson1y@npr.org');
INSERT INTO correoencargado(curpencargado,correo) VALUES ('GOUR780705BIQIRB39','gwison1z@geocities.jp');
INSERT INTO correoencargado(curpencargado,correo) VALUES ('MMHK919293BBCAEP64','dbruneton20@businessinsider.com');
INSERT INTO correoencargado(curpencargado,correo) VALUES ('VRHY098233UEVNAL34','bchick21@t.co');
INSERT INTO correoencargado(curpencargado,correo) VALUES ('UIYN950628HFSGYD62','seberz22@ft.com');
INSERT INTO correoencargado(curpencargado,correo) VALUES ('ZGRB802700EYKCTI85','sfullstone23@comsenz.com');
INSERT INTO correoencargado(curpencargado,correo) VALUES ('MXWL705354DLWIPI48','melcoat24@pbs.org');
INSERT INTO correoencargado(curpencargado,correo) VALUES ('IYMB611746XHZVLO28','djandourek25@microsoft.com');
INSERT INTO correoencargado(curpencargado,correo) VALUES ('GGQA085829BUMKTL98','mrobardet26@buzzfeed.com');
INSERT INTO correoencargado(curpencargado,correo) VALUES ('CNXT842107YSVVSS75','rpitchers27@sun.com');
INSERT INTO correoencargado(curpencargado,correo) VALUES ('KXFH571954ZIXRTO77','cabrahamson28@symantec.com');
INSERT INTO correoencargado(curpencargado,correo) VALUES ('COHT288400XPNOYK00','pshilling29@mozilla.com');
INSERT INTO correoencargado(curpencargado,correo) VALUES ('HNBH781560FEYLLX97','swillerton2a@sourceforge.net');
INSERT INTO correoencargado(curpencargado,correo) VALUES ('JNZC073164URNVFE26','glarive2b@zimbio.com');
INSERT INTO correoencargado(curpencargado,correo) VALUES ('NONQ833080XRDYRE87','pcampbell2c@amazon.com');
INSERT INTO correoencargado(curpencargado,correo) VALUES ('FNSN122689TLDMTW16','wcrawcour2d@prnewswire.com');
INSERT INTO correoencargado(curpencargado,correo) VALUES ('RLCD037572ZQZDAU78','mgossart2e@yellowbook.com');
INSERT INTO correoencargado(curpencargado,correo) VALUES ('WZDZ307738PLPKCO47','rcharteris2f@trellian.com');
INSERT INTO correoencargado(curpencargado,correo) VALUES ('VYBA330011RNIDOD15','cwoollons2g@lycos.com');
INSERT INTO correoencargado(curpencargado,correo) VALUES ('CFBY404423NZVOQH17','kmadrell2h@pcworld.com');
INSERT INTO correoencargado(curpencargado,correo) VALUES ('DVVT228730KTAGOQ12','bvanyakin2i@multiply.com');
INSERT INTO correoencargado(curpencargado,correo) VALUES ('UHOU082175QWQJUA49','iduckham2j@yelp.com');
INSERT INTO correoencargado(curpencargado,correo) VALUES ('PTEI073279QIBFKC68','ccocklin2k@w3.org');
INSERT INTO correoencargado(curpencargado,correo) VALUES ('JGXM988865LPAXGO70','jtollemache2l@epa.gov');
INSERT INTO correoencargado(curpencargado,correo) VALUES ('BTBX928433XAJFDC05','lnowick2m@amazon.co.jp');
INSERT INTO correoencargado(curpencargado,correo) VALUES ('WMVE776309TCRTHN54','afranssen2n@bravesites.com');
INSERT INTO correoencargado(curpencargado,correo) VALUES ('BVOV251685SAILYB07','hdellar2o@sohu.com');
INSERT INTO correoencargado(curpencargado,correo) VALUES ('KJXT842110DQMYUJ71','glutz2p@mit.edu');
INSERT INTO correoencargado(curpencargado,correo) VALUES ('SKHR940343EGWGHT42','emackeogh2q@ed.gov');
INSERT INTO correoencargado(curpencargado,correo) VALUES ('JPHW559144GHRUHP11','ehicks2r@cocolog-nifty.com');



--Cliente 


INSERT INTO cliente(curpcliente,nombrecliente,paternocliente,maternocliente,fechanacimiento,estado,ciudad,colonia,calle,numero,codigopostal) VALUES ('GPKA488627HADGRS83','Martica','Dadson','Abramcik','2008-03-15','Guanajuato','Penjamo','Penjamo','Hanover',125,'39374');
INSERT INTO cliente(curpcliente,nombrecliente,paternocliente,maternocliente,fechanacimiento,estado,ciudad,colonia,calle,numero,codigopostal) VALUES ('XIGD036811JVNJLW94','Jobey','Keppe','Sharpling','1993-06-26','Jalisco','San Sebastian del Oeste','San Sebastian del Oeste','Moose',6,'97963');
INSERT INTO cliente(curpcliente,nombrecliente,paternocliente,maternocliente,fechanacimiento,estado,ciudad,colonia,calle,numero,codigopostal) VALUES ('UHUL639068JSTWPF88','Corilla','Marcinkowski','McAughtry','2005-09-08','Yucatan','Celestun','Celestun','Gateway',6,'84429');
INSERT INTO cliente(curpcliente,nombrecliente,paternocliente,maternocliente,fechanacimiento,estado,ciudad,colonia,calle,numero,codigopostal) VALUES ('KJSN979798JPGBGQ45','Briggs','Fink','Ruckledge','2013-05-31','Puebla','Xochitlan de Vicente Suarez','Xochitlan de Vicente Suarez','Red Cloud',230,'10810');
INSERT INTO cliente(curpcliente,nombrecliente,paternocliente,maternocliente,fechanacimiento,estado,ciudad,colonia,calle,numero,codigopostal) VALUES ('FFET304199WXZXQM98','Konstanze','Elis','McCromley','2005-12-12','Oaxaca','Santiago Ixcuintepec','Santiago Ixcuintepec','International',537,'99339');
INSERT INTO cliente(curpcliente,nombrecliente,paternocliente,maternocliente,fechanacimiento,estado,ciudad,colonia,calle,numero,codigopostal) VALUES ('LALO861773IXMSUB24','Shaughn','Thistleton','Simmans','2002-02-07','Queretaro','Landa de Matamoros','Landa de Matamoros','Cherokee',1,'00381');
INSERT INTO cliente(curpcliente,nombrecliente,paternocliente,maternocliente,fechanacimiento,estado,ciudad,colonia,calle,numero,codigopostal) VALUES ('EZLI683050XXQQLK82','Alley','Rosle','Coutthart','1985-02-22','Tamaulipas','Padilla','Nueva Villa de Padilla','Petterle',3119,'71995');
INSERT INTO cliente(curpcliente,nombrecliente,paternocliente,maternocliente,fechanacimiento,estado,ciudad,colonia,calle,numero,codigopostal) VALUES ('BRTU874106KPVJWM07','Dayle','Brawn','Rodnight','1969-05-17','Hidalgo','Tenango de Doria','Tenango de Doria','Swallow',9851,'10123');
INSERT INTO cliente(curpcliente,nombrecliente,paternocliente,maternocliente,fechanacimiento,estado,ciudad,colonia,calle,numero,codigopostal) VALUES ('GXDL261709CEUBBS19','Roselle','Sprey','Woodbridge','1969-03-23','Oaxaca','San Martin de los Cansecos','San Martin de los Cansecos','Stephen',2137,'46851');
INSERT INTO cliente(curpcliente,nombrecliente,paternocliente,maternocliente,fechanacimiento,estado,ciudad,colonia,calle,numero,codigopostal) VALUES ('CJQC211532FPHSBL79','Alene','Cawte','Stilly','1962-09-27','Oaxaca','San Ildefonso Amatlan','San Ildefonso Amatlan','Vermont',16119,'48649');
INSERT INTO cliente(curpcliente,nombrecliente,paternocliente,maternocliente,fechanacimiento,estado,ciudad,colonia,calle,numero,codigopostal) VALUES ('FQZX496968UQFCXX14','Alverta','Petteford','Harrinson','2002-03-21','Oaxaca','Nuevo Zoquiapam','Nuevo Zoquiapam','Garrison',0,'26256');
INSERT INTO cliente(curpcliente,nombrecliente,paternocliente,maternocliente,fechanacimiento,estado,ciudad,colonia,calle,numero,codigopostal) VALUES ('IGNT151967OAFYUQ95','Rodolph','Escudier','Fullstone','2012-03-07','Oaxaca','Mazatlan Villa de Flores','Mazatlan Villa de Flores','Loomis',8007,'39560');
INSERT INTO cliente(curpcliente,nombrecliente,paternocliente,maternocliente,fechanacimiento,estado,ciudad,colonia,calle,numero,codigopostal) VALUES ('GTZS450948GPGJFJ06','Alecia','Lintin','Brockest','1954-02-26','Coahuila de Zaragoza','Morelos','Morelos','Warbler',6,'40287');
INSERT INTO cliente(curpcliente,nombrecliente,paternocliente,maternocliente,fechanacimiento,estado,ciudad,colonia,calle,numero,codigopostal) VALUES ('DWIJ187539BYIJHT79','Barnett','Narrie','Dunridge','1996-12-30','Veracruz de Ignacio de la Llave','Tuxtilla','Tuxtilla','Morrow',820,'47642');
INSERT INTO cliente(curpcliente,nombrecliente,paternocliente,maternocliente,fechanacimiento,estado,ciudad,colonia,calle,numero,codigopostal) VALUES ('WCAF568517OKOTGN52','Simmonds','Runnicles','Vaadeland','1991-01-13','Campeche','Candelaria','Candelaria','Meadow Ridge',23567,'39327');
INSERT INTO cliente(curpcliente,nombrecliente,paternocliente,maternocliente,fechanacimiento,estado,ciudad,colonia,calle,numero,codigopostal) VALUES ('SBHV759108ICRZYQ12','Karen','Whyteman','Middleditch','1989-10-28','Guerrero','Huamuxtitlan','Huamuxtitlan','Clove',6219,'89813');
INSERT INTO cliente(curpcliente,nombrecliente,paternocliente,maternocliente,fechanacimiento,estado,ciudad,colonia,calle,numero,codigopostal) VALUES ('DSYJ445741UKVKGH59','Patti','Filimore','Drane','2021-02-09','Oaxaca','San Agustin Tlacotepec','San Agustin Tlacotepec','Esker',11,'68255');
INSERT INTO cliente(curpcliente,nombrecliente,paternocliente,maternocliente,fechanacimiento,estado,ciudad,colonia,calle,numero,codigopostal) VALUES ('GXXX833180SJKKBN51','Maureene','Spier','Orcas','2005-01-08','Michoacan de Ocampo','Patzcuaro','Patzcuaro','Mccormick',9411,'52887');
INSERT INTO cliente(curpcliente,nombrecliente,paternocliente,maternocliente,fechanacimiento,estado,ciudad,colonia,calle,numero,codigopostal) VALUES ('MLLH026097VGIOYB68','Ermengarde','Downgate','Grindall','2017-08-24','Tamaulipas','Llera','Llera de Canales','Troy',645,'75224');
INSERT INTO cliente(curpcliente,nombrecliente,paternocliente,maternocliente,fechanacimiento,estado,ciudad,colonia,calle,numero,codigopostal) VALUES ('BWWS372353TWYXRG66','Emmi','Pike','Coppard','1979-03-16','Michoacan de Ocampo','Angangueo','Mineral de Angangueo','Butterfield',013,'45041');
INSERT INTO cliente(curpcliente,nombrecliente,paternocliente,maternocliente,fechanacimiento,estado,ciudad,colonia,calle,numero,codigopostal) VALUES ('XEMZ346406PBHAXD40','Kimberli','Pratley','Heigold','2014-01-01','Michoacan de Ocampo','Querendaro','Querendaro','Bunting',3,'13978');
INSERT INTO cliente(curpcliente,nombrecliente,paternocliente,maternocliente,fechanacimiento,estado,ciudad,colonia,calle,numero,codigopostal) VALUES ('QUML206014YOWHYE09','Teodorico','Nickoll','Josefsson','1990-12-06','Nuevo Leon','Apodaca','Ciudad Apodaca','Aberg',31084,'14922');
INSERT INTO cliente(curpcliente,nombrecliente,paternocliente,maternocliente,fechanacimiento,estado,ciudad,colonia,calle,numero,codigopostal) VALUES ('LXTP226874KVSAEN04','Egbert','Pallaske','Lohan','1974-10-25','Oaxaca','Santa Cruz Tayata','Santa Cruz Tayata','Truax',09868,'51098');
INSERT INTO cliente(curpcliente,nombrecliente,paternocliente,maternocliente,fechanacimiento,estado,ciudad,colonia,calle,numero,codigopostal) VALUES ('OKHM364586KREQUZ83','Giorgi','Ancketill','Beeching','1975-08-15','Zacatecas','Concepcion del Oro','Concepcion del Oro','Stuart',3938,'40080');
INSERT INTO cliente(curpcliente,nombrecliente,paternocliente,maternocliente,fechanacimiento,estado,ciudad,colonia,calle,numero,codigopostal) VALUES ('KLQG132936BIENES55','Antonetta','Bartoloma','Jakolevitch','1999-06-03','Oaxaca','San Francisco Chindua','San Francisco Chindua','Goodland',94,'68929');
INSERT INTO cliente(curpcliente,nombrecliente,paternocliente,maternocliente,fechanacimiento,estado,ciudad,colonia,calle,numero,codigopostal) VALUES ('OTKL168920FWMRNX29','Torin','Wakely','Menzies','1968-08-08','Aguascalientes','Jesus Maria','Jesus Maria','Dixon',7,'63103');
INSERT INTO cliente(curpcliente,nombrecliente,paternocliente,maternocliente,fechanacimiento,estado,ciudad,colonia,calle,numero,codigopostal) VALUES ('HQWO315952PCXATP05','Karlyn','O'' Scallan','Rouf','1968-06-26','Distrito Federal','La Magdalena Contreras',NULL,'Sutherland',79429,'83944');
INSERT INTO cliente(curpcliente,nombrecliente,paternocliente,maternocliente,fechanacimiento,estado,ciudad,colonia,calle,numero,codigopostal) VALUES ('BURK542141VONLTT93','Corny','Victoria','Body','2010-02-08','Nayarit','Tepic','Tepic','Northview',077,'85554');
INSERT INTO cliente(curpcliente,nombrecliente,paternocliente,maternocliente,fechanacimiento,estado,ciudad,colonia,calle,numero,codigopostal) VALUES ('WBNT767038YRSKYO17','Albrecht','Pedley','Brimner','1995-06-08','Yucatan','Tahmek','Tahmek','Park Meadow',46,'20629');
INSERT INTO cliente(curpcliente,nombrecliente,paternocliente,maternocliente,fechanacimiento,estado,ciudad,colonia,calle,numero,codigopostal) VALUES ('UILS053341WQIOHN50','Juieta','Welbrock','Micco','1972-05-09','Jalisco','San Gabriel','San Gabriel','Merchant',2,'32405');
INSERT INTO cliente(curpcliente,nombrecliente,paternocliente,maternocliente,fechanacimiento,estado,ciudad,colonia,calle,numero,codigopostal) VALUES ('ZGIV040796AXZEZX34','Harlie','Cropp','Ivantsov','2019-07-31','Puebla','Albino Zertuche','Acaxtlahuacan de Albino Zertuche','Hoepker',9,'55080');
INSERT INTO cliente(curpcliente,nombrecliente,paternocliente,maternocliente,fechanacimiento,estado,ciudad,colonia,calle,numero,codigopostal) VALUES ('MBZX641511GGHBMO84','Romonda','Jones','Pibsworth','2005-10-23','Hidalgo','Santiago de Anaya','Santiago de Anaya','Ludington',033,'84110');
INSERT INTO cliente(curpcliente,nombrecliente,paternocliente,maternocliente,fechanacimiento,estado,ciudad,colonia,calle,numero,codigopostal) VALUES ('MRSU384739RSEYAV85','Dunc','Hegerty','Lafranconi','1955-07-21','Michoacan de Ocampo','Salvador Escalante','Santa Clara del Cobre','Grover',9,'69750');
INSERT INTO cliente(curpcliente,nombrecliente,paternocliente,maternocliente,fechanacimiento,estado,ciudad,colonia,calle,numero,codigopostal) VALUES ('LPJX372507XSJPQA04','Jermaine','Kirtley','McDavitt','1983-12-24','Oaxaca','San Ildefonso Sola','San Ildefonso Sola','Meadow Valley',9871,'18463');
INSERT INTO cliente(curpcliente,nombrecliente,paternocliente,maternocliente,fechanacimiento,estado,ciudad,colonia,calle,numero,codigopostal) VALUES ('JJMO188893PICHMI05','Ash','Aksell','Offner','1978-12-08','Yucatan','Telchac Pueblo','Telchac','Del Sol',69,'90973');
INSERT INTO cliente(curpcliente,nombrecliente,paternocliente,maternocliente,fechanacimiento,estado,ciudad,colonia,calle,numero,codigopostal) VALUES ('AAAO555557KIMVUI85','Aubrie','Vasilenko','Drake','2023-02-08','Campeche','Carmen','Ciudad del Carmen','Bonner',71,'08905');
INSERT INTO cliente(curpcliente,nombrecliente,paternocliente,maternocliente,fechanacimiento,estado,ciudad,colonia,calle,numero,codigopostal) VALUES ('LNFO765974YLWDWO15','Aurthur','Watkin','Seide','1986-03-13','Guerrero','Xochihuehuetlan','Xochihuehuetlan','Hovde',9692,'92355');
INSERT INTO cliente(curpcliente,nombrecliente,paternocliente,maternocliente,fechanacimiento,estado,ciudad,colonia,calle,numero,codigopostal) VALUES ('LAVV839244CHRDFZ95','Skye','Ivimy','Corkell','1951-10-03','San Luis Potosi','Matehuala','Matehuala','Declaration',02791,'99705');
INSERT INTO cliente(curpcliente,nombrecliente,paternocliente,maternocliente,fechanacimiento,estado,ciudad,colonia,calle,numero,codigopostal) VALUES ('RSTJ533971AKGCAG04','Samara','Klemenz','Wem','1957-11-30','Puebla','Tlachichuca','Tlachichuca','Ridge Oak',5059,'19409');
INSERT INTO cliente(curpcliente,nombrecliente,paternocliente,maternocliente,fechanacimiento,estado,ciudad,colonia,calle,numero,codigopostal) VALUES ('SYRJ455597SPRZDM09','Erwin','Sarsfield','Brogioni','1977-12-12','Nuevo Leon','Mina','Mina','Sullivan',53201,'27047');
INSERT INTO cliente(curpcliente,nombrecliente,paternocliente,maternocliente,fechanacimiento,estado,ciudad,colonia,calle,numero,codigopostal) VALUES ('ETFS193365SHMMRN81','Susanetta','Coleshill','Wiggett','2010-01-09','Tlaxcala','Apizaco','Ciudad de Apizaco','Anniversary',52,'40022');
INSERT INTO cliente(curpcliente,nombrecliente,paternocliente,maternocliente,fechanacimiento,estado,ciudad,colonia,calle,numero,codigopostal) VALUES ('MEDI908381MEQJJM78','Adolphe','Hendrich','Aggus','1995-11-02','Puebla','Teopantlan','Teopantlan','Sunfield',2,'44765');
INSERT INTO cliente(curpcliente,nombrecliente,paternocliente,maternocliente,fechanacimiento,estado,ciudad,colonia,calle,numero,codigopostal) VALUES ('OIAF441548BEEJLA28','Lizzie','Morad','O''Donohue','1970-09-06','Oaxaca','Santa Maria Huatulco','Santa Maria Huatulco','Mariners Cove',8554,'18104');
INSERT INTO cliente(curpcliente,nombrecliente,paternocliente,maternocliente,fechanacimiento,estado,ciudad,colonia,calle,numero,codigopostal) VALUES ('QRLC655284NATIBP86','Adham','Tapsell','Moan','1998-06-22','Morelos','Tepalcingo','Tepalcingo','Charing Cross',70134,'00125');
INSERT INTO cliente(curpcliente,nombrecliente,paternocliente,maternocliente,fechanacimiento,estado,ciudad,colonia,calle,numero,codigopostal) VALUES ('LLWB535642RYBBHP73','Terri','Peinke','Darcey','1969-04-13','Veracruz de Ignacio de la Llave','Pajapan','Pajapan','Farwell',869,'15825');
INSERT INTO cliente(curpcliente,nombrecliente,paternocliente,maternocliente,fechanacimiento,estado,ciudad,colonia,calle,numero,codigopostal) VALUES ('RJHF041651UJIQQF53','Wenda','Bere','Ailward','2006-01-06','Oaxaca','Santa Ana','Santa Ana','Milwaukee',83,'12625');
INSERT INTO cliente(curpcliente,nombrecliente,paternocliente,maternocliente,fechanacimiento,estado,ciudad,colonia,calle,numero,codigopostal) VALUES ('FMXG620171CXSUDC89','Rickie','Mavin','McConnel','1980-09-14','Jalisco','Cocula','Cocula','Kingsford',48,'66840');
INSERT INTO cliente(curpcliente,nombrecliente,paternocliente,maternocliente,fechanacimiento,estado,ciudad,colonia,calle,numero,codigopostal) VALUES ('XMLU421884AHCPNZ13','Joanna','Aisthorpe','Ofen','1968-04-02','Puebla','San Felipe Tepatlan','San Felipe Tepatlan','Lighthouse Bay',031,'48064');
INSERT INTO cliente(curpcliente,nombrecliente,paternocliente,maternocliente,fechanacimiento,estado,ciudad,colonia,calle,numero,codigopostal) VALUES ('GVFV093369DUZBEZ08','Stefanie','Ricco','Alliker','2010-09-20','Distrito Federal','Gustavo A. Madero',NULL,'Sutteridge',17,'48733');
INSERT INTO cliente(curpcliente,nombrecliente,paternocliente,maternocliente,fechanacimiento,estado,ciudad,colonia,calle,numero,codigopostal) VALUES ('KDBL931317PJASTL91','Lissi','Spiteri','Yelden','1998-01-01','Michoacan de Ocampo','Puruandiro','Puruandiro','Mandrake',67476,'17655');
INSERT INTO cliente(curpcliente,nombrecliente,paternocliente,maternocliente,fechanacimiento,estado,ciudad,colonia,calle,numero,codigopostal) VALUES ('CXTQ387040BTQYKG76','Lorne','Rollinshaw','Graeber','1951-12-15','Nuevo Leon','Abasolo','Abasolo','Anhalt',174,'03227');
INSERT INTO cliente(curpcliente,nombrecliente,paternocliente,maternocliente,fechanacimiento,estado,ciudad,colonia,calle,numero,codigopostal) VALUES ('EEUQ597212EEDRXJ58','Lora','Lesser','O''Rudden','1963-06-02','Chiapas','Metapa','Metapa de Dominguez','Hallows',4,'09963');
INSERT INTO cliente(curpcliente,nombrecliente,paternocliente,maternocliente,fechanacimiento,estado,ciudad,colonia,calle,numero,codigopostal) VALUES ('COHT366850IIRWDW26','Rickie','Rickets','MattiCCI','1991-06-29','Veracruz de Ignacio de la Llave','Coatzacoalcos','Coatzacoalcos','Columbus',7283,'62280');
INSERT INTO cliente(curpcliente,nombrecliente,paternocliente,maternocliente,fechanacimiento,estado,ciudad,colonia,calle,numero,codigopostal) VALUES ('PUVQ086393JHYDIG58','Bendicty','Duthie','Wrennall','1975-11-08','Oaxaca','Teococuilco de Marcos Perez','Teococuilco de Marcos Perez','Stuart',75,'80074');
INSERT INTO cliente(curpcliente,nombrecliente,paternocliente,maternocliente,fechanacimiento,estado,ciudad,colonia,calle,numero,codigopostal) VALUES ('GOHS847865EPCLND15','Barris','Milmith','Faers','1964-09-21','Chiapas','Teopisca','Teopisca','Michigan',2686,'58140');
INSERT INTO cliente(curpcliente,nombrecliente,paternocliente,maternocliente,fechanacimiento,estado,ciudad,colonia,calle,numero,codigopostal) VALUES ('GZVS252266RLHFMB99','Sheri','Hamel','Moon','1999-08-31','Aguascalientes','Asientos','Asientos','Sullivan',65645,'16587');
INSERT INTO cliente(curpcliente,nombrecliente,paternocliente,maternocliente,fechanacimiento,estado,ciudad,colonia,calle,numero,codigopostal) VALUES ('PKQA793736XUNFHK24','Alwyn','Cathery','Domerq','1954-09-10','Campeche','Calakmul','Xpujil','Stang',86894,'05137');
INSERT INTO cliente(curpcliente,nombrecliente,paternocliente,maternocliente,fechanacimiento,estado,ciudad,colonia,calle,numero,codigopostal) VALUES ('WPSN100191FQKBNS59','Merna','Freeborn','Piniur','1994-07-04','Oaxaca','San Andres Cabecera Nueva','San Andres Cabecera Nueva','Almo',5356,'44617');
INSERT INTO cliente(curpcliente,nombrecliente,paternocliente,maternocliente,fechanacimiento,estado,ciudad,colonia,calle,numero,codigopostal) VALUES ('FQJZ338681PWIOAV55','Paolina','Thackray','Bramham','1997-02-27','Mexico','Zinacantepec','San Miguel Zinacantepec','Sachs',24202,'38725');
INSERT INTO cliente(curpcliente,nombrecliente,paternocliente,maternocliente,fechanacimiento,estado,ciudad,colonia,calle,numero,codigopostal) VALUES ('DSRV409664ZYYKRD02','Gayelord','Martschik','Gilyott','2003-12-21','Chiapas','Altamirano','Altamirano','North',39,'72957');
INSERT INTO cliente(curpcliente,nombrecliente,paternocliente,maternocliente,fechanacimiento,estado,ciudad,colonia,calle,numero,codigopostal) VALUES ('JTVR650054LAOOFH47','Odette','Berthe','Piff','1963-04-09','Oaxaca','Santa Maria Tlahuitoltepec','Santa Maria Tlahuitoltepec','Lien',90,'50571');
INSERT INTO cliente(curpcliente,nombrecliente,paternocliente,maternocliente,fechanacimiento,estado,ciudad,colonia,calle,numero,codigopostal) VALUES ('RUWW225465SWGFJZ85','Ashley','Yarham','Lammert','1998-05-01','Oaxaca','San Juan Juquila Mixes','San Juan Juquila Mixes','2nd',0,'41890');
INSERT INTO cliente(curpcliente,nombrecliente,paternocliente,maternocliente,fechanacimiento,estado,ciudad,colonia,calle,numero,codigopostal) VALUES ('FZWV764323OEUNJO62','Bendix','Sandaver','Aird','2017-11-02','Oaxaca','Santa Maria Yavesia','Santa Maria Yavesia','Trailsway',64,'51620');
INSERT INTO cliente(curpcliente,nombrecliente,paternocliente,maternocliente,fechanacimiento,estado,ciudad,colonia,calle,numero,codigopostal) VALUES ('SQJD023854OODBGU35','Brietta','Vany','Jantot','2002-05-09','Chihuahua','San Francisco del Oro','San Francisco del Oro','Starling',1,'35108');
INSERT INTO cliente(curpcliente,nombrecliente,paternocliente,maternocliente,fechanacimiento,estado,ciudad,colonia,calle,numero,codigopostal) VALUES ('NSZN981513XJZQEC08','Nollie','Sweet','Janauschek','2005-09-14','Oaxaca','Santa Maria Lachixio','Santa Maria Lachixio','Hovde',7,'55782');
INSERT INTO cliente(curpcliente,nombrecliente,paternocliente,maternocliente,fechanacimiento,estado,ciudad,colonia,calle,numero,codigopostal) VALUES ('WJNR667177HYSWGG97','Boothe','Connichie','Howsden','1972-12-26','Oaxaca','Silacayoapam','Silacayoapam','Cottonwood',40711,'90305');
INSERT INTO cliente(curpcliente,nombrecliente,paternocliente,maternocliente,fechanacimiento,estado,ciudad,colonia,calle,numero,codigopostal) VALUES ('YOWK465485BABZBQ93','Bonnibelle','Ebbles','Gregoriou','2013-10-10','Jalisco','Zapotlan el Grande','Ciudad Guzman','1st',801,'31136');
INSERT INTO cliente(curpcliente,nombrecliente,paternocliente,maternocliente,fechanacimiento,estado,ciudad,colonia,calle,numero,codigopostal) VALUES ('ETYE358437ILAGPX57','Riva','Kibbel','Wheldon','1981-08-08','Oaxaca','Santa Catarina Yosonotu','Santa Catarina Yosonotu','Jackson',62188,'71091');
INSERT INTO cliente(curpcliente,nombrecliente,paternocliente,maternocliente,fechanacimiento,estado,ciudad,colonia,calle,numero,codigopostal) VALUES ('YTXU469155AXIDPE82','Agna','Pardal','Rootes','1970-02-02','Jalisco','Jalostotitlan','Jalostotitlan','Elka',19,'13823');
INSERT INTO cliente(curpcliente,nombrecliente,paternocliente,maternocliente,fechanacimiento,estado,ciudad,colonia,calle,numero,codigopostal) VALUES ('DTCU445855RDPASW35','Jaquenetta','Sherborne','Brissenden','1983-12-19','Veracruz de Ignacio de la Llave','Naranjos Amatlan','Naranjos','Stephen',5,'96732');
INSERT INTO cliente(curpcliente,nombrecliente,paternocliente,maternocliente,fechanacimiento,estado,ciudad,colonia,calle,numero,codigopostal) VALUES ('PHMX135014SHOOGI49','Marsiella','Dawidsohn','Goatcher','1972-12-31','Oaxaca','Teotongo','Teotongo','Basil',96,'40063');
INSERT INTO cliente(curpcliente,nombrecliente,paternocliente,maternocliente,fechanacimiento,estado,ciudad,colonia,calle,numero,codigopostal) VALUES ('SUGX811447UUONJM87','Ninnetta','Gooddie','Crockett','1955-01-29','Zacatecas','Cuauhtemoc','San Pedro Piedra Gorda','Stephen',002,'33284');
INSERT INTO cliente(curpcliente,nombrecliente,paternocliente,maternocliente,fechanacimiento,estado,ciudad,colonia,calle,numero,codigopostal) VALUES ('HIAX266533YBTLXP82','Jehu','Heinrici','Lewty','2002-05-13','Oaxaca','Teotitlan de Flores Magon','Teotitlan de Flores Magon','Lunder',4237,'12279');
INSERT INTO cliente(curpcliente,nombrecliente,paternocliente,maternocliente,fechanacimiento,estado,ciudad,colonia,calle,numero,codigopostal) VALUES ('VXCU703253JZWTDP18','Gunther','Baniard','Addenbrooke','1989-04-12','Oaxaca','San Sebastian Teitipac','San Sebastian Teitipac','Forest Run',65143,'82862');
INSERT INTO cliente(curpcliente,nombrecliente,paternocliente,maternocliente,fechanacimiento,estado,ciudad,colonia,calle,numero,codigopostal) VALUES ('REDH999365UHVHDY08','Travus','Bowld','Tejada','1958-07-16','Hidalgo','Singuilucan','Singuilucan','Granby',5,'31739');
INSERT INTO cliente(curpcliente,nombrecliente,paternocliente,maternocliente,fechanacimiento,estado,ciudad,colonia,calle,numero,codigopostal) VALUES ('RFOB448301EBNPXZ48','Hanny','Maypowder','McEnhill','2021-12-16','Mexico','Donato Guerra','Villa Donato Guerra','Harbort',97798,'10911');
INSERT INTO cliente(curpcliente,nombrecliente,paternocliente,maternocliente,fechanacimiento,estado,ciudad,colonia,calle,numero,codigopostal) VALUES ('PHLR923294QVMYIA87','Carri','Hartrick','Giron','2007-02-19','Puebla','Chila de la Sal','Chila de la Sal','Hudson',059,'30038');
INSERT INTO cliente(curpcliente,nombrecliente,paternocliente,maternocliente,fechanacimiento,estado,ciudad,colonia,calle,numero,codigopostal) VALUES ('ULUX144480SYVNBT40','Toni','Abelovitz','Schenfisch','1974-08-11','Puebla','San Antonio Cañada','San Antonio Cañada','Green',745,'12664');
INSERT INTO cliente(curpcliente,nombrecliente,paternocliente,maternocliente,fechanacimiento,estado,ciudad,colonia,calle,numero,codigopostal) VALUES ('QMLA666038LZYQBH25','Wes','Gue','Arndt','2002-03-21','Oaxaca','San Bartolome Ayautla','San Bartolome Ayautla','Independence',68076,'71337');
INSERT INTO cliente(curpcliente,nombrecliente,paternocliente,maternocliente,fechanacimiento,estado,ciudad,colonia,calle,numero,codigopostal) VALUES ('RSVI535305YHKQLJ89','Baxy','Willerstone','Giacomelli','1977-05-08','Veracruz de Ignacio de la Llave','Castillo de Teayo','Castillo de Teayo','Paget',0,'88938');
INSERT INTO cliente(curpcliente,nombrecliente,paternocliente,maternocliente,fechanacimiento,estado,ciudad,colonia,calle,numero,codigopostal) VALUES ('HFXR712872ATYNDY95','Katherina','Casassa','Swan','1965-09-05','Veracruz de Ignacio de la Llave','Astacinga','Astacinga','Eliot',19837,'27584');
INSERT INTO cliente(curpcliente,nombrecliente,paternocliente,maternocliente,fechanacimiento,estado,ciudad,colonia,calle,numero,codigopostal) VALUES ('WQPS433693JYUSZO23','Melisandra','Assel','Phelp','1984-11-22','Morelos','Tetela del Volcan','Tetela del Volcan','Shelley',5,'46030');
INSERT INTO cliente(curpcliente,nombrecliente,paternocliente,maternocliente,fechanacimiento,estado,ciudad,colonia,calle,numero,codigopostal) VALUES ('EFMX012050IAEEVI99','Sonny','Jeffryes','Patron','2010-09-11','Oaxaca','Santa Catarina Ixtepeji','Santa Catarina Ixtepeji','Magdeline',981,'52355');
INSERT INTO cliente(curpcliente,nombrecliente,paternocliente,maternocliente,fechanacimiento,estado,ciudad,colonia,calle,numero,codigopostal) VALUES ('YCSY647156GMOOPM74','Antony','Saynor','Canter','1951-03-15','Chiapas','Yajalon','Yajalon','Carey',46510,'85634');
INSERT INTO cliente(curpcliente,nombrecliente,paternocliente,maternocliente,fechanacimiento,estado,ciudad,colonia,calle,numero,codigopostal) VALUES ('EATX792423UTAKMW42','Lauren','Waker','Rowlatt','2010-12-26','Oaxaca','San Jose del Progreso','San Jose del Progreso','Talisman',66,'37075');
INSERT INTO cliente(curpcliente,nombrecliente,paternocliente,maternocliente,fechanacimiento,estado,ciudad,colonia,calle,numero,codigopostal) VALUES ('DIZF592348BRFICQ75','Ade','Sturdy','Glenfield','1977-10-07','Hidalgo','Pachuca de Soto','Pachuca de Soto','Kingsford',7006,'46097');
INSERT INTO cliente(curpcliente,nombrecliente,paternocliente,maternocliente,fechanacimiento,estado,ciudad,colonia,calle,numero,codigopostal) VALUES ('QJSK019043BGCOSW01','Glynis','Menlove','Billsberry','1956-11-28','Yucatan','Tekanto','Tekanto','Crescent Oaks',53,'90474');
INSERT INTO cliente(curpcliente,nombrecliente,paternocliente,maternocliente,fechanacimiento,estado,ciudad,colonia,calle,numero,codigopostal) VALUES ('NENW996076RGLGCY40','Torrence','Bateup','Haitlie','1972-12-01','Jalisco','Santa Maria del Oro','Santa Maria del Oro','Pleasure',65,'84097');
INSERT INTO cliente(curpcliente,nombrecliente,paternocliente,maternocliente,fechanacimiento,estado,ciudad,colonia,calle,numero,codigopostal) VALUES ('PEEO957562AYMTWP55','Maurizio','Kyllford','Downage','2001-06-26','Mexico','San Simon de Guerrero','San Simon de Guerrero','Loftsgordon',430,'22979');
INSERT INTO cliente(curpcliente,nombrecliente,paternocliente,maternocliente,fechanacimiento,estado,ciudad,colonia,calle,numero,codigopostal) VALUES ('UGMU775718ZHBRIS82','Tabbitha','Sewards','McSkin','1982-12-31','Oaxaca','Santo Domingo Xagacia','Santo Domingo Xagacia','Bluestem',22501,'16146');
INSERT INTO cliente(curpcliente,nombrecliente,paternocliente,maternocliente,fechanacimiento,estado,ciudad,colonia,calle,numero,codigopostal) VALUES ('KFYL228032MYMEXD35','Myrlene','Chiechio','Guite','1951-08-31','Chiapas','Tzimol','Tzimol','Oneill',8536,'55537');
INSERT INTO cliente(curpcliente,nombrecliente,paternocliente,maternocliente,fechanacimiento,estado,ciudad,colonia,calle,numero,codigopostal) VALUES ('STWX416018SHAMYO81','Joycelin','Ratledge','Amsberger','1993-02-06','Oaxaca','Santo Domingo Tomaltepec','Santo Domingo Tomaltepec','Drewry',2,'46281');
INSERT INTO cliente(curpcliente,nombrecliente,paternocliente,maternocliente,fechanacimiento,estado,ciudad,colonia,calle,numero,codigopostal) VALUES ('ZPXG815148UXXMMQ18','Abigale','Fulker','Dewfall','1957-08-09','Chiapas','Sunuapa','Sunuapa','Surrey',913,'51874');
INSERT INTO cliente(curpcliente,nombrecliente,paternocliente,maternocliente,fechanacimiento,estado,ciudad,colonia,calle,numero,codigopostal) VALUES ('ZDBP165990PNWGRL31','Roshelle','Grange','Kelsell','1983-08-23','Jalisco','Atengo','Atengo','Pleasure',456,'15789');
INSERT INTO cliente(curpcliente,nombrecliente,paternocliente,maternocliente,fechanacimiento,estado,ciudad,colonia,calle,numero,codigopostal) VALUES ('EYAM126455ZVHKTQ28','Truman','O''Kinneally','Giottoi','1974-05-07','Oaxaca','San Jeronimo Silacayoapilla','San Jeronimo Silacayoapilla','Dryden',6,'53006');
INSERT INTO cliente(curpcliente,nombrecliente,paternocliente,maternocliente,fechanacimiento,estado,ciudad,colonia,calle,numero,codigopostal) VALUES ('PJRQ876226QRVAUC92','Aurea','Kersting','Pauncefort','1995-10-05','Oaxaca','San Carlos Yautepec','San Carlos Yautepec','Alpine',94710,'39889');
INSERT INTO cliente(curpcliente,nombrecliente,paternocliente,maternocliente,fechanacimiento,estado,ciudad,colonia,calle,numero,codigopostal) VALUES ('LWYA267206DBCNOW03','Colleen','Sutty','Sextie','1971-08-02','Zacatecas','Atolinga','Atolinga','Pierstorff',3,'15483');
INSERT INTO cliente(curpcliente,nombrecliente,paternocliente,maternocliente,fechanacimiento,estado,ciudad,colonia,calle,numero,codigopostal) VALUES ('RMUQ533209ADYFSW57','Ellwood','Howsin','Ciotto','1980-05-02','Oaxaca','Santiago Llano Grande','Santiago Llano Grande','Talmadge',2,'32384');
INSERT INTO cliente(curpcliente,nombrecliente,paternocliente,maternocliente,fechanacimiento,estado,ciudad,colonia,calle,numero,codigopostal) VALUES ('BREW135808OJSPHE14','Donica','De Cristofalo','Bellow','2007-11-22','Michoacan de Ocampo','Huiramba','Huiramba','Hollow Ridge',74,'58999');
INSERT INTO cliente(curpcliente,nombrecliente,paternocliente,maternocliente,fechanacimiento,estado,ciudad,colonia,calle,numero,codigopostal) VALUES ('LPHU561031VKKLUY14','Pincus','St Clair','Meni','1981-03-15','Nuevo Leon','Anahuac','Anahuac','Judy',71,'61943');


--Telefonocliente

INSERT INTO telefonocliente(curpcliente,telefono) VALUES ('PHLR923294QVMYIA87','3564650971');
INSERT INTO telefonocliente(curpcliente,telefono) VALUES ('RJHF041651UJIQQF53','7018789026');
INSERT INTO telefonocliente(curpcliente,telefono) VALUES ('FZWV764323OEUNJO62','6941008249');
INSERT INTO telefonocliente(curpcliente,telefono) VALUES ('GVFV093369DUZBEZ08','0067766741');
INSERT INTO telefonocliente(curpcliente,telefono) VALUES ('STWX416018SHAMYO81','9634827924');
INSERT INTO telefonocliente(curpcliente,telefono) VALUES ('PJRQ876226QRVAUC92','8842037732');
INSERT INTO telefonocliente(curpcliente,telefono) VALUES ('PHLR923294QVMYIA87','2338878443');
INSERT INTO telefonocliente(curpcliente,telefono) VALUES ('WQPS433693JYUSZO23','6027140029');
INSERT INTO telefonocliente(curpcliente,telefono) VALUES ('EYAM126455ZVHKTQ28','1459811671');
INSERT INTO telefonocliente(curpcliente,telefono) VALUES ('BURK542141VONLTT93','3376961748');
INSERT INTO telefonocliente(curpcliente,telefono) VALUES ('XIGD036811JVNJLW94','6324027431');
INSERT INTO telefonocliente(curpcliente,telefono) VALUES ('PHMX135014SHOOGI49','8498036045');
INSERT INTO telefonocliente(curpcliente,telefono) VALUES ('CJQC211532FPHSBL79','8973183892');
INSERT INTO telefonocliente(curpcliente,telefono) VALUES ('DTCU445855RDPASW35','8046509701');
INSERT INTO telefonocliente(curpcliente,telefono) VALUES ('RSTJ533971AKGCAG04','1843841732');
INSERT INTO telefonocliente(curpcliente,telefono) VALUES ('MEDI908381MEQJJM78','7627581289');
INSERT INTO telefonocliente(curpcliente,telefono) VALUES ('XEMZ346406PBHAXD40','2558124687');
INSERT INTO telefonocliente(curpcliente,telefono) VALUES ('LNFO765974YLWDWO15','1076537961');
INSERT INTO telefonocliente(curpcliente,telefono) VALUES ('GOHS847865EPCLND15','2770892698');
INSERT INTO telefonocliente(curpcliente,telefono) VALUES ('RFOB448301EBNPXZ48','2015062679');
INSERT INTO telefonocliente(curpcliente,telefono) VALUES ('ETYE358437ILAGPX57','9719069739');
INSERT INTO telefonocliente(curpcliente,telefono) VALUES ('HQWO315952PCXATP05','0365233163');
INSERT INTO telefonocliente(curpcliente,telefono) VALUES ('ETFS193365SHMMRN81','7654095797');
INSERT INTO telefonocliente(curpcliente,telefono) VALUES ('STWX416018SHAMYO81','1192333086');
INSERT INTO telefonocliente(curpcliente,telefono) VALUES ('OIAF441548BEEJLA28','6857297292');
INSERT INTO telefonocliente(curpcliente,telefono) VALUES ('LPJX372507XSJPQA04','7905863244');
INSERT INTO telefonocliente(curpcliente,telefono) VALUES ('RFOB448301EBNPXZ48','7364664684');
INSERT INTO telefonocliente(curpcliente,telefono) VALUES ('PHLR923294QVMYIA87','4531433522');
INSERT INTO telefonocliente(curpcliente,telefono) VALUES ('IGNT151967OAFYUQ95','3097274443');
INSERT INTO telefonocliente(curpcliente,telefono) VALUES ('LAVV839244CHRDFZ95','2923634338');
INSERT INTO telefonocliente(curpcliente,telefono) VALUES ('RSTJ533971AKGCAG04','0213392000');
INSERT INTO telefonocliente(curpcliente,telefono) VALUES ('GVFV093369DUZBEZ08','7340777626');
INSERT INTO telefonocliente(curpcliente,telefono) VALUES ('EEUQ597212EEDRXJ58','7893945726');
INSERT INTO telefonocliente(curpcliente,telefono) VALUES ('HFXR712872ATYNDY95','4015112103');
INSERT INTO telefonocliente(curpcliente,telefono) VALUES ('RJHF041651UJIQQF53','3644900174');
INSERT INTO telefonocliente(curpcliente,telefono) VALUES ('QRLC655284NATIBP86','5944836904');
INSERT INTO telefonocliente(curpcliente,telefono) VALUES ('OIAF441548BEEJLA28','5509459141');
INSERT INTO telefonocliente(curpcliente,telefono) VALUES ('RMUQ533209ADYFSW57','8269977369');
INSERT INTO telefonocliente(curpcliente,telefono) VALUES ('GXDL261709CEUBBS19','3688924351');
INSERT INTO telefonocliente(curpcliente,telefono) VALUES ('CJQC211532FPHSBL79','7605969739');
INSERT INTO telefonocliente(curpcliente,telefono) VALUES ('DTCU445855RDPASW35','8390650089');
INSERT INTO telefonocliente(curpcliente,telefono) VALUES ('BREW135808OJSPHE14','6537824372');
INSERT INTO telefonocliente(curpcliente,telefono) VALUES ('EATX792423UTAKMW42','3607043812');
INSERT INTO telefonocliente(curpcliente,telefono) VALUES ('SUGX811447UUONJM87','5891242002');
INSERT INTO telefonocliente(curpcliente,telefono) VALUES ('WPSN100191FQKBNS59','9695232728');
INSERT INTO telefonocliente(curpcliente,telefono) VALUES ('LWYA267206DBCNOW03','3645580767');
INSERT INTO telefonocliente(curpcliente,telefono) VALUES ('EEUQ597212EEDRXJ58','7655030004');
INSERT INTO telefonocliente(curpcliente,telefono) VALUES ('GTZS450948GPGJFJ06','1568550874');
INSERT INTO telefonocliente(curpcliente,telefono) VALUES ('NENW996076RGLGCY40','1486841649');
INSERT INTO telefonocliente(curpcliente,telefono) VALUES ('LNFO765974YLWDWO15','1128961846');
INSERT INTO telefonocliente(curpcliente,telefono) VALUES ('KJSN979798JPGBGQ45','5636139769');
INSERT INTO telefonocliente(curpcliente,telefono) VALUES ('GVFV093369DUZBEZ08','1735138537');
INSERT INTO telefonocliente(curpcliente,telefono) VALUES ('FQZX496968UQFCXX14','7375113378');
INSERT INTO telefonocliente(curpcliente,telefono) VALUES ('DSRV409664ZYYKRD02','1112114920');
INSERT INTO telefonocliente(curpcliente,telefono) VALUES ('RJHF041651UJIQQF53','0197938741');
INSERT INTO telefonocliente(curpcliente,telefono) VALUES ('RUWW225465SWGFJZ85','4406628244');
INSERT INTO telefonocliente(curpcliente,telefono) VALUES ('LALO861773IXMSUB24','6018885501');
INSERT INTO telefonocliente(curpcliente,telefono) VALUES ('ETFS193365SHMMRN81','5639478180');
INSERT INTO telefonocliente(curpcliente,telefono) VALUES ('FMXG620171CXSUDC89','6298360065');
INSERT INTO telefonocliente(curpcliente,telefono) VALUES ('GXXX833180SJKKBN51','7162823450');
INSERT INTO telefonocliente(curpcliente,telefono) VALUES ('GOHS847865EPCLND15','1691653074');
INSERT INTO telefonocliente(curpcliente,telefono) VALUES ('JTVR650054LAOOFH47','7457296212');
INSERT INTO telefonocliente(curpcliente,telefono) VALUES ('RJHF041651UJIQQF53','9330860706');
INSERT INTO telefonocliente(curpcliente,telefono) VALUES ('OIAF441548BEEJLA28','0951370312');
INSERT INTO telefonocliente(curpcliente,telefono) VALUES ('YOWK465485BABZBQ93','1025974800');
INSERT INTO telefonocliente(curpcliente,telefono) VALUES ('UILS053341WQIOHN50','3015620177');
INSERT INTO telefonocliente(curpcliente,telefono) VALUES ('BRTU874106KPVJWM07','7384936183');
INSERT INTO telefonocliente(curpcliente,telefono) VALUES ('ETYE358437ILAGPX57','7125373930');
INSERT INTO telefonocliente(curpcliente,telefono) VALUES ('LNFO765974YLWDWO15','8863725291');
INSERT INTO telefonocliente(curpcliente,telefono) VALUES ('RUWW225465SWGFJZ85','0969539901');
INSERT INTO telefonocliente(curpcliente,telefono) VALUES ('ZPXG815148UXXMMQ18','8505873131');
INSERT INTO telefonocliente(curpcliente,telefono) VALUES ('DSYJ445741UKVKGH59','3882789881');
INSERT INTO telefonocliente(curpcliente,telefono) VALUES ('GZVS252266RLHFMB99','8312427804');
INSERT INTO telefonocliente(curpcliente,telefono) VALUES ('QUML206014YOWHYE09','6913298732');
INSERT INTO telefonocliente(curpcliente,telefono) VALUES ('SYRJ455597SPRZDM09','2569748641');
INSERT INTO telefonocliente(curpcliente,telefono) VALUES ('DTCU445855RDPASW35','4397968596');
INSERT INTO telefonocliente(curpcliente,telefono) VALUES ('GOHS847865EPCLND15','6779002261');
INSERT INTO telefonocliente(curpcliente,telefono) VALUES ('AAAO555557KIMVUI85','1874542926');
INSERT INTO telefonocliente(curpcliente,telefono) VALUES ('EFMX012050IAEEVI99','9083583426');
INSERT INTO telefonocliente(curpcliente,telefono) VALUES ('CJQC211532FPHSBL79','8098547713');
INSERT INTO telefonocliente(curpcliente,telefono) VALUES ('KFYL228032MYMEXD35','4037295684');
INSERT INTO telefonocliente(curpcliente,telefono) VALUES ('DIZF592348BRFICQ75','1060580714');
INSERT INTO telefonocliente(curpcliente,telefono) VALUES ('GXXX833180SJKKBN51','3525488009');
INSERT INTO telefonocliente(curpcliente,telefono) VALUES ('ETYE358437ILAGPX57','3778421705');
INSERT INTO telefonocliente(curpcliente,telefono) VALUES ('GPKA488627HADGRS83','3238569473');
INSERT INTO telefonocliente(curpcliente,telefono) VALUES ('WCAF568517OKOTGN52','5703925345');
INSERT INTO telefonocliente(curpcliente,telefono) VALUES ('KLQG132936BIENES55','3692565278');
INSERT INTO telefonocliente(curpcliente,telefono) VALUES ('CJQC211532FPHSBL79','7577863878');
INSERT INTO telefonocliente(curpcliente,telefono) VALUES ('WPSN100191FQKBNS59','0502074827');
INSERT INTO telefonocliente(curpcliente,telefono) VALUES ('JTVR650054LAOOFH47','9307725027');
INSERT INTO telefonocliente(curpcliente,telefono) VALUES ('UILS053341WQIOHN50','4385429513');
INSERT INTO telefonocliente(curpcliente,telefono) VALUES ('CJQC211532FPHSBL79','2002243885');
INSERT INTO telefonocliente(curpcliente,telefono) VALUES ('HIAX266533YBTLXP82','7709958594');
INSERT INTO telefonocliente(curpcliente,telefono) VALUES ('ZPXG815148UXXMMQ18','8825574420');
INSERT INTO telefonocliente(curpcliente,telefono) VALUES ('ULUX144480SYVNBT40','7260925211');
INSERT INTO telefonocliente(curpcliente,telefono) VALUES ('BWWS372353TWYXRG66','8941327405');
INSERT INTO telefonocliente(curpcliente,telefono) VALUES ('FQZX496968UQFCXX14','2941704773');
INSERT INTO telefonocliente(curpcliente,telefono) VALUES ('FQZX496968UQFCXX14','7685390526');
INSERT INTO telefonocliente(curpcliente,telefono) VALUES ('OTKL168920FWMRNX29','9726303162');
INSERT INTO telefonocliente(curpcliente,telefono) VALUES ('EATX792423UTAKMW42','5841588292');



--correocliente
INSERT INTO correocliente(curpcliente,correo) VALUES ('FZWV764323OEUNJO62','adannell0@is.gd');
INSERT INTO correocliente(curpcliente,correo) VALUES ('DSYJ445741UKVKGH59','psalterne1@stanford.edu');
INSERT INTO correocliente(curpcliente,correo) VALUES ('LWYA267206DBCNOW03','aredington2@yolasite.com');
INSERT INTO correocliente(curpcliente,correo) VALUES ('RMUQ533209ADYFSW57','smccambridge3@cornell.edu');
INSERT INTO correocliente(curpcliente,correo) VALUES ('WJNR667177HYSWGG97','mdillintone4@home.pl');
INSERT INTO correocliente(curpcliente,correo) VALUES ('QUML206014YOWHYE09','dlathaye5@wired.com');
INSERT INTO correocliente(curpcliente,correo) VALUES ('BREW135808OJSPHE14','dmandre6@hc360.com');
INSERT INTO correocliente(curpcliente,correo) VALUES ('RUWW225465SWGFJZ85','mashenhurst7@ustream.tv');
INSERT INTO correocliente(curpcliente,correo) VALUES ('GPKA488627HADGRS83','dalty8@cafepress.com');
INSERT INTO correocliente(curpcliente,correo) VALUES ('KJSN979798JPGBGQ45','creims9@liveinternet.ru');
INSERT INTO correocliente(curpcliente,correo) VALUES ('WBNT767038YRSKYO17','rcalveya@marriott.com');
INSERT INTO correocliente(curpcliente,correo) VALUES ('FQJZ338681PWIOAV55','msydryb@constantcontact.com');
INSERT INTO correocliente(curpcliente,correo) VALUES ('WQPS433693JYUSZO23','kblunkettc@ameblo.jp');
INSERT INTO correocliente(curpcliente,correo) VALUES ('KJSN979798JPGBGQ45','cblakemored@reddit.com');
INSERT INTO correocliente(curpcliente,correo) VALUES ('GPKA488627HADGRS83','gdunne@ucsd.edu');
INSERT INTO correocliente(curpcliente,correo) VALUES ('LAVV839244CHRDFZ95','uattenbarrowf@cdc.gov');
INSERT INTO correocliente(curpcliente,correo) VALUES ('KLQG132936BIENES55','pmacbeang@tuttocitta.it');
INSERT INTO correocliente(curpcliente,correo) VALUES ('QMLA666038LZYQBH25','druburyh@naver.com');
INSERT INTO correocliente(curpcliente,correo) VALUES ('AAAO555557KIMVUI85','mgheorghei@1und1.de');
INSERT INTO correocliente(curpcliente,correo) VALUES ('FZWV764323OEUNJO62','lbeggij@dyndns.org');
INSERT INTO correocliente(curpcliente,correo) VALUES ('COHT366850IIRWDW26','aoliffek@blogspot.com');
INSERT INTO correocliente(curpcliente,correo) VALUES ('LXTP226874KVSAEN04','kbowcockl@booking.com');
INSERT INTO correocliente(curpcliente,correo) VALUES ('FZWV764323OEUNJO62','rlillym@webs.com');
INSERT INTO correocliente(curpcliente,correo) VALUES ('VXCU703253JZWTDP18','tkelemenn@eventbrite.com');
INSERT INTO correocliente(curpcliente,correo) VALUES ('GZVS252266RLHFMB99','tpeticano@purevolume.com');
INSERT INTO correocliente(curpcliente,correo) VALUES ('EYAM126455ZVHKTQ28','elonghip@gizmodo.com');
INSERT INTO correocliente(curpcliente,correo) VALUES ('PUVQ086393JHYDIG58','dmocherq@marriott.com');
INSERT INTO correocliente(curpcliente,correo) VALUES ('EZLI683050XXQQLK82','bcromptonr@jiathis.com');
INSERT INTO correocliente(curpcliente,correo) VALUES ('XIGD036811JVNJLW94','bmyatts@oaic.gov.au');
INSERT INTO correocliente(curpcliente,correo) VALUES ('ETYE358437ILAGPX57','rhamblynt@posterous.com');
INSERT INTO correocliente(curpcliente,correo) VALUES ('KDBL931317PJASTL91','fcantopheru@wix.com');
INSERT INTO correocliente(curpcliente,correo) VALUES ('GOHS847865EPCLND15','rmarzellav@mtv.com');
INSERT INTO correocliente(curpcliente,correo) VALUES ('GOHS847865EPCLND15','otennickw@mozilla.org');
INSERT INTO correocliente(curpcliente,correo) VALUES ('ZDBP165990PNWGRL31','etesdalex@typepad.com');
INSERT INTO correocliente(curpcliente,correo) VALUES ('KLQG132936BIENES55','mmoralesy@kickstarter.com');
INSERT INTO correocliente(curpcliente,correo) VALUES ('QUML206014YOWHYE09','dharronz@google.pl');
INSERT INTO correocliente(curpcliente,correo) VALUES ('VXCU703253JZWTDP18','amcgiffie10@reuters.com');
INSERT INTO correocliente(curpcliente,correo) VALUES ('PEEO957562AYMTWP55','frilings11@jimdo.com');
INSERT INTO correocliente(curpcliente,correo) VALUES ('HIAX266533YBTLXP82','jcavalier12@i2i.jp');
INSERT INTO correocliente(curpcliente,correo) VALUES ('RMUQ533209ADYFSW57','nmyrkus13@macromedia.com');
INSERT INTO correocliente(curpcliente,correo) VALUES ('SUGX811447UUONJM87','dmaybery14@utexas.edu');
INSERT INTO correocliente(curpcliente,correo) VALUES ('COHT366850IIRWDW26','cjudron15@vistaprint.com');
INSERT INTO correocliente(curpcliente,correo) VALUES ('RMUQ533209ADYFSW57','fgreendale16@wikia.com');
INSERT INTO correocliente(curpcliente,correo) VALUES ('LPJX372507XSJPQA04','jstodit17@qq.com');
INSERT INTO correocliente(curpcliente,correo) VALUES ('LPHU561031VKKLUY14','ljobern18@nydailynews.com');
INSERT INTO correocliente(curpcliente,correo) VALUES ('DSRV409664ZYYKRD02','lpoundesford19@macromedia.com');
INSERT INTO correocliente(curpcliente,correo) VALUES ('BRTU874106KPVJWM07','lflores1a@hhs.gov');
INSERT INTO correocliente(curpcliente,correo) VALUES ('DTCU445855RDPASW35','nbeau1b@youku.com');
INSERT INTO correocliente(curpcliente,correo) VALUES ('BWWS372353TWYXRG66','cmccullough1c@utexas.edu');
INSERT INTO correocliente(curpcliente,correo) VALUES ('PEEO957562AYMTWP55','agantz1d@timesonline.co.uk');
INSERT INTO correocliente(curpcliente,correo) VALUES ('QMLA666038LZYQBH25','rmulbry1e@alexa.com');
INSERT INTO correocliente(curpcliente,correo) VALUES ('YOWK465485BABZBQ93','kflintuff1f@nymag.com');
INSERT INTO correocliente(curpcliente,correo) VALUES ('LNFO765974YLWDWO15','pschultze1g@storify.com');
INSERT INTO correocliente(curpcliente,correo) VALUES ('RMUQ533209ADYFSW57','wwillshee1h@hugedomains.com');
INSERT INTO correocliente(curpcliente,correo) VALUES ('STWX416018SHAMYO81','sanning1i@paginegialle.it');
INSERT INTO correocliente(curpcliente,correo) VALUES ('CXTQ387040BTQYKG76','clamborn1j@fotki.com');
INSERT INTO correocliente(curpcliente,correo) VALUES ('LLWB535642RYBBHP73','smccracken1k@msn.com');
INSERT INTO correocliente(curpcliente,correo) VALUES ('AAAO555557KIMVUI85','mjohansson1l@w3.org');
INSERT INTO correocliente(curpcliente,correo) VALUES ('BWWS372353TWYXRG66','asall1m@virginia.edu');
INSERT INTO correocliente(curpcliente,correo) VALUES ('RSVI535305YHKQLJ89','awastling1n@reference.com');
INSERT INTO correocliente(curpcliente,correo) VALUES ('FMXG620171CXSUDC89','bgandy1o@chron.com');
INSERT INTO correocliente(curpcliente,correo) VALUES ('LWYA267206DBCNOW03','abolle1p@hao123.com');
INSERT INTO correocliente(curpcliente,correo) VALUES ('SUGX811447UUONJM87','gsenechault1q@flickr.com');
INSERT INTO correocliente(curpcliente,correo) VALUES ('DTCU445855RDPASW35','tbuttfield1r@hexun.com');
INSERT INTO correocliente(curpcliente,correo) VALUES ('EFMX012050IAEEVI99','hmashro1s@loc.gov');
INSERT INTO correocliente(curpcliente,correo) VALUES ('ETYE358437ILAGPX57','jtrobridge1t@scientificamerican.com');
INSERT INTO correocliente(curpcliente,correo) VALUES ('SUGX811447UUONJM87','fsorrell1u@goo.ne.jp');
INSERT INTO correocliente(curpcliente,correo) VALUES ('PUVQ086393JHYDIG58','cpaszek1v@networkadvertising.org');
INSERT INTO correocliente(curpcliente,correo) VALUES ('PUVQ086393JHYDIG58','ielcom1w@creativecommons.org');
INSERT INTO correocliente(curpcliente,correo) VALUES ('EYAM126455ZVHKTQ28','tmitchelson1x@trellian.com');
INSERT INTO correocliente(curpcliente,correo) VALUES ('LXTP226874KVSAEN04','cwroughton1y@netscape.com');
INSERT INTO correocliente(curpcliente,correo) VALUES ('XIGD036811JVNJLW94','kjanca1z@bravesites.com');
INSERT INTO correocliente(curpcliente,correo) VALUES ('DWIJ187539BYIJHT79','dtansey20@imageshack.us');
INSERT INTO correocliente(curpcliente,correo) VALUES ('GVFV093369DUZBEZ08','dpedgrift21@ustream.tv');
INSERT INTO correocliente(curpcliente,correo) VALUES ('SQJD023854OODBGU35','maymeric22@quantcast.com');
INSERT INTO correocliente(curpcliente,correo) VALUES ('GXXX833180SJKKBN51','cbackshall23@wix.com');
INSERT INTO correocliente(curpcliente,correo) VALUES ('LLWB535642RYBBHP73','cbernholt24@jalbum.net');
INSERT INTO correocliente(curpcliente,correo) VALUES ('RFOB448301EBNPXZ48','bcuddy25@ca.gov');
INSERT INTO correocliente(curpcliente,correo) VALUES ('REDH999365UHVHDY08','bpaynter26@simplemachines.org');
INSERT INTO correocliente(curpcliente,correo) VALUES ('AAAO555557KIMVUI85','bliggens27@diigo.com');
INSERT INTO correocliente(curpcliente,correo) VALUES ('EZLI683050XXQQLK82','rpley28@google.fr');
INSERT INTO correocliente(curpcliente,correo) VALUES ('FZWV764323OEUNJO62','storri29@studiopress.com');
INSERT INTO correocliente(curpcliente,correo) VALUES ('HQWO315952PCXATP05','jjorioz2a@jimdo.com');
INSERT INTO correocliente(curpcliente,correo) VALUES ('QRLC655284NATIBP86','bjedrzejczak2b@ycombinator.com');
INSERT INTO correocliente(curpcliente,correo) VALUES ('ZPXG815148UXXMMQ18','rolenane2c@vistaprint.com');
INSERT INTO correocliente(curpcliente,correo) VALUES ('BWWS372353TWYXRG66','cdutt2d@skyrock.com');
INSERT INTO correocliente(curpcliente,correo) VALUES ('PJRQ876226QRVAUC92','bjerrans2e@patch.com');
INSERT INTO correocliente(curpcliente,correo) VALUES ('CJQC211532FPHSBL79','bbardell2f@canalblog.com');
INSERT INTO correocliente(curpcliente,correo) VALUES ('SQJD023854OODBGU35','wrobelet2g@i2i.jp');
INSERT INTO correocliente(curpcliente,correo) VALUES ('WPSN100191FQKBNS59','rcornell2h@uiuc.edu');
INSERT INTO correocliente(curpcliente,correo) VALUES ('ZPXG815148UXXMMQ18','latack2i@icio.us');
INSERT INTO correocliente(curpcliente,correo) VALUES ('GXDL261709CEUBBS19','dgosswell2j@constantcontact.com');
INSERT INTO correocliente(curpcliente,correo) VALUES ('LXTP226874KVSAEN04','trudland2k@google.cn');
INSERT INTO correocliente(curpcliente,correo) VALUES ('WQPS433693JYUSZO23','gevert2l@example.com');
INSERT INTO correocliente(curpcliente,correo) VALUES ('SYRJ455597SPRZDM09','ospirritt2m@adobe.com');
INSERT INTO correocliente(curpcliente,correo) VALUES ('AAAO555557KIMVUI85','tleades2n@wordpress.org');
INSERT INTO correocliente(curpcliente,correo) VALUES ('WQPS433693JYUSZO23','dacarson2o@marriott.com');
INSERT INTO correocliente(curpcliente,correo) VALUES ('CJQC211532FPHSBL79','ibumpas2p@intel.com');
INSERT INTO correocliente(curpcliente,correo) VALUES ('PJRQ876226QRVAUC92','hesilmon2q@yahoo.co.jp');
INSERT INTO correocliente(curpcliente,correo) VALUES ('RJHF041651UJIQQF53','oskeleton2r@odnoklassniki.ru');
